route_id,vehicle_type,route_type,start_x,start_y,end_x,end_y,num_cells,distance_km,avg_slope_deg,max_slope_deg,avg_rock_density,pct_high_hazard_cells,dominant_terrain,payload_kg,payload_fraction_of_max,battery_capacity_wh,total_energy_wh,energy_margin_pct,safety_score,mission_success
0,cargo_hauler,naive,0,1,31,6,55,1.279,9.8,18.58,0.689,0.327,regolith_plain,578.8,0.965,14000.0,4336.4,69.03,0.649,1
1,swarm_builder,naive,38,49,57,8,63,1.522,10.06,28.23,0.57,0.349,regolith_plain,10.9,0.727,1200.0,2535.1,-111.26,0.642,0
2,cargo_hauler,optimized,51,17,39,48,34,0.875,7.69,19.25,0.572,0.088,regolith_plain,328.5,0.548,14000.0,2096.6,85.02,0.809,1
3,crew_transport,optimized,24,26,55,55,45,1.195,11.79,30.56,0.664,0.333,regolith_plain,216.5,0.866,9500.0,3271.2,65.57,0.656,1
4,cargo_hauler,naive,7,47,2,32,23,0.556,11.5,22.16,0.455,0.174,regolith_plain,146.4,0.244,14000.0,1188.7,91.51,0.748,1
5,swarm_builder,optimized,16,28,56,34,43,1.055,6.34,24.43,0.505,0.047,regolith_plain,13.5,0.9,1200.0,1530.3,-27.52,0.855,0
6,cargo_hauler,naive,50,52,34,46,34,0.751,11.43,25.77,0.68,0.412,regolith_plain,172.8,0.288,14000.0,2008.6,85.65,0.59,1
7,swarm_builder,naive,55,22,22,9,47,1.135,13.31,31.79,0.572,0.404,regolith_plain,14.7,0.98,1200.0,2251.5,-87.62,0.582,0
8,crew_transport,naive,15,21,35,5,61,1.415,8.89,18.83,0.668,0.148,regolith_plain,99.7,0.399,9500.0,2854.5,69.95,0.779,1
9,swarm_builder,optimized,20,52,11,20,33,0.781,9.99,17.81,0.478,0.0,regolith_plain,3.6,0.24,1200.0,951.6,20.7,0.855,1
10,swarm_builder,naive,45,8,56,49,69,1.658,10.76,26.25,0.452,0.232,regolith_plain,9.8,0.653,1200.0,2450.3,-104.19,0.73,0
11,swarm_builder,optimized,59,40,25,41,37,0.911,6.92,18.98,0.674,0.324,regolith_plain,10.2,0.68,1200.0,1554.2,-29.52,0.673,0
12,light_scout,optimized,4,59,55,55,181,3.981,20.25,27.02,0.662,0.359,regolith_plain,4.4,0.11,3500.0,6282.7,-79.51,0.614,0
13,swarm_builder,optimized,56,24,0,9,61,1.473,8.81,20.24,0.621,0.082,regolith_plain,3.6,0.24,1200.0,1902.5,-58.54,0.816,0
14,swarm_builder,naive,36,29,58,15,34,0.834,8.69,19.49,0.45,0.382,regolith_plain,2.9,0.193,1200.0,1058.8,11.77,0.613,1
15,swarm_builder,optimized,43,33,46,53,21,0.491,5.86,12.43,0.669,0.0,regolith_plain,2.6,0.173,1200.0,529.3,55.89,0.903,1
16,light_scout,optimized,0,20,36,24,181,3.965,19.37,29.88,0.671,0.785,regolith_plain,22.0,0.55,3500.0,8172.6,-133.5,0.388,0
17,cargo_hauler,naive,33,29,53,23,25,0.629,11.13,25.33,0.482,0.16,regolith_plain,90.3,0.15,14000.0,1232.2,91.2,0.756,1
18,light_scout,optimized,31,41,51,59,23,0.573,7.71,15.69,0.701,0.435,regolith_plain,36.7,0.918,3500.0,1359.3,61.16,0.585,1
19,swarm_builder,naive,22,45,46,52,33,0.781,9.51,36.13,0.65,0.182,regolith_plain,8.1,0.54,1200.0,1230.2,-2.52,0.755,0
20,cargo_hauler,optimized,2,48,24,51,25,0.604,11.94,21.67,0.445,0.08,regolith_plain,90.2,0.15,14000.0,1146.5,91.81,0.825,1
21,light_scout,naive,7,15,54,46,85,2.094,13.05,37.87,0.714,0.482,regolith_plain,36.8,0.92,3500.0,5430.0,-55.14,0.513,0
22,light_scout,naive,14,1,23,37,90,2.145,14.34,37.87,0.622,0.478,regolith_plain,7.8,0.195,3500.0,3965.7,-13.31,0.537,0
23,light_scout,naive,38,11,48,42,56,1.365,13.28,29.57,0.591,0.357,regolith_plain,33.3,0.832,3500.0,2854.8,18.43,0.622,1
24,cargo_hauler,optimized,4,13,16,50,38,0.972,9.52,18.25,0.537,0.026,regolith_plain,106.2,0.177,14000.0,1945.6,86.1,0.839,1
25,light_scout,naive,45,42,18,54,42,1.019,9.78,28.27,0.723,0.595,rock_field,26.2,0.655,3500.0,2377.1,32.08,0.466,0
26,light_scout,naive,37,54,26,27,53,1.289,12.29,34.22,0.656,0.34,regolith_plain,7.3,0.182,3500.0,2211.3,36.82,0.628,1
27,crew_transport,naive,46,46,46,9,47,1.177,9.88,22.51,0.545,0.191,regolith_plain,136.6,0.546,9500.0,2544.6,73.21,0.737,1
28,light_scout,optimized,2,22,39,10,42,1.052,9.91,22.32,0.665,0.167,regolith_plain,35.0,0.875,3500.0,2014.0,42.46,0.762,1
29,swarm_builder,naive,51,17,3,1,66,1.64,9.44,22.51,0.632,0.273,regolith_plain,10.0,0.667,1200.0,2661.9,-121.82,0.7,0
30,crew_transport,naive,6,13,31,58,93,2.254,13.29,38.42,0.613,0.269,regolith_plain,45.5,0.182,9500.0,4832.3,49.13,0.672,1
31,swarm_builder,optimized,56,45,10,47,47,1.152,10.04,21.51,0.592,0.149,regolith_plain,13.5,0.9,1200.0,1847.1,-53.92,0.787,0
32,swarm_builder,optimized,53,15,3,9,53,1.322,9.75,18.43,0.622,0.189,regolith_plain,12.4,0.827,1200.0,2189.8,-82.48,0.758,0
33,cargo_hauler,naive,49,23,32,47,40,0.962,8.7,17.18,0.675,0.325,regolith_plain,483.3,0.806,14000.0,2992.0,78.63,0.659,1
34,crew_transport,naive,38,47,3,1,84,1.975,14.11,37.87,0.694,0.524,regolith_plain,56.2,0.225,9500.0,5197.8,45.29,0.483,0
35,cargo_hauler,optimized,40,5,25,33,181,3.94,13.55,37.67,0.703,0.11,regolith_plain,84.4,0.141,14000.0,9032.8,35.48,0.76,1
36,swarm_builder,naive,52,55,46,38,35,0.821,10.5,22.63,0.719,0.343,regolith_plain,10.4,0.693,1200.0,1512.2,-26.02,0.646,0
37,swarm_builder,optimized,27,43,36,11,33,0.781,10.17,25.48,0.582,0.182,regolith_plain,14.0,0.933,1200.0,1347.7,-12.31,0.758,0
38,crew_transport,naive,2,23,46,28,69,1.667,14.12,37.11,0.632,0.377,regolith_plain,139.8,0.559,9500.0,4503.2,52.6,0.585,1
39,cargo_hauler,naive,10,12,17,55,81,2.014,11.53,36.87,0.514,0.173,regolith_plain,287.7,0.48,14000.0,5022.1,64.13,0.75,1
40,cargo_hauler,optimized,8,12,44,52,49,1.258,9.51,24.43,0.62,0.327,regolith_plain,307.5,0.512,14000.0,3268.8,76.65,0.662,1
41,cargo_hauler,naive,35,2,25,19,29,0.684,8.46,15.44,0.683,0.138,regolith_plain,238.1,0.397,14000.0,1774.9,87.32,0.775,1
42,crew_transport,optimized,59,12,58,46,36,0.866,8.34,18.86,0.402,0.028,regolith_plain,56.1,0.224,9500.0,1304.1,86.27,0.855,1
43,cargo_hauler,naive,24,39,27,13,51,1.174,19.53,35.71,0.683,0.804,regolith_plain,598.3,0.997,14000.0,5668.3,59.51,0.275,0
44,crew_transport,optimized,32,31,24,52,22,0.553,11.22,27.91,0.518,0.045,regolith_plain,230.1,0.92,9500.0,1317.6,86.13,0.82,1
45,swarm_builder,naive,48,22,28,41,53,1.264,11.03,22.23,0.517,0.113,regolith_plain,4.6,0.307,1200.0,1631.8,-35.98,0.777,0
46,swarm_builder,optimized,35,59,50,9,51,1.29,8.84,26.16,0.571,0.118,regolith_plain,8.5,0.567,1200.0,1737.9,-44.83,0.798,0
47,swarm_builder,naive,38,49,9,33,65,1.587,12.32,35.71,0.561,0.215,regolith_plain,3.5,0.233,1200.0,2162.4,-80.2,0.71,0
48,swarm_builder,optimized,10,7,52,55,67,1.668,10.0,24.34,0.69,0.194,regolith_plain,1.6,0.107,1200.0,2116.0,-76.33,0.741,0
49,cargo_hauler,naive,39,56,3,9,88,2.121,10.82,30.66,0.627,0.25,regolith_plain,598.1,0.997,14000.0,6944.7,50.4,0.693,1
50,swarm_builder,optimized,22,45,27,22,181,4.702,6.89,27.14,0.711,0.127,regolith_plain,7.4,0.493,1200.0,6767.7,-463.98,0.764,0
51,crew_transport,optimized,29,20,23,38,63,1.406,11.98,19.28,0.678,0.095,regolith_plain,193.1,0.772,9500.0,3528.3,62.86,0.778,1
52,cargo_hauler,optimized,30,5,56,17,27,0.669,12.9,24.24,0.564,0.519,regolith_plain,311.0,0.518,14000.0,1875.8,86.6,0.536,1
53,cargo_hauler,naive,0,49,11,10,65,1.578,11.09,26.0,0.537,0.062,regolith_plain,99.4,0.166,14000.0,3270.7,76.64,0.833,1
54,cargo_hauler,naive,7,55,26,8,75,1.828,10.58,23.15,0.576,0.16,regolith_plain,525.3,0.876,14000.0,5346.6,61.81,0.765,1
55,crew_transport,optimized,6,59,31,16,61,1.531,12.01,27.27,0.551,0.361,regolith_plain,103.0,0.412,9500.0,3331.5,64.93,0.625,1
56,swarm_builder,naive,52,46,18,59,61,1.473,14.94,40.96,0.642,0.246,regolith_plain,11.6,0.773,1200.0,2843.0,-136.92,0.684,0
57,cargo_hauler,optimized,2,13,55,6,56,1.423,8.23,19.55,0.605,0.071,regolith_plain,567.6,0.946,14000.0,3944.2,71.83,0.839,1
58,swarm_builder,naive,40,31,31,1,53,1.297,9.81,24.34,0.656,0.189,regolith_plain,3.4,0.227,1200.0,1806.6,-50.55,0.744,0
59,light_scout,naive,1,57,2,33,36,0.866,8.12,17.85,0.574,0.0,regolith_plain,20.9,0.522,3500.0,1211.5,65.39,0.907,1
60,swarm_builder,optimized,33,10,14,27,21,0.549,8.9,18.44,0.723,0.429,regolith_plain,11.9,0.793,1200.0,1146.8,4.43,0.565,0
61,crew_transport,naive,50,18,19,0,57,1.344,10.55,30.09,0.616,0.281,regolith_plain,164.9,0.66,9500.0,3189.6,66.43,0.703,1
62,light_scout,naive,3,24,24,35,41,1.032,16.11,35.41,0.563,0.366,regolith_plain,18.9,0.472,3500.0,2053.0,41.34,0.583,1
63,swarm_builder,optimized,20,53,13,13,42,1.002,8.06,22.12,0.524,0.0,regolith_plain,6.1,0.407,1200.0,1239.8,-3.32,0.865,0
64,crew_transport,naive,36,24,22,15,22,0.553,14.21,26.4,0.674,0.5,regolith_plain,67.5,0.27,9500.0,1317.7,86.13,0.528,1
65,cargo_hauler,optimized,20,48,29,6,46,1.132,9.95,20.3,0.606,0.348,regolith_plain,86.2,0.144,14000.0,2666.3,80.96,0.63,1
66,light_scout,optimized,15,33,25,6,28,0.673,9.3,18.44,0.637,0.321,regolith_plain,34.4,0.86,3500.0,1476.9,57.8,0.663,1
67,swarm_builder,optimized,24,47,50,34,28,0.706,7.73,22.23,0.631,0.036,regolith_plain,1.6,0.107,1200.0,834.1,30.49,0.845,1
68,light_scout,naive,49,46,14,34,42,1.019,11.74,24.43,0.613,0.381,regolith_plain,35.5,0.888,3500.0,2290.8,34.55,0.601,1
69,swarm_builder,optimized,24,39,34,24,181,3.849,5.08,21.47,0.725,0.072,regolith_plain,3.7,0.247,1200.0,4296.2,-258.02,0.882,0
70,light_scout,naive,59,21,25,3,56,1.373,11.01,26.16,0.55,0.393,regolith_plain,36.6,0.915,3500.0,2826.8,19.23,0.613,1
71,swarm_builder,naive,14,3,38,58,89,2.182,15.26,35.41,0.655,0.573,regolith_plain,2.4,0.16,1200.0,3596.2,-199.68,0.46,0
72,swarm_builder,naive,28,36,14,50,31,0.749,12.68,24.97,0.488,0.258,regolith_plain,5.5,0.367,1200.0,1024.5,14.62,0.686,1
73,swarm_builder,optimized,16,56,12,40,17,0.419,11.83,25.56,0.424,0.118,regolith_plain,14.1,0.94,1200.0,643.7,46.36,0.802,1
74,cargo_hauler,naive,20,0,44,14,34,0.834,13.88,28.11,0.667,0.471,regolith_plain,422.8,0.705,14000.0,2766.7,80.24,0.552,1
75,swarm_builder,naive,44,44,54,31,21,0.508,9.06,19.77,0.643,0.333,regolith_plain,1.9,0.127,1200.0,666.9,44.42,0.666,1
76,swarm_builder,optimized,26,49,31,26,181,4.072,16.27,27.14,0.687,0.249,regolith_plain,14.1,0.94,1200.0,7809.9,-550.82,0.701,0
77,crew_transport,naive,12,18,33,24,41,0.974,16.78,33.02,0.727,0.756,rock_field,233.7,0.935,9500.0,4140.9,56.41,0.299,0
78,crew_transport,optimized,50,0,48,59,71,1.756,6.37,16.55,0.599,0.113,regolith_plain,32.6,0.13,9500.0,2869.3,69.8,0.83,1
79,crew_transport,naive,17,57,35,2,90,2.211,13.64,35.68,0.587,0.389,regolith_plain,50.3,0.201,9500.0,4796.3,49.51,0.586,1
80,crew_transport,optimized,36,8,42,51,45,1.12,10.62,27.8,0.608,0.222,regolith_plain,175.0,0.7,9500.0,2514.8,73.53,0.736,1
81,cargo_hauler,optimized,29,10,43,44,37,0.935,8.49,26.4,0.635,0.108,regolith_plain,296.3,0.494,14000.0,2360.8,83.14,0.802,1
82,light_scout,optimized,9,33,59,45,54,1.317,8.36,20.72,0.596,0.315,regolith_plain,26.2,0.655,3500.0,2351.8,32.81,0.682,1
83,swarm_builder,optimized,48,8,36,35,30,0.746,9.29,23.17,0.566,0.233,regolith_plain,8.1,0.54,1200.0,1083.8,9.68,0.722,1
84,crew_transport,optimized,39,1,5,17,35,0.862,8.92,53.59,0.629,0.029,regolith_plain,127.6,0.51,9500.0,1643.0,82.71,0.859,1
85,cargo_hauler,optimized,57,5,35,23,29,0.693,9.94,21.56,0.54,0.276,regolith_plain,309.5,0.516,14000.0,1762.1,87.41,0.686,1
86,crew_transport,optimized,14,8,29,3,16,0.375,7.58,12.95,0.641,0.0,regolith_plain,84.2,0.337,9500.0,650.8,93.15,0.908,1
87,swarm_builder,optimized,46,39,1,17,51,1.34,10.55,24.43,0.587,0.216,regolith_plain,8.3,0.553,1200.0,1964.4,-63.7,0.732,0
88,light_scout,naive,28,1,31,36,58,1.413,14.48,42.07,0.629,0.362,regolith_plain,30.0,0.75,3500.0,3238.5,7.47,0.59,1
89,cargo_hauler,optimized,34,15,4,12,36,0.849,9.42,26.95,0.654,0.111,regolith_plain,134.7,0.224,14000.0,1861.6,86.7,0.802,1
90,crew_transport,optimized,20,31,59,1,181,4.66,8.11,31.01,0.703,0.16,regolith_plain,125.6,0.502,9500.0,10193.7,-7.3,0.744,0
91,cargo_hauler,naive,59,26,57,11,28,0.673,10.85,25.88,0.43,0.321,regolith_plain,498.2,0.83,14000.0,1896.6,86.45,0.632,1
92,swarm_builder,optimized,10,7,23,27,26,0.649,12.1,33.78,0.718,0.462,regolith_plain,11.4,0.76,1200.0,1420.0,-18.33,0.529,0
93,light_scout,naive,1,57,40,38,61,1.482,10.07,19.29,0.6,0.344,regolith_plain,33.7,0.842,3500.0,3195.0,8.71,0.63,1
94,crew_transport,naive,2,40,35,47,79,1.858,9.29,20.72,0.569,0.405,regolith_plain,218.9,0.876,9500.0,4868.3,48.75,0.611,1
95,light_scout,optimized,36,10,39,32,23,0.531,9.97,25.48,0.548,0.174,regolith_plain,33.4,0.835,3500.0,966.8,72.38,0.751,1
96,light_scout,naive,20,48,58,23,57,1.41,9.13,22.23,0.541,0.07,regolith_plain,17.3,0.432,3500.0,2113.6,39.61,0.819,1
97,swarm_builder,naive,56,15,53,55,63,1.513,10.04,26.43,0.508,0.159,regolith_plain,3.9,0.26,1200.0,1755.9,-46.32,0.79,0
98,light_scout,optimized,32,23,45,57,44,1.042,7.44,24.34,0.647,0.068,regolith_plain,8.2,0.205,3500.0,1336.3,61.82,0.85,1
99,cargo_hauler,naive,40,43,30,3,71,1.715,11.42,32.13,0.667,0.338,regolith_plain,218.4,0.364,14000.0,4755.4,66.03,0.633,1
100,swarm_builder,naive,44,51,2,12,119,2.832,13.07,37.87,0.664,0.412,regolith_plain,3.3,0.22,1200.0,4728.6,-294.05,0.561,0
101,crew_transport,optimized,0,22,49,27,54,1.333,9.62,21.25,0.568,0.167,regolith_plain,118.8,0.475,9500.0,2699.9,71.58,0.756,1
102,crew_transport,optimized,48,58,19,32,32,0.819,9.44,20.15,0.626,0.344,regolith_plain,28.9,0.116,9500.0,1508.4,84.12,0.653,1
103,crew_transport,naive,16,16,33,59,82,1.976,19.0,40.48,0.67,0.549,regolith_plain,152.5,0.61,9500.0,6923.1,27.13,0.419,0
104,crew_transport,naive,0,9,14,19,28,0.648,11.25,26.0,0.675,0.214,crater_floor,41.0,0.164,9500.0,1252.3,86.82,0.729,1
105,light_scout,optimized,41,48,21,54,25,0.596,11.95,25.4,0.643,0.2,regolith_plain,14.9,0.372,3500.0,973.4,72.19,0.745,1
106,cargo_hauler,naive,59,21,24,54,76,1.807,12.23,35.33,0.629,0.368,regolith_plain,514.7,0.858,14000.0,6689.6,52.22,0.592,1
107,cargo_hauler,optimized,18,11,2,15,17,0.403,8.55,18.2,0.687,0.118,crater_floor,262.9,0.438,14000.0,1001.4,92.85,0.806,1
108,light_scout,optimized,6,34,56,20,53,1.305,9.01,20.21,0.481,0.151,regolith_plain,21.6,0.54,3500.0,2002.9,42.77,0.775,1
109,light_scout,optimized,57,8,8,43,58,1.463,9.47,22.61,0.521,0.19,regolith_plain,23.0,0.575,3500.0,2362.5,32.5,0.747,1
110,crew_transport,optimized,41,17,48,2,16,0.358,9.38,17.73,0.519,0.375,regolith_plain,75.4,0.302,9500.0,692.1,92.71,0.647,1
111,light_scout,naive,50,39,56,57,29,0.693,9.37,19.62,0.702,0.138,regolith_plain,8.4,0.21,3500.0,1007.4,71.22,0.802,1
112,crew_transport,naive,26,52,39,35,29,0.693,13.9,41.99,0.769,0.69,rock_field,224.5,0.898,9500.0,2701.5,71.56,0.367,0
113,light_scout,optimized,56,53,17,40,41,0.999,9.22,20.3,0.645,0.22,regolith_plain,30.5,0.762,3500.0,1860.9,46.83,0.731,1
114,swarm_builder,naive,26,7,57,22,53,1.272,13.34,27.78,0.565,0.566,regolith_plain,4.5,0.3,1200.0,1882.3,-56.86,0.498,0
115,light_scout,naive,37,25,3,8,53,1.297,10.19,32.08,0.7,0.302,regolith_plain,12.4,0.31,3500.0,2361.3,32.53,0.661,1
116,light_scout,naive,11,22,55,53,102,2.385,13.21,36.65,0.685,0.5,regolith_plain,28.2,0.705,3500.0,5651.7,-61.48,0.518,0
117,cargo_hauler,naive,55,38,9,35,83,1.947,13.09,37.66,0.56,0.169,regolith_plain,569.7,0.95,14000.0,6419.6,54.15,0.722,1
118,cargo_hauler,optimized,10,22,46,4,44,1.067,9.06,21.72,0.642,0.205,regolith_plain,77.4,0.129,14000.0,2351.1,83.21,0.742,1
119,swarm_builder,optimized,7,39,22,13,32,0.786,10.08,22.23,0.591,0.219,regolith_plain,5.3,0.353,1200.0,1031.7,14.02,0.73,1
120,cargo_hauler,naive,14,5,40,54,113,2.712,13.79,36.65,0.662,0.549,regolith_plain,467.2,0.779,14000.0,10017.9,28.44,0.483,0
121,crew_transport,naive,56,22,7,17,76,1.873,11.67,26.0,0.597,0.316,regolith_plain,136.0,0.544,9500.0,4440.2,53.26,0.659,1
122,swarm_builder,optimized,45,26,9,18,39,0.959,9.52,19.29,0.649,0.179,regolith_plain,11.6,0.773,1200.0,1625.7,-35.48,0.744,0
123,light_scout,optimized,25,53,32,1,56,1.382,10.7,24.34,0.637,0.179,regolith_plain,11.4,0.285,3500.0,2092.1,40.23,0.758,1
124,crew_transport,optimized,9,14,5,59,46,1.115,8.96,19.99,0.54,0.022,regolith_plain,146.3,0.585,9500.0,2106.8,77.82,0.874,1
125,swarm_builder,optimized,55,13,53,49,37,0.902,8.52,18.09,0.487,0.135,regolith_plain,13.1,0.873,1200.0,1344.9,-12.08,0.803,0
126,crew_transport,naive,44,38,0,1,81,1.89,13.0,35.83,0.678,0.457,regolith_plain,176.2,0.705,9500.0,5858.6,38.33,0.523,1
127,crew_transport,naive,30,37,22,6,55,1.32,13.95,35.42,0.677,0.564,regolith_plain,137.0,0.548,9500.0,3939.0,58.54,0.462,0
128,cargo_hauler,naive,52,23,19,34,55,1.362,14.45,35.71,0.519,0.309,regolith_plain,467.0,0.778,14000.0,4288.3,69.37,0.637,1
129,crew_transport,optimized,1,26,25,53,28,0.739,10.85,25.95,0.546,0.25,regolith_plain,192.6,0.77,9500.0,1721.8,81.88,0.716,1
130,crew_transport,optimized,2,37,42,11,43,1.089,10.16,24.24,0.657,0.302,regolith_plain,102.5,0.41,9500.0,2652.5,72.08,0.657,1
131,cargo_hauler,naive,52,51,24,36,73,1.747,9.67,35.71,0.617,0.178,regolith_plain,468.0,0.78,14000.0,5004.1,64.26,0.752,1
132,cargo_hauler,optimized,20,59,47,32,35,0.895,9.52,27.67,0.645,0.171,regolith_plain,224.9,0.375,14000.0,2138.4,84.73,0.756,1
133,cargo_hauler,naive,34,15,50,45,55,1.279,11.1,32.13,0.698,0.455,regolith_plain,520.9,0.868,14000.0,4809.0,65.65,0.548,1
134,light_scout,naive,44,14,15,54,75,1.803,16.36,43.35,0.557,0.573,regolith_plain,12.6,0.315,3500.0,3516.2,-0.46,0.464,0
135,crew_transport,naive,52,34,10,51,64,1.542,11.99,24.97,0.588,0.312,regolith_plain,241.7,0.967,9500.0,4347.9,54.23,0.644,1
136,crew_transport,naive,34,25,24,50,37,0.911,13.72,37.46,0.564,0.189,regolith_plain,101.7,0.407,9500.0,2028.3,78.65,0.709,1
137,swarm_builder,naive,9,27,17,57,38,0.931,14.0,33.13,0.452,0.211,regolith_plain,11.6,0.773,1200.0,1505.7,-25.48,0.721,0
138,swarm_builder,optimized,57,26,26,31,36,0.957,8.81,29.25,0.544,0.139,regolith_plain,14.7,0.98,1200.0,1542.7,-28.56,0.786,0
139,light_scout,naive,5,2,11,33,42,1.019,10.3,22.12,0.617,0.071,regolith_plain,16.5,0.412,3500.0,1619.9,53.72,0.812,1
140,swarm_builder,optimized,55,18,15,17,41,0.991,7.71,16.03,0.574,0.195,regolith_plain,14.5,0.967,1200.0,1692.1,-41.01,0.74,0
141,light_scout,optimized,43,2,39,18,20,0.488,12.61,27.32,0.569,0.35,regolith_plain,34.7,0.868,3500.0,981.6,71.95,0.637,1
142,crew_transport,naive,56,29,11,7,80,1.945,10.9,34.44,0.602,0.388,regolith_plain,205.9,0.824,9500.0,5084.8,46.48,0.615,1
143,cargo_hauler,naive,4,42,50,8,77,1.885,14.72,35.42,0.563,0.481,regolith_plain,188.3,0.314,14000.0,5315.1,62.04,0.523,1
144,swarm_builder,optimized,53,14,18,55,44,1.15,8.36,20.41,0.485,0.091,regolith_plain,14.3,0.953,1200.0,1838.0,-53.17,0.804,0
145,light_scout,naive,1,56,55,15,89,2.133,13.99,37.46,0.505,0.371,regolith_plain,34.2,0.855,3500.0,4551.7,-30.05,0.606,0
146,swarm_builder,naive,6,43,44,42,58,1.405,11.6,23.48,0.562,0.328,regolith_plain,4.7,0.313,1200.0,2007.7,-67.31,0.639,0
147,light_scout,optimized,5,41,52,6,55,1.378,10.32,23.06,0.574,0.273,regolith_plain,29.6,0.74,3500.0,2707.2,22.65,0.683,1
148,swarm_builder,optimized,34,45,36,17,29,0.726,8.99,25.48,0.658,0.345,regolith_plain,7.4,0.493,1200.0,1179.8,1.68,0.638,0
149,light_scout,optimized,9,27,51,21,68,1.613,8.78,25.81,0.646,0.265,regolith_plain,5.4,0.135,3500.0,2275.6,34.98,0.701,1
150,light_scout,optimized,47,34,19,20,91,2.082,9.5,31.68,0.712,0.198,regolith_plain,32.0,0.8,3500.0,4282.9,-22.37,0.717,0
151,light_scout,optimized,34,23,15,40,181,4.312,12.58,22.24,0.708,0.221,regolith_plain,9.3,0.232,3500.0,6957.2,-98.78,0.7,0
152,light_scout,naive,56,7,42,58,73,1.78,10.33,26.86,0.609,0.37,regolith_plain,12.0,0.3,3500.0,2897.5,17.21,0.633,1
153,swarm_builder,optimized,58,4,10,9,50,1.195,7.73,30.81,0.611,0.04,regolith_plain,7.7,0.513,1200.0,1547.9,-28.99,0.859,0
154,crew_transport,naive,30,47,7,12,48,1.164,13.53,35.68,0.654,0.646,regolith_plain,61.6,0.246,9500.0,2991.1,68.51,0.424,0
155,light_scout,naive,25,8,34,55,91,2.231,11.92,40.96,0.72,0.527,regolith_plain,35.7,0.893,3500.0,6073.6,-73.53,0.478,0
156,cargo_hauler,optimized,30,36,21,58,23,0.531,10.48,28.27,0.53,0.087,regolith_plain,385.0,0.642,14000.0,1356.2,90.31,0.807,1
157,cargo_hauler,optimized,6,17,13,53,37,0.927,9.85,18.76,0.501,0.027,regolith_plain,316.0,0.527,14000.0,2130.7,84.78,0.851,1
158,crew_transport,optimized,19,55,48,30,36,0.891,7.54,22.23,0.608,0.083,regolith_plain,178.1,0.712,9500.0,2010.1,78.84,0.819,1
159,cargo_hauler,naive,48,25,35,39,47,1.094,10.4,16.7,0.521,0.128,regolith_plain,486.8,0.811,14000.0,3125.9,77.67,0.771,1
160,crew_transport,naive,17,51,33,8,80,1.978,16.13,35.0,0.609,0.487,regolith_plain,234.7,0.939,9500.0,6595.3,30.58,0.507,1
161,swarm_builder,optimized,27,39,49,57,23,0.606,6.81,15.65,0.671,0.391,regolith_plain,9.8,0.653,1200.0,1006.0,16.17,0.626,1
162,crew_transport,optimized,3,50,57,2,181,4.528,8.26,26.86,0.647,0.144,regolith_plain,174.6,0.698,9500.0,10203.8,-7.41,0.764,0
163,crew_transport,optimized,9,8,18,33,27,0.636,8.59,14.52,0.634,0.074,regolith_plain,38.5,0.154,9500.0,1102.7,88.39,0.821,1
164,light_scout,optimized,13,44,59,47,48,1.122,9.28,22.51,0.603,0.167,regolith_plain,23.6,0.59,3500.0,1849.5,47.16,0.76,1
165,crew_transport,naive,54,17,2,19,86,2.139,12.62,30.09,0.658,0.477,regolith_plain,42.6,0.17,9500.0,4512.4,52.5,0.552,1
166,crew_transport,naive,10,25,43,42,60,1.487,13.63,35.41,0.63,0.467,regolith_plain,41.7,0.167,9500.0,3473.1,63.44,0.521,1
167,cargo_hauler,naive,11,43,5,6,62,1.469,11.84,26.0,0.572,0.194,regolith_plain,364.3,0.607,14000.0,3896.7,72.17,0.735,1
168,swarm_builder,naive,38,19,11,16,46,1.074,16.13,29.32,0.702,0.587,regolith_plain,14.4,0.96,1200.0,2694.8,-124.57,0.428,0
169,cargo_hauler,naive,46,59,53,29,46,1.066,6.83,22.63,0.632,0.196,regolith_plain,454.9,0.758,14000.0,2806.1,79.96,0.778,1
170,cargo_hauler,naive,2,34,27,31,32,0.777,15.79,30.24,0.586,0.375,regolith_plain,67.7,0.113,14000.0,1935.2,86.18,0.603,1
171,light_scout,optimized,39,44,18,0,52,1.302,9.36,21.47,0.667,0.192,regolith_plain,8.1,0.202,3500.0,2003.1,42.77,0.738,1
172,cargo_hauler,optimized,33,17,1,34,40,1.012,10.04,21.06,0.671,0.3,regolith_plain,548.0,0.913,14000.0,3239.3,76.86,0.668,1
173,crew_transport,naive,21,55,52,1,85,2.02,14.66,43.84,0.572,0.341,regolith_plain,91.7,0.367,9500.0,5090.0,46.42,0.61,1
174,cargo_hauler,naive,33,38,16,56,31,0.774,11.3,22.23,0.563,0.161,regolith_plain,493.6,0.823,14000.0,2303.5,83.55,0.753,1
175,crew_transport,optimized,51,31,9,33,43,1.089,7.98,19.95,0.513,0.023,regolith_plain,119.9,0.48,9500.0,2013.8,78.8,0.856,1
176,cargo_hauler,naive,19,29,23,12,33,0.764,13.13,35.48,0.703,0.697,regolith_plain,350.6,0.584,14000.0,2736.7,80.45,0.395,0
177,swarm_builder,naive,35,29,56,18,39,0.926,8.5,21.46,0.527,0.077,regolith_plain,5.8,0.387,1200.0,1198.7,0.11,0.818,0
178,swarm_builder,optimized,50,3,4,2,47,1.16,7.25,16.16,0.612,0.106,regolith_plain,3.2,0.213,1200.0,1336.7,-11.39,0.827,0
179,cargo_hauler,optimized,9,39,21,4,36,0.882,9.49,19.56,0.572,0.083,regolith_plain,273.1,0.455,14000.0,2045.2,85.39,0.821,1
180,swarm_builder,naive,36,54,57,50,37,0.844,9.35,27.33,0.635,0.054,regolith_plain,10.8,0.72,1200.0,1224.9,-2.08,0.861,0
181,crew_transport,optimized,58,28,51,6,24,0.593,11.76,26.16,0.464,0.375,regolith_plain,242.4,0.97,9500.0,1589.1,83.27,0.619,1
182,swarm_builder,optimized,28,58,55,44,181,4.925,17.85,27.02,0.711,0.066,regolith_plain,1.8,0.12,1200.0,6502.7,-441.89,0.78,0
183,cargo_hauler,naive,24,44,58,22,58,1.413,9.75,20.29,0.493,0.034,regolith_plain,328.1,0.547,14000.0,3362.8,75.98,0.831,1
184,swarm_builder,naive,41,35,35,53,52,1.244,9.28,19.17,0.686,0.25,regolith_plain,13.4,0.893,1200.0,2235.8,-86.32,0.706,0
185,cargo_hauler,naive,1,35,27,13,43,1.089,10.52,24.89,0.645,0.186,regolith_plain,539.3,0.899,14000.0,3521.0,74.85,0.728,1
186,crew_transport,optimized,10,54,52,22,47,1.202,10.4,27.78,0.462,0.213,regolith_plain,230.0,0.92,9500.0,2864.0,69.85,0.736,1
187,swarm_builder,optimized,38,42,1,42,38,0.939,8.6,13.51,0.527,0.184,regolith_plain,13.9,0.927,1200.0,1547.3,-28.94,0.734,0
188,cargo_hauler,optimized,24,32,4,35,95,2.104,20.19,35.16,0.541,0.842,regolith_plain,277.1,0.462,14000.0,6649.3,52.5,0.336,0
189,cargo_hauler,naive,39,43,25,5,72,1.776,10.81,29.32,0.623,0.278,regolith_plain,562.9,0.938,14000.0,5762.2,58.84,0.679,1
190,light_scout,naive,21,51,3,29,38,0.931,9.09,25.7,0.527,0.079,regolith_plain,32.2,0.805,3500.0,1647.7,52.92,0.808,1
191,crew_transport,naive,39,26,41,3,37,0.894,17.7,56.63,0.546,0.459,regolith_plain,187.2,0.749,9500.0,3068.6,67.7,0.491,0
192,light_scout,optimized,10,9,9,37,29,0.684,9.4,18.31,0.576,0.034,regolith_plain,20.1,0.503,3500.0,1021.2,70.82,0.847,1
193,swarm_builder,optimized,38,37,24,11,36,0.874,9.43,21.47,0.692,0.222,regolith_plain,1.9,0.127,1200.0,1132.4,5.63,0.714,1
194,cargo_hauler,naive,53,54,55,5,81,1.94,10.6,26.38,0.507,0.16,regolith_plain,103.8,0.173,14000.0,3969.1,71.65,0.771,1
195,swarm_builder,naive,47,43,7,32,57,1.36,12.28,22.61,0.619,0.474,regolith_plain,4.9,0.327,1200.0,2117.8,-76.48,0.548,0
196,swarm_builder,optimized,42,8,1,42,71,1.789,10.81,25.27,0.672,0.38,regolith_plain,5.8,0.387,1200.0,2976.6,-148.05,0.602,0
197,cargo_hauler,naive,7,54,49,30,81,1.898,9.82,27.73,0.567,0.185,regolith_plain,155.6,0.259,14000.0,4277.5,69.45,0.746,1
198,cargo_hauler,naive,23,8,36,31,40,0.954,17.67,43.35,0.733,0.575,rock_field,525.8,0.876,14000.0,4529.7,67.64,0.405,0
199,swarm_builder,optimized,0,19,1,54,42,0.977,8.27,26.08,0.656,0.119,regolith_plain,5.1,0.34,1200.0,1225.5,-2.12,0.819,0
200,swarm_builder,naive,12,3,25,48,79,1.875,11.24,35.16,0.607,0.253,regolith_plain,6.5,0.433,1200.0,2825.2,-135.43,0.689,0
201,swarm_builder,naive,4,3,41,38,77,1.818,14.98,39.17,0.712,0.506,regolith_plain,7.2,0.48,1200.0,3751.3,-212.61,0.483,0
202,cargo_hauler,naive,36,40,18,17,50,1.146,18.64,36.8,0.692,0.78,regolith_plain,398.8,0.665,14000.0,4810.0,65.64,0.3,0
203,cargo_hauler,optimized,23,20,44,19,23,0.539,13.08,27.32,0.642,0.522,regolith_plain,496.8,0.828,14000.0,1943.5,86.12,0.5,0
204,swarm_builder,naive,9,2,17,25,33,0.797,10.12,21.68,0.673,0.212,regolith_plain,9.0,0.6,1200.0,1243.0,-3.58,0.733,0
205,light_scout,optimized,57,18,22,25,181,4.627,7.23,34.83,0.698,0.188,regolith_plain,35.6,0.89,3500.0,9578.5,-173.67,0.72,0
206,swarm_builder,optimized,9,9,48,5,40,0.995,7.26,19.55,0.586,0.075,regolith_plain,4.0,0.267,1200.0,1129.5,5.88,0.853,1
207,swarm_builder,naive,29,23,40,2,36,0.857,18.07,52.08,0.652,0.75,regolith_plain,2.0,0.133,1200.0,1488.1,-24.01,0.322,0
208,light_scout,optimized,23,15,7,23,18,0.415,9.53,16.03,0.65,0.111,regolith_plain,10.1,0.252,3500.0,617.2,82.37,0.809,1
209,cargo_hauler,optimized,4,7,45,7,44,1.059,7.69,17.34,0.611,0.045,regolith_plain,125.4,0.209,14000.0,2158.1,84.58,0.863,1
210,light_scout,naive,30,13,3,55,61,1.49,15.61,36.8,0.579,0.459,regolith_plain,33.3,0.832,3500.0,3669.2,-4.83,0.524,0
211,light_scout,optimized,39,32,45,54,23,0.573,5.6,11.99,0.633,0.0,regolith_plain,12.7,0.318,3500.0,741.3,78.82,0.903,1
212,crew_transport,naive,45,2,50,27,34,0.851,11.88,20.64,0.449,0.471,regolith_plain,91.2,0.365,9500.0,1740.0,81.68,0.558,1
213,crew_transport,optimized,53,2,50,28,27,0.661,9.79,26.16,0.532,0.222,regolith_plain,200.1,0.8,9500.0,1636.3,82.78,0.723,1
214,swarm_builder,optimized,22,33,56,21,35,0.879,11.16,34.85,0.489,0.229,regolith_plain,11.9,0.793,1200.0,1326.7,-10.56,0.716,0
215,cargo_hauler,optimized,39,9,6,46,181,4.47,11.84,23.66,0.707,0.276,regolith_plain,528.7,0.881,14000.0,14015.3,-0.11,0.673,0
216,swarm_builder,naive,38,22,16,11,30,0.696,12.54,26.95,0.662,0.5,regolith_plain,2.8,0.187,1200.0,1028.0,14.33,0.543,1
217,cargo_hauler,optimized,47,32,7,36,41,1.049,6.89,19.95,0.502,0.024,regolith_plain,353.0,0.588,14000.0,2466.7,82.38,0.856,1
218,crew_transport,naive,12,41,22,27,31,0.749,13.93,30.24,0.529,0.452,regolith_plain,222.9,0.892,9500.0,2163.4,77.23,0.564,1
219,swarm_builder,optimized,2,47,29,56,32,0.744,12.4,25.78,0.524,0.094,regolith_plain,14.5,0.967,1200.0,1189.9,0.84,0.819,0
220,cargo_hauler,naive,26,50,36,38,29,0.676,11.91,19.01,0.698,0.345,regolith_plain,410.4,0.684,14000.0,2381.8,82.99,0.594,1
221,light_scout,optimized,0,9,13,49,41,1.024,8.74,22.01,0.557,0.049,regolith_plain,31.3,0.782,3500.0,1714.8,51.01,0.841,1
222,light_scout,optimized,24,38,48,18,27,0.669,6.66,18.04,0.518,0.074,regolith_plain,21.0,0.525,3500.0,996.0,71.54,0.831,1
223,crew_transport,naive,38,5,8,40,63,1.497,14.92,35.91,0.626,0.492,regolith_plain,143.4,0.574,9500.0,4453.1,53.13,0.493,0
224,crew_transport,naive,28,1,45,44,78,1.847,11.25,34.44,0.616,0.256,regolith_plain,221.7,0.887,9500.0,4892.7,48.5,0.69,1
225,crew_transport,optimized,12,57,44,54,181,4.238,19.81,26.43,0.684,0.282,regolith_plain,205.0,0.82,9500.0,11529.9,-21.37,0.655,0
226,crew_transport,naive,13,36,34,6,74,1.775,16.89,35.48,0.63,0.541,regolith_plain,95.7,0.383,9500.0,4826.5,49.19,0.468,0
227,cargo_hauler,naive,52,27,51,0,47,1.119,13.02,27.78,0.582,0.447,regolith_plain,481.8,0.803,14000.0,3657.6,73.87,0.562,1
228,crew_transport,optimized,53,30,35,12,21,0.533,10.37,22.16,0.512,0.238,regolith_plain,146.0,0.584,9500.0,1133.2,88.07,0.72,1
229,cargo_hauler,naive,6,39,53,42,74,1.783,9.82,20.12,0.574,0.095,regolith_plain,356.2,0.594,14000.0,4431.3,68.35,0.804,1
230,light_scout,naive,15,43,49,45,54,1.3,12.78,23.93,0.611,0.444,regolith_plain,13.7,0.342,3500.0,2345.1,33.0,0.565,1
231,swarm_builder,naive,22,36,26,13,38,0.873,20.5,37.66,0.718,0.816,rock_field,3.9,0.26,1200.0,2064.5,-72.04,0.231,0
232,light_scout,optimized,9,17,9,34,18,0.439,10.08,16.64,0.556,0.0,regolith_plain,12.9,0.322,3500.0,623.5,82.19,0.862,1
233,light_scout,naive,4,3,14,33,48,1.147,9.67,21.72,0.661,0.188,regolith_plain,33.0,0.825,3500.0,2274.4,35.02,0.735,1
234,cargo_hauler,optimized,41,23,50,5,19,0.451,12.31,26.25,0.531,0.474,regolith_plain,129.3,0.216,14000.0,1056.1,92.46,0.567,1
235,light_scout,optimized,30,44,10,46,21,0.499,10.24,17.2,0.491,0.095,regolith_plain,28.9,0.722,3500.0,847.1,75.8,0.785,1
236,swarm_builder,naive,12,23,17,44,39,0.942,9.1,23.15,0.517,0.077,regolith_plain,9.9,0.66,1200.0,1326.5,-10.54,0.814,0
237,cargo_hauler,optimized,20,58,42,2,59,1.508,10.2,20.48,0.512,0.102,regolith_plain,231.9,0.386,14000.0,3470.7,75.21,0.797,1
238,crew_transport,naive,40,19,23,18,35,0.779,20.47,36.8,0.709,0.686,rock_field,39.6,0.158,9500.0,2394.0,74.8,0.296,0
239,crew_transport,optimized,44,37,12,49,39,0.959,8.65,16.99,0.638,0.179,regolith_plain,203.8,0.815,9500.0,2316.8,75.61,0.753,1
240,crew_transport,optimized,15,27,44,23,40,0.995,10.82,27.27,0.511,0.25,regolith_plain,69.2,0.277,9500.0,1884.0,80.17,0.712,1
241,crew_transport,optimized,5,5,54,13,58,1.389,7.83,24.24,0.648,0.121,regolith_plain,27.5,0.11,9500.0,2431.1,74.41,0.804,1
242,swarm_builder,optimized,50,9,29,13,23,0.581,9.12,20.17,0.586,0.13,regolith_plain,2.1,0.14,1200.0,690.0,42.5,0.783,1
243,swarm_builder,naive,19,35,45,23,51,1.182,17.98,37.66,0.565,0.412,regolith_plain,2.0,0.133,1200.0,1962.4,-63.53,0.529,0
244,light_scout,optimized,15,20,32,38,29,0.668,9.15,20.41,0.569,0.172,regolith_plain,22.3,0.558,3500.0,1134.3,67.59,0.747,1
245,swarm_builder,optimized,17,59,21,27,181,3.791,9.55,36.19,0.476,0.265,regolith_plain,11.3,0.753,1200.0,5571.8,-364.32,0.704,0
246,swarm_builder,optimized,34,6,42,33,28,0.673,10.3,27.32,0.557,0.143,regolith_plain,10.4,0.693,1200.0,1073.0,10.58,0.764,1
247,light_scout,optimized,42,28,0,23,91,2.239,9.43,25.24,0.718,0.187,crater_floor,24.8,0.62,3500.0,4314.5,-23.27,0.726,0
248,crew_transport,naive,57,14,33,19,42,1.019,12.4,34.44,0.543,0.595,regolith_plain,52.9,0.212,9500.0,2241.4,76.41,0.468,0
249,swarm_builder,optimized,28,33,41,46,20,0.471,11.44,32.58,0.692,0.4,regolith_plain,12.9,0.86,1200.0,952.3,20.64,0.587,1
250,swarm_builder,optimized,21,34,7,18,18,0.464,9.71,18.74,0.562,0.056,regolith_plain,14.1,0.94,1200.0,750.8,37.43,0.828,1
251,swarm_builder,naive,0,49,19,57,29,0.701,14.7,30.23,0.494,0.345,regolith_plain,5.1,0.34,1200.0,1029.8,14.18,0.656,1
252,light_scout,optimized,9,18,24,12,29,0.651,7.28,17.9,0.686,0.069,regolith_plain,27.2,0.68,3500.0,1087.1,68.94,0.86,1
253,light_scout,optimized,41,40,0,8,81,1.989,10.79,27.14,0.684,0.198,regolith_plain,22.3,0.558,3500.0,3656.2,-4.46,0.742,0
254,swarm_builder,optimized,49,25,54,42,18,0.415,7.69,11.63,0.532,0.0,regolith_plain,1.8,0.12,1200.0,417.7,65.19,0.901,1
255,crew_transport,naive,27,52,31,26,44,1.034,16.09,36.47,0.645,0.386,regolith_plain,139.4,0.558,9500.0,2817.5,70.34,0.571,1
256,swarm_builder,optimized,0,45,51,5,60,1.495,9.46,21.43,0.569,0.25,regolith_plain,6.5,0.433,1200.0,2187.4,-82.28,0.708,0
257,cargo_hauler,optimized,2,18,40,48,40,1.053,9.21,17.06,0.599,0.25,regolith_plain,557.8,0.93,14000.0,3180.6,77.28,0.7,1
258,swarm_builder,naive,39,8,1,45,81,1.94,13.93,37.87,0.591,0.432,regolith_plain,11.8,0.787,1200.0,3855.6,-221.3,0.557,0
259,swarm_builder,optimized,18,29,36,50,27,0.644,9.7,30.49,0.582,0.296,regolith_plain,2.5,0.167,1200.0,787.8,34.35,0.67,1
260,swarm_builder,optimized,7,14,19,58,46,1.19,8.81,26.25,0.508,0.087,regolith_plain,9.9,0.66,1200.0,1673.2,-39.43,0.819,0
261,light_scout,naive,7,36,46,11,67,1.552,17.31,35.16,0.607,0.627,regolith_plain,7.9,0.198,3500.0,3033.7,13.32,0.421,0
262,cargo_hauler,optimized,59,22,13,56,181,4.254,13.34,25.59,0.485,0.249,regolith_plain,399.1,0.665,14000.0,11614.3,17.04,0.717,1
263,light_scout,optimized,8,23,57,23,60,1.478,9.4,25.07,0.528,0.183,regolith_plain,16.0,0.4,3500.0,2228.9,36.32,0.751,1
264,swarm_builder,optimized,50,50,51,3,48,1.213,9.11,26.16,0.556,0.146,regolith_plain,10.7,0.713,1200.0,1794.0,-49.5,0.792,0
265,crew_transport,naive,19,36,53,56,62,1.493,9.64,28.54,0.663,0.484,regolith_plain,212.9,0.852,9500.0,4310.9,54.62,0.543,1
266,light_scout,naive,36,7,14,0,35,0.837,10.37,20.9,0.643,0.029,regolith_plain,17.7,0.442,3500.0,1304.9,62.72,0.861,1
267,crew_transport,naive,7,50,57,42,71,1.698,12.61,40.48,0.622,0.352,regolith_plain,86.5,0.346,9500.0,3983.0,58.07,0.627,1
268,swarm_builder,naive,1,34,11,6,43,1.022,8.35,19.91,0.681,0.14,regolith_plain,8.7,0.58,1200.0,1644.9,-37.08,0.768,0
269,cargo_hauler,naive,25,22,29,50,55,1.279,13.95,34.22,0.641,0.4,regolith_plain,390.9,0.652,14000.0,4225.8,69.82,0.584,1
270,cargo_hauler,optimized,3,31,57,25,55,1.378,7.95,19.95,0.516,0.036,regolith_plain,195.8,0.326,14000.0,2889.9,79.36,0.851,1
271,light_scout,optimized,28,26,53,8,181,4.727,22.63,25.37,0.727,1.0,regolith_plain,23.1,0.578,3500.0,10605.2,-203.01,0.265,0
272,cargo_hauler,naive,3,1,5,46,66,1.532,9.55,26.06,0.655,0.212,regolith_plain,195.3,0.326,14000.0,3876.4,72.31,0.734,1
273,cargo_hauler,naive,39,16,21,19,30,0.696,23.2,36.8,0.755,0.9,rock_field,306.7,0.511,14000.0,3470.2,75.21,0.132,0
274,cargo_hauler,optimized,42,4,2,17,42,1.035,7.81,20.17,0.666,0.095,regolith_plain,426.5,0.711,14000.0,2821.4,79.85,0.819,1
275,swarm_builder,optimized,53,45,14,5,55,1.387,9.05,21.47,0.686,0.2,regolith_plain,10.4,0.693,1200.0,2309.9,-92.49,0.747,0
276,crew_transport,optimized,30,49,4,37,27,0.686,8.79,20.12,0.497,0.185,regolith_plain,167.5,0.67,9500.0,1418.0,85.07,0.766,1
277,swarm_builder,optimized,19,12,43,0,181,4.346,6.87,13.28,0.565,0.0,regolith_plain,3.5,0.233,1200.0,4881.2,-306.77,0.909,0
278,light_scout,naive,13,2,44,24,72,1.735,9.81,26.92,0.587,0.153,regolith_plain,39.8,0.995,3500.0,3404.2,2.74,0.777,0
279,cargo_hauler,optimized,0,58,32,0,67,1.651,9.08,21.61,0.573,0.119,regolith_plain,201.3,0.336,14000.0,3670.9,73.78,0.801,1
280,light_scout,optimized,56,37,52,0,38,0.922,9.85,26.86,0.537,0.263,regolith_plain,24.4,0.61,3500.0,1592.1,54.51,0.701,1
281,swarm_builder,naive,55,54,17,39,56,1.349,10.97,35.64,0.626,0.357,regolith_plain,4.6,0.307,1200.0,1952.9,-62.74,0.634,0
282,crew_transport,naive,44,20,17,48,70,1.662,12.41,23.48,0.487,0.257,regolith_plain,84.0,0.336,9500.0,3213.4,66.17,0.69,1
283,light_scout,optimized,39,29,54,52,26,0.641,8.03,16.72,0.677,0.231,regolith_plain,39.9,0.997,3500.0,1344.5,61.59,0.721,1
284,swarm_builder,optimized,23,47,9,19,31,0.766,10.99,20.68,0.512,0.097,regolith_plain,5.3,0.353,1200.0,1009.3,15.89,0.796,1
285,cargo_hauler,optimized,37,47,3,38,35,0.871,9.94,20.72,0.535,0.286,regolith_plain,117.6,0.196,14000.0,1839.2,86.86,0.692,1
286,cargo_hauler,optimized,20,53,13,39,16,0.383,11.56,25.59,0.417,0.125,regolith_plain,517.5,0.862,14000.0,1026.1,92.67,0.777,1
287,swarm_builder,naive,42,6,32,59,72,1.768,13.01,43.99,0.626,0.444,regolith_plain,10.7,0.713,1200.0,3653.0,-204.42,0.538,0
288,crew_transport,optimized,28,43,46,6,38,0.989,9.04,19.39,0.54,0.158,regolith_plain,39.5,0.158,9500.0,1698.2,82.12,0.763,1
289,crew_transport,naive,21,18,7,32,28,0.631,14.0,27.58,0.632,0.429,regolith_plain,171.2,0.685,9500.0,1915.4,79.84,0.525,1
290,light_scout,optimized,9,35,52,8,53,1.338,9.61,23.06,0.606,0.264,regolith_plain,19.8,0.495,3500.0,2293.3,34.48,0.696,1
291,light_scout,naive,3,44,20,50,31,0.791,13.59,31.78,0.463,0.161,regolith_plain,28.4,0.71,3500.0,1374.6,60.73,0.771,1
292,light_scout,naive,37,24,8,53,58,1.463,16.23,43.79,0.568,0.379,regolith_plain,22.7,0.568,3500.0,3198.5,8.61,0.583,1
293,crew_transport,naive,34,12,9,21,49,1.192,11.03,21.33,0.659,0.143,regolith_plain,192.7,0.771,9500.0,3093.6,67.44,0.76,1
294,cargo_hauler,naive,43,45,7,59,91,2.148,16.98,43.13,0.533,0.495,regolith_plain,581.9,0.97,14000.0,8369.7,40.22,0.517,1
295,cargo_hauler,optimized,55,41,30,7,38,0.989,9.94,25.48,0.592,0.158,regolith_plain,370.1,0.617,14000.0,2613.0,81.34,0.778,1
296,light_scout,naive,51,33,56,10,56,1.407,12.18,28.23,0.527,0.464,regolith_plain,15.2,0.38,3500.0,2431.9,30.52,0.569,1
297,cargo_hauler,optimized,10,58,5,23,36,0.874,8.77,26.08,0.521,0.056,regolith_plain,177.3,0.296,14000.0,1744.1,87.54,0.863,1
298,crew_transport,naive,16,7,49,14,49,1.159,14.05,31.79,0.63,0.571,regolith_plain,115.1,0.46,9500.0,2919.0,69.27,0.5,0
299,swarm_builder,naive,40,13,57,3,29,0.684,12.91,30.91,0.638,0.414,regolith_plain,9.9,0.66,1200.0,1256.9,-4.74,0.561,0
300,cargo_hauler,naive,54,32,41,4,40,0.962,10.45,28.07,0.483,0.375,regolith_plain,590.4,0.984,14000.0,3051.4,78.2,0.62,1
301,swarm_builder,optimized,54,1,52,46,63,1.48,7.64,22.51,0.536,0.127,regolith_plain,12.1,0.807,1200.0,2218.9,-84.91,0.81,0
302,light_scout,naive,52,9,36,57,80,1.92,10.24,28.58,0.597,0.362,regolith_plain,33.7,0.842,3500.0,4047.0,-15.63,0.615,0
303,light_scout,optimized,32,49,27,19,35,0.854,8.7,21.47,0.652,0.229,regolith_plain,37.4,0.935,3500.0,1732.7,50.49,0.718,1
304,light_scout,naive,58,39,36,51,34,0.817,9.12,20.02,0.666,0.294,regolith_plain,6.6,0.165,3500.0,1204.0,65.6,0.696,1
305,crew_transport,naive,18,38,5,20,39,0.901,13.22,26.08,0.555,0.154,regolith_plain,159.5,0.638,9500.0,2136.5,77.51,0.751,1
306,light_scout,optimized,22,4,22,24,21,0.533,12.03,35.48,0.671,0.286,regolith_plain,6.8,0.17,3500.0,909.9,74.0,0.682,1
307,crew_transport,naive,59,34,8,19,75,1.762,14.28,39.17,0.614,0.293,regolith_plain,130.9,0.524,9500.0,4454.5,53.11,0.642,1
308,light_scout,optimized,57,13,38,3,181,4.288,11.86,24.0,0.581,0.017,regolith_plain,34.8,0.87,3500.0,7940.0,-126.86,0.867,0
309,cargo_hauler,naive,4,2,45,2,74,1.775,12.97,57.74,0.625,0.257,regolith_plain,191.5,0.319,14000.0,4998.1,64.3,0.681,1
310,swarm_builder,optimized,39,25,50,54,30,0.737,9.21,22.51,0.65,0.033,regolith_plain,4.7,0.313,1200.0,939.4,21.72,0.854,1
311,crew_transport,optimized,25,9,37,46,52,1.252,10.15,24.34,0.687,0.173,regolith_plain,235.4,0.942,9500.0,3484.8,63.32,0.737,1
312,crew_transport,optimized,54,26,24,10,34,0.867,9.57,22.21,0.564,0.118,regolith_plain,118.5,0.474,9500.0,1808.9,80.96,0.786,1
313,crew_transport,naive,29,12,10,15,30,0.721,10.25,20.24,0.679,0.233,regolith_plain,74.7,0.299,9500.0,1581.1,83.36,0.704,1
314,swarm_builder,optimized,12,4,40,40,43,1.072,13.36,36.8,0.663,0.395,regolith_plain,11.8,0.787,1200.0,2125.5,-77.12,0.595,0
315,cargo_hauler,naive,2,41,37,22,65,1.562,14.55,43.84,0.608,0.385,regolith_plain,367.3,0.612,14000.0,4963.3,64.55,0.6,1
316,crew_transport,optimized,9,49,0,6,54,1.317,8.83,21.25,0.63,0.204,regolith_plain,234.1,0.936,9500.0,3394.3,64.27,0.741,1
317,cargo_hauler,optimized,7,28,34,1,33,0.839,8.92,19.32,0.622,0.061,regolith_plain,490.5,0.818,14000.0,2329.0,83.36,0.841,1
318,crew_transport,naive,49,53,38,40,27,0.636,7.78,14.41,0.706,0.333,regolith_plain,99.8,0.399,9500.0,1425.8,84.99,0.667,1
319,light_scout,naive,2,48,55,26,99,2.349,11.07,20.72,0.519,0.172,regolith_plain,33.1,0.828,3500.0,4271.1,-22.03,0.757,0
320,light_scout,optimized,53,0,15,10,39,0.959,8.24,19.55,0.576,0.103,regolith_plain,27.9,0.698,3500.0,1504.8,57.01,0.826,1
321,swarm_builder,optimized,44,14,28,46,33,0.872,8.76,21.47,0.569,0.152,regolith_plain,2.7,0.18,1200.0,996.3,16.98,0.776,1
322,cargo_hauler,optimized,52,53,56,6,48,1.189,9.48,21.96,0.522,0.167,regolith_plain,136.1,0.227,14000.0,2443.7,82.54,0.774,1
323,crew_transport,optimized,38,51,12,24,32,0.819,10.17,27.27,0.597,0.312,regolith_plain,117.0,0.468,9500.0,1780.0,81.26,0.662,1
324,swarm_builder,naive,57,38,5,8,118,2.845,11.84,36.47,0.634,0.288,regolith_plain,9.0,0.6,1200.0,4775.9,-297.99,0.668,0
325,light_scout,optimized,22,43,4,6,39,0.984,8.58,20.12,0.581,0.077,regolith_plain,29.6,0.74,3500.0,1681.8,51.95,0.815,1
326,cargo_hauler,optimized,9,59,20,42,19,0.443,11.08,19.33,0.439,0.316,regolith_plain,406.3,0.677,14000.0,1122.9,91.98,0.676,1
327,crew_transport,optimized,53,26,36,21,18,0.398,7.88,15.34,0.477,0.0,regolith_plain,210.8,0.843,9500.0,852.4,91.03,0.868,1
328,crew_transport,naive,41,54,21,41,27,0.644,10.57,20.3,0.649,0.333,regolith_plain,133.1,0.532,9500.0,1544.3,83.74,0.649,1
329,light_scout,optimized,21,23,4,46,29,0.742,16.81,29.54,0.508,0.517,regolith_plain,15.5,0.388,3500.0,1293.3,63.05,0.525,1
330,swarm_builder,naive,34,13,15,22,38,0.947,14.62,31.68,0.731,0.526,regolith_plain,8.4,0.56,1200.0,2072.9,-72.74,0.474,0
331,swarm_builder,naive,28,57,57,30,50,1.22,10.7,35.64,0.614,0.24,regolith_plain,12.7,0.847,1200.0,2176.7,-81.39,0.717,0
332,light_scout,optimized,4,44,43,1,181,4.528,7.42,19.59,0.57,0.061,regolith_plain,34.5,0.862,3500.0,7908.4,-125.95,0.859,0
333,light_scout,optimized,16,7,51,0,181,4.437,6.71,11.77,0.567,0.0,regolith_plain,11.2,0.28,3500.0,5748.1,-64.23,0.91,0
334,swarm_builder,optimized,26,4,3,55,97,2.417,10.09,34.83,0.656,0.361,regolith_plain,8.4,0.56,1200.0,4388.8,-265.73,0.606,0
335,cargo_hauler,naive,54,37,25,35,42,1.019,11.2,21.52,0.603,0.31,regolith_plain,76.0,0.127,14000.0,2218.4,84.15,0.669,1
336,light_scout,optimized,46,10,38,28,19,0.459,9.71,18.43,0.558,0.263,regolith_plain,15.0,0.375,3500.0,725.3,79.28,0.69,1
337,light_scout,optimized,45,10,30,53,181,4.362,10.82,24.6,0.726,0.409,regolith_plain,17.6,0.44,3500.0,8553.1,-144.37,0.586,0
338,light_scout,optimized,24,39,34,10,33,0.814,11.16,25.48,0.591,0.273,regolith_plain,7.7,0.192,3500.0,1208.6,65.47,0.696,1
339,crew_transport,naive,47,33,21,55,48,1.164,14.82,43.13,0.723,0.688,rock_field,34.0,0.136,9500.0,3024.6,68.16,0.379,0
340,swarm_builder,optimized,3,32,25,15,26,0.649,8.1,18.62,0.658,0.154,regolith_plain,12.5,0.833,1200.0,1071.2,10.73,0.765,1
341,crew_transport,naive,56,54,42,13,72,1.685,10.27,31.79,0.6,0.222,regolith_plain,85.5,0.342,9500.0,3340.8,64.83,0.725,1
342,cargo_hauler,naive,8,8,55,18,70,1.629,13.78,36.8,0.632,0.5,regolith_plain,242.6,0.404,14000.0,5523.9,60.54,0.489,0
343,crew_transport,naive,20,21,24,0,35,0.821,12.62,35.83,0.67,0.286,regolith_plain,106.7,0.427,9500.0,2001.8,78.93,0.657,1
344,light_scout,naive,32,38,19,20,39,0.951,18.73,33.02,0.664,0.795,regolith_plain,33.3,0.832,3500.0,2847.9,18.63,0.282,0
345,light_scout,optimized,30,25,10,22,181,4.022,20.75,31.66,0.645,1.0,regolith_plain,11.4,0.285,3500.0,8102.6,-131.5,0.228,0
346,light_scout,optimized,56,16,57,38,24,0.559,9.3,18.1,0.354,0.167,regolith_plain,37.7,0.943,3500.0,927.9,73.49,0.77,1
347,swarm_builder,optimized,29,26,54,53,39,0.975,10.74,30.56,0.666,0.256,regolith_plain,11.1,0.74,1200.0,1686.8,-40.57,0.708,0
348,crew_transport,naive,16,8,47,55,94,2.249,11.45,43.35,0.69,0.34,regolith_plain,169.0,0.676,9500.0,6621.7,30.3,0.619,1
349,cargo_hauler,optimized,58,28,18,32,41,1.032,7.31,20.21,0.506,0.098,regolith_plain,571.0,0.952,14000.0,2658.9,81.01,0.817,1
350,swarm_builder,optimized,17,22,45,39,38,0.922,11.2,22.23,0.602,0.342,regolith_plain,3.8,0.253,1200.0,1278.1,-6.51,0.641,0
351,light_scout,naive,28,22,2,53,64,1.558,14.04,31.11,0.518,0.281,regolith_plain,6.7,0.168,3500.0,2450.6,29.98,0.659,1
352,cargo_hauler,naive,4,1,14,31,52,1.277,9.3,21.18,0.635,0.231,regolith_plain,229.5,0.382,14000.0,3428.9,75.51,0.704,1
353,swarm_builder,naive,28,0,55,53,98,2.412,9.19,25.81,0.604,0.143,regolith_plain,12.0,0.8,1200.0,3749.6,-212.47,0.797,0
354,crew_transport,naive,29,57,37,17,72,1.71,14.76,35.64,0.692,0.597,regolith_plain,191.7,0.767,9500.0,5452.6,42.6,0.45,0
355,swarm_builder,naive,44,20,48,58,85,2.061,9.67,27.33,0.687,0.388,regolith_plain,8.4,0.56,1200.0,3539.8,-194.98,0.612,0
356,swarm_builder,optimized,20,16,10,49,36,0.866,10.93,18.33,0.542,0.056,regolith_plain,14.6,0.973,1200.0,1498.6,-24.88,0.821,0
357,cargo_hauler,optimized,38,8,31,49,44,1.051,9.47,21.43,0.622,0.136,regolith_plain,215.4,0.359,14000.0,2471.6,82.35,0.777,1
358,crew_transport,optimized,30,12,15,26,25,0.588,8.79,16.03,0.703,0.16,regolith_plain,189.0,0.756,9500.0,1436.9,84.87,0.765,1
359,swarm_builder,naive,27,49,53,19,72,1.743,10.48,22.63,0.566,0.347,regolith_plain,14.3,0.953,1200.0,3231.0,-169.25,0.628,0
360,light_scout,optimized,2,16,12,40,26,0.641,8.53,18.33,0.551,0.0,regolith_plain,15.7,0.392,3500.0,899.4,74.3,0.864,1
361,crew_transport,naive,50,34,8,46,62,1.543,12.0,25.6,0.53,0.226,regolith_plain,76.5,0.306,9500.0,3017.2,68.24,0.71,1
362,swarm_builder,optimized,29,31,19,12,181,4.296,21.75,25.18,0.702,0.989,regolith_plain,6.0,0.4,1200.0,7726.4,-543.87,0.24,0
363,swarm_builder,optimized,2,19,9,42,24,0.584,10.72,23.32,0.534,0.083,regolith_plain,3.2,0.213,1200.0,731.1,39.07,0.806,1
364,cargo_hauler,naive,57,33,32,26,46,1.107,12.15,43.35,0.598,0.217,regolith_plain,297.6,0.496,14000.0,3182.0,77.27,0.714,1
365,cargo_hauler,naive,20,49,16,5,68,1.647,17.9,35.41,0.6,0.544,regolith_plain,297.2,0.495,14000.0,5925.6,57.67,0.455,0
366,light_scout,naive,57,8,19,15,69,1.667,12.54,27.32,0.621,0.493,regolith_plain,34.2,0.855,3500.0,3560.3,-1.72,0.545,0
367,crew_transport,optimized,12,46,30,32,181,3.915,7.97,21.68,0.41,0.105,regolith_plain,229.3,0.917,9500.0,8039.8,15.37,0.803,1
368,light_scout,naive,21,30,52,5,58,1.347,15.79,29.24,0.621,0.707,regolith_plain,21.8,0.545,3500.0,3042.7,13.07,0.39,0
369,crew_transport,naive,28,20,15,40,33,0.781,17.35,34.83,0.587,0.576,regolith_plain,166.9,0.668,9500.0,2372.5,75.03,0.441,0
370,cargo_hauler,optimized,52,15,27,6,26,0.657,9.2,23.0,0.588,0.077,regolith_plain,209.3,0.349,14000.0,1460.7,89.57,0.81,1
371,cargo_hauler,optimized,10,17,57,40,81,1.998,10.13,26.07,0.67,0.259,regolith_plain,335.2,0.559,14000.0,5663.4,59.55,0.688,1
372,swarm_builder,naive,33,32,35,50,26,0.624,11.73,23.93,0.673,0.615,regolith_plain,2.8,0.187,1200.0,1038.6,13.45,0.438,0
373,light_scout,naive,17,34,2,59,47,1.119,10.52,19.23,0.492,0.043,regolith_plain,14.3,0.358,3500.0,1522.3,56.51,0.858,1
374,crew_transport,naive,6,8,46,39,67,1.627,13.12,36.8,0.688,0.328,regolith_plain,98.9,0.396,9500.0,4295.4,54.79,0.613,1
375,cargo_hauler,optimized,59,6,53,24,19,0.476,12.63,25.33,0.562,0.684,regolith_plain,595.2,0.992,14000.0,1632.5,88.34,0.421,0
376,light_scout,naive,38,25,33,43,33,0.797,10.23,22.23,0.606,0.273,regolith_plain,18.2,0.455,3500.0,1407.7,59.78,0.674,1
377,crew_transport,naive,40,37,55,39,22,0.486,12.73,23.53,0.67,0.182,regolith_plain,218.2,0.873,9500.0,1337.1,85.93,0.736,1
378,swarm_builder,optimized,22,15,56,6,40,0.962,9.29,27.8,0.626,0.175,regolith_plain,7.7,0.513,1200.0,1433.4,-19.45,0.753,0
379,cargo_hauler,optimized,27,21,49,36,63,1.48,20.5,35.0,0.619,0.651,regolith_plain,303.2,0.505,14000.0,4743.8,66.12,0.427,0
380,light_scout,naive,56,12,38,15,26,0.616,13.36,31.79,0.568,0.731,regolith_plain,9.9,0.248,3500.0,1155.5,66.99,0.372,0
381,swarm_builder,optimized,10,50,39,32,30,0.795,7.94,22.61,0.467,0.067,regolith_plain,8.4,0.56,1200.0,1042.0,13.17,0.822,1
382,swarm_builder,naive,29,34,21,49,32,0.753,11.66,20.68,0.499,0.25,regolith_plain,13.5,0.9,1200.0,1271.7,-5.98,0.703,0
383,swarm_builder,optimized,4,58,56,59,181,3.89,20.95,28.09,0.662,0.414,regolith_plain,4.2,0.28,1200.0,5893.9,-391.16,0.579,0
384,swarm_builder,optimized,56,56,48,3,54,1.292,7.39,19.78,0.528,0.037,regolith_plain,3.5,0.233,1200.0,1446.7,-20.56,0.871,0
385,swarm_builder,optimized,16,51,33,57,181,4.163,10.68,27.73,0.723,0.182,regolith_plain,10.4,0.693,1200.0,7003.3,-483.61,0.755,0
386,light_scout,naive,38,48,13,50,47,1.111,15.12,36.13,0.581,0.34,regolith_plain,10.1,0.252,3500.0,1867.9,46.63,0.631,1
387,swarm_builder,naive,29,43,9,45,32,0.744,15.1,23.48,0.473,0.406,regolith_plain,10.0,0.667,1200.0,1191.4,0.72,0.595,0
388,cargo_hauler,optimized,28,15,50,21,23,0.573,12.4,26.95,0.545,0.478,regolith_plain,243.4,0.406,14000.0,1516.3,89.17,0.564,1
389,swarm_builder,naive,18,24,18,50,39,0.893,12.95,35.73,0.514,0.385,regolith_plain,1.8,0.12,1200.0,1176.7,1.94,0.59,0
390,swarm_builder,optimized,46,7,31,55,181,4.478,9.59,24.6,0.712,0.387,regolith_plain,13.7,0.913,1200.0,8904.9,-642.08,0.614,0
391,cargo_hauler,optimized,49,22,4,32,54,1.358,8.17,22.63,0.525,0.074,regolith_plain,84.1,0.14,14000.0,2556.2,81.74,0.82,1
392,light_scout,naive,22,21,45,35,35,0.887,18.56,39.17,0.682,0.6,regolith_plain,6.5,0.162,3500.0,1947.4,44.36,0.393,0
393,swarm_builder,optimized,27,4,27,22,181,3.857,7.16,32.08,0.731,0.431,regolith_plain,11.8,0.787,1200.0,8099.5,-574.96,0.557,0
394,light_scout,optimized,2,24,40,26,41,0.999,9.45,25.15,0.537,0.171,regolith_plain,34.9,0.872,3500.0,1808.8,48.32,0.759,1
395,swarm_builder,naive,19,18,8,50,56,1.315,17.94,36.36,0.56,0.5,regolith_plain,13.8,0.92,1200.0,3160.8,-163.4,0.476,0
396,crew_transport,naive,40,4,59,55,80,1.936,10.5,58.48,0.558,0.188,regolith_plain,158.2,0.633,9500.0,4104.3,56.8,0.748,1
397,light_scout,optimized,22,11,57,35,45,1.153,6.9,18.56,0.607,0.111,regolith_plain,28.6,0.715,3500.0,1922.1,45.08,0.812,1
398,cargo_hauler,naive,47,13,18,21,38,0.906,16.89,35.83,0.708,0.711,rock_field,531.8,0.886,14000.0,4111.2,70.63,0.315,0
399,crew_transport,optimized,59,39,5,22,59,1.433,8.11,19.28,0.614,0.153,regolith_plain,115.1,0.46,9500.0,2844.6,70.06,0.78,1
400,swarm_builder,naive,1,4,40,13,59,1.425,10.56,30.09,0.659,0.22,regolith_plain,3.6,0.24,1200.0,1942.6,-61.88,0.717,0
401,light_scout,optimized,16,39,41,18,31,0.782,10.24,25.07,0.527,0.129,regolith_plain,10.0,0.25,3500.0,1078.5,69.19,0.776,1
402,cargo_hauler,optimized,19,35,47,47,31,0.782,9.89,20.02,0.641,0.29,regolith_plain,108.4,0.181,14000.0,1851.8,86.77,0.669,1
403,crew_transport,naive,46,13,1,19,75,1.82,11.76,23.99,0.659,0.293,regolith_plain,38.1,0.152,9500.0,3574.6,62.37,0.674,1
404,swarm_builder,optimized,17,26,49,19,56,1.282,9.98,25.81,0.624,0.607,regolith_plain,12.8,0.853,1200.0,2423.0,-101.92,0.484,0
405,swarm_builder,optimized,51,31,27,33,32,0.811,6.36,27.31,0.532,0.094,regolith_plain,8.1,0.54,1200.0,1046.6,12.78,0.826,1
406,crew_transport,naive,5,56,28,1,87,2.167,8.63,17.09,0.562,0.057,regolith_plain,141.2,0.565,9500.0,4229.9,55.47,0.852,1
407,crew_transport,naive,20,40,36,25,31,0.741,20.02,37.66,0.628,0.613,regolith_plain,93.7,0.375,9500.0,2126.7,77.61,0.422,0
408,light_scout,naive,59,23,10,42,83,1.971,13.29,31.11,0.491,0.265,regolith_plain,28.4,0.71,3500.0,3926.2,-12.18,0.676,0
409,swarm_builder,naive,7,14,19,47,58,1.372,10.59,23.15,0.542,0.086,regolith_plain,14.7,0.98,1200.0,2388.4,-99.03,0.798,0
410,light_scout,optimized,2,52,19,6,47,1.16,9.63,20.72,0.535,0.149,regolith_plain,17.7,0.442,3500.0,1714.9,51.0,0.793,1
411,cargo_hauler,naive,29,36,44,55,48,1.147,9.27,16.98,0.641,0.146,regolith_plain,401.7,0.67,14000.0,3119.1,77.72,0.772,1
412,cargo_hauler,optimized,27,20,45,54,42,1.077,8.14,32.08,0.655,0.119,regolith_plain,468.3,0.78,14000.0,2959.9,78.86,0.802,1
413,swarm_builder,naive,14,41,4,20,54,1.275,10.4,22.23,0.533,0.111,regolith_plain,5.2,0.347,1200.0,1588.9,-32.41,0.796,0
414,swarm_builder,naive,28,2,58,56,110,2.602,10.61,26.93,0.619,0.218,regolith_plain,10.8,0.72,1200.0,4256.3,-254.69,0.732,0
415,crew_transport,naive,44,37,9,48,45,1.095,12.98,28.54,0.568,0.356,regolith_plain,97.0,0.388,9500.0,2542.6,73.24,0.61,1
416,light_scout,naive,36,11,23,22,35,0.829,20.99,36.8,0.746,0.771,rock_field,30.6,0.765,3500.0,2707.8,22.63,0.252,0
417,light_scout,optimized,45,24,53,57,35,0.887,7.67,19.78,0.595,0.029,regolith_plain,20.3,0.508,3500.0,1311.1,62.54,0.886,1
418,swarm_builder,naive,16,5,59,19,61,1.49,12.3,23.99,0.587,0.475,regolith_plain,9.5,0.633,1200.0,2437.7,-103.14,0.576,0
419,cargo_hauler,optimized,8,17,46,25,41,1.015,11.88,26.4,0.646,0.268,regolith_plain,561.9,0.936,14000.0,3273.3,76.62,0.685,1
420,crew_transport,naive,44,26,34,8,37,0.869,14.82,24.58,0.579,0.432,regolith_plain,211.4,0.846,9500.0,2385.8,74.89,0.579,1
421,swarm_builder,naive,39,47,8,34,45,1.079,12.74,23.48,0.573,0.422,regolith_plain,6.6,0.44,1200.0,1745.7,-45.48,0.579,0
422,light_scout,optimized,5,6,53,19,49,1.233,8.94,26.4,0.59,0.265,regolith_plain,6.4,0.16,3500.0,1741.6,50.24,0.707,1
423,crew_transport,optimized,27,7,21,55,181,3.915,8.74,34.83,0.737,0.442,regolith_plain,188.0,0.752,9500.0,12859.1,-35.36,0.538,0
424,swarm_builder,naive,38,45,27,58,38,0.831,16.01,41.16,0.698,0.421,regolith_plain,7.6,0.507,1200.0,1627.7,-35.64,0.553,0
425,swarm_builder,optimized,22,4,57,6,41,0.974,7.85,19.55,0.575,0.049,regolith_plain,10.6,0.707,1200.0,1410.5,-17.54,0.859,0
426,cargo_hauler,naive,8,3,58,44,82,2.051,12.48,35.48,0.6,0.28,regolith_plain,387.9,0.646,14000.0,6203.8,55.69,0.678,1
427,crew_transport,optimized,53,2,16,13,39,0.959,9.11,21.59,0.605,0.077,regolith_plain,186.9,0.748,9500.0,2077.1,78.14,0.832,1
428,cargo_hauler,naive,24,35,11,53,34,0.826,12.98,22.61,0.456,0.412,regolith_plain,382.8,0.638,14000.0,2163.0,84.55,0.606,1
429,swarm_builder,naive,35,27,20,15,39,0.984,14.52,35.42,0.734,0.41,regolith_plain,7.5,0.5,1200.0,1981.0,-65.08,0.548,0
430,swarm_builder,optimized,12,53,44,53,33,0.806,8.97,24.1,0.586,0.242,regolith_plain,8.2,0.547,1200.0,1111.6,7.37,0.738,1
431,light_scout,optimized,4,20,38,28,42,1.027,10.57,27.25,0.594,0.286,regolith_plain,16.2,0.405,3500.0,1650.6,52.84,0.683,1
432,light_scout,optimized,3,59,23,3,59,1.508,9.36,19.32,0.546,0.085,regolith_plain,30.3,0.758,3500.0,2520.8,27.98,0.823,1
433,light_scout,optimized,14,38,5,9,133,3.253,9.83,20.08,0.704,0.241,crater_floor,15.7,0.392,3500.0,5498.0,-57.09,0.706,0
434,swarm_builder,naive,29,6,9,40,60,1.453,12.15,30.72,0.608,0.333,regolith_plain,13.8,0.92,1200.0,2943.4,-145.28,0.619,0
435,light_scout,naive,5,2,27,39,71,1.69,13.07,36.65,0.676,0.62,rock_field,15.6,0.39,3500.0,3620.0,-3.43,0.428,0
436,swarm_builder,optimized,4,7,9,43,37,0.894,10.56,26.08,0.566,0.081,regolith_plain,8.4,0.56,1200.0,1290.1,-7.51,0.809,0
437,cargo_hauler,optimized,47,11,4,56,53,1.388,9.63,21.47,0.535,0.113,regolith_plain,425.1,0.708,14000.0,3450.3,75.36,0.795,1
438,swarm_builder,naive,34,16,28,45,45,1.071,18.87,37.66,0.655,0.644,regolith_plain,14.8,0.987,1200.0,3003.4,-150.28,0.373,0
439,light_scout,optimized,41,25,0,53,44,1.142,8.48,18.14,0.487,0.159,regolith_plain,33.2,0.83,3500.0,1882.1,46.23,0.791,1
440,cargo_hauler,optimized,25,55,22,31,181,4.288,17.34,35.33,0.532,0.602,regolith_plain,288.9,0.482,14000.0,12115.7,13.46,0.479,0
441,cargo_hauler,naive,47,52,34,15,62,1.477,9.54,25.48,0.657,0.323,regolith_plain,547.1,0.912,14000.0,4790.7,65.78,0.662,1
442,crew_transport,optimized,32,1,15,17,21,0.508,9.35,16.2,0.625,0.0,regolith_plain,49.3,0.197,9500.0,852.7,91.02,0.889,1
443,swarm_builder,naive,38,29,13,7,57,1.344,11.57,26.95,0.688,0.404,regolith_plain,9.6,0.64,1200.0,2567.4,-113.95,0.592,0
444,swarm_builder,optimized,21,23,29,42,21,0.491,14.47,28.79,0.631,0.524,regolith_plain,3.8,0.253,1200.0,760.1,36.66,0.509,1
445,cargo_hauler,optimized,19,35,24,14,26,0.608,10.87,27.27,0.631,0.308,regolith_plain,325.7,0.543,14000.0,1638.0,88.3,0.673,1
446,cargo_hauler,optimized,29,5,20,39,181,3.865,9.27,34.83,0.736,0.459,regolith_plain,331.9,0.553,14000.0,14000.8,-0.01,0.526,0
447,cargo_hauler,optimized,58,1,38,3,181,4.404,12.56,54.09,0.59,0.022,regolith_plain,563.5,0.939,14000.0,12874.9,8.04,0.859,1
448,cargo_hauler,naive,11,56,19,18,52,1.31,19.26,36.87,0.555,0.654,regolith_plain,182.2,0.304,14000.0,4367.0,68.81,0.372,0
449,crew_transport,naive,31,1,6,21,52,1.219,10.09,18.83,0.654,0.135,regolith_plain,239.4,0.958,9500.0,3086.0,67.52,0.782,1
450,light_scout,naive,31,59,0,10,87,2.051,14.65,41.99,0.606,0.356,regolith_plain,36.7,0.918,3500.0,4716.3,-34.75,0.611,0
451,light_scout,optimized,30,11,20,55,46,1.157,10.31,23.4,0.588,0.174,regolith_plain,17.8,0.445,3500.0,1843.8,47.32,0.75,1
452,light_scout,optimized,48,31,32,4,28,0.689,10.32,25.81,0.559,0.107,regolith_plain,36.7,0.918,3500.0,1262.1,63.94,0.79,1
453,swarm_builder,optimized,37,46,13,33,25,0.621,10.82,19.95,0.579,0.36,regolith_plain,1.5,0.1,1200.0,838.1,30.16,0.616,1
454,swarm_builder,naive,13,36,50,4,73,1.73,15.13,35.0,0.588,0.452,regolith_plain,10.5,0.7,1200.0,3601.0,-200.08,0.533,0
455,crew_transport,naive,47,20,14,24,46,1.132,12.98,35.91,0.657,0.5,regolith_plain,236.8,0.947,9500.0,3899.8,58.95,0.507,1
456,light_scout,optimized,25,47,53,40,30,0.746,8.4,22.23,0.672,0.133,regolith_plain,35.4,0.885,3500.0,1430.7,59.12,0.783,1
457,crew_transport,optimized,30,32,10,40,22,0.528,12.09,30.56,0.474,0.227,regolith_plain,230.9,0.924,9500.0,1308.8,86.22,0.701,1
458,crew_transport,naive,45,56,28,47,34,0.801,7.57,14.49,0.649,0.206,regolith_plain,171.4,0.686,9500.0,1842.5,80.61,0.755,1
459,crew_transport,optimized,5,43,35,59,54,1.284,18.79,35.07,0.556,0.389,regolith_plain,177.9,0.712,9500.0,3545.3,62.68,0.602,1
460,swarm_builder,optimized,48,10,11,33,134,3.348,8.55,25.81,0.704,0.313,regolith_plain,10.2,0.68,1200.0,5719.9,-376.66,0.644,0
461,light_scout,optimized,38,23,47,58,39,0.942,6.25,18.56,0.634,0.077,regolith_plain,28.1,0.702,3500.0,1517.5,56.64,0.848,1
462,crew_transport,naive,24,5,14,54,75,1.803,16.79,36.65,0.567,0.453,regolith_plain,220.8,0.883,9500.0,6171.5,35.04,0.524,1
463,light_scout,naive,43,54,51,29,40,0.962,10.44,26.21,0.623,0.275,regolith_plain,8.0,0.2,3500.0,1532.3,56.22,0.686,1
464,crew_transport,optimized,27,32,8,5,181,4.072,19.52,27.04,0.714,0.989,regolith_plain,78.6,0.314,9500.0,10143.1,-6.77,0.242,0
465,crew_transport,optimized,37,32,26,55,181,3.749,13.24,25.95,0.545,0.022,regolith_plain,227.0,0.908,9500.0,9010.4,5.15,0.861,1
466,crew_transport,optimized,39,53,18,5,54,1.342,9.67,27.27,0.621,0.278,regolith_plain,148.9,0.596,9500.0,3035.5,68.05,0.698,1
467,light_scout,naive,19,35,23,15,37,0.853,18.14,36.8,0.677,0.73,regolith_plain,29.8,0.745,3500.0,2230.6,36.27,0.349,0
468,cargo_hauler,optimized,51,45,23,38,29,0.734,9.98,17.3,0.692,0.276,regolith_plain,196.4,0.327,14000.0,1861.7,86.7,0.679,1
469,cargo_hauler,optimized,58,15,9,56,57,1.451,11.02,25.59,0.443,0.158,regolith_plain,209.8,0.35,14000.0,3245.4,76.82,0.754,1
470,light_scout,naive,20,46,49,23,55,1.345,9.97,22.63,0.494,0.055,regolith_plain,4.3,0.108,3500.0,1693.3,51.62,0.816,1
471,cargo_hauler,naive,58,3,6,18,82,2.034,12.77,53.93,0.622,0.244,regolith_plain,383.0,0.638,14000.0,5818.8,58.44,0.7,1
472,crew_transport,optimized,28,2,58,26,34,0.867,9.82,24.43,0.536,0.147,regolith_plain,64.4,0.258,9500.0,1614.4,83.01,0.772,1
473,crew_transport,optimized,6,48,39,56,181,3.998,20.59,27.02,0.665,0.376,regolith_plain,174.8,0.699,9500.0,11115.5,-17.01,0.601,0
474,crew_transport,naive,17,34,37,33,25,0.555,20.14,34.44,0.606,0.6,regolith_plain,141.9,0.568,9500.0,1798.5,81.07,0.424,0
475,swarm_builder,optimized,34,44,23,16,37,0.877,10.25,27.14,0.663,0.297,regolith_plain,13.4,0.893,1200.0,1752.8,-46.07,0.658,0
476,swarm_builder,naive,3,26,57,18,70,1.687,13.42,43.79,0.585,0.443,regolith_plain,9.9,0.66,1200.0,3306.5,-175.54,0.541,0
477,light_scout,naive,43,47,16,27,37,0.927,16.83,37.11,0.671,0.649,regolith_plain,4.9,0.123,3500.0,1983.6,43.33,0.385,0
478,crew_transport,optimized,10,2,27,51,78,1.83,10.39,19.95,0.652,0.103,regolith_plain,108.1,0.432,9500.0,3817.6,59.81,0.799,1
479,crew_transport,optimized,19,23,55,6,44,1.075,9.32,27.49,0.632,0.205,regolith_plain,243.8,0.975,9500.0,2826.0,70.25,0.722,1
480,swarm_builder,optimized,12,41,4,24,181,4.039,16.52,26.08,0.658,0.42,regolith_plain,10.4,0.693,1200.0,6896.5,-474.71,0.612,0
481,cargo_hauler,naive,40,42,46,16,37,0.902,8.24,15.5,0.571,0.216,regolith_plain,579.9,0.966,14000.0,2810.4,79.93,0.718,1
482,light_scout,optimized,19,25,14,57,42,1.019,15.53,37.87,0.494,0.476,regolith_plain,21.5,0.538,3500.0,1741.3,50.25,0.564,1
483,crew_transport,optimized,51,53,6,15,54,1.358,11.76,27.27,0.638,0.278,regolith_plain,37.0,0.148,9500.0,2598.8,72.64,0.686,1
484,cargo_hauler,naive,20,6,28,51,57,1.377,15.49,35.71,0.672,0.491,regolith_plain,501.3,0.836,14000.0,5434.5,61.18,0.499,0
485,light_scout,optimized,48,25,4,32,68,1.671,7.8,19.95,0.569,0.044,regolith_plain,6.7,0.168,3500.0,2111.9,39.66,0.84,1
486,crew_transport,optimized,0,2,54,25,58,1.488,8.4,21.06,0.635,0.207,regolith_plain,82.1,0.328,9500.0,2970.2,68.73,0.748,1
487,cargo_hauler,optimized,57,38,59,3,181,3.965,8.82,20.08,0.664,0.044,regolith_plain,583.2,0.972,14000.0,12563.6,10.26,0.818,1
488,crew_transport,optimized,31,5,41,55,54,1.35,8.02,23.24,0.66,0.074,regolith_plain,88.3,0.353,9500.0,2721.5,71.35,0.824,1
489,crew_transport,naive,25,18,53,43,49,1.167,10.81,35.42,0.673,0.204,regolith_plain,221.9,0.888,9500.0,3582.7,62.29,0.696,1
490,light_scout,naive,28,24,55,3,45,1.129,14.93,31.79,0.645,0.511,regolith_plain,37.6,0.94,3500.0,2894.2,17.31,0.488,0
491,cargo_hauler,optimized,27,20,14,54,181,3.815,9.89,34.83,0.74,0.503,rock_field,289.7,0.483,14000.0,13720.2,2.0,0.49,0
492,light_scout,optimized,23,57,47,51,181,4.727,18.47,27.02,0.707,0.116,regolith_plain,12.9,0.322,3500.0,8222.0,-134.91,0.75,0
493,swarm_builder,optimized,21,0,48,50,52,1.285,9.2,26.92,0.644,0.077,regolith_plain,7.0,0.467,1200.0,1770.1,-47.51,0.829,0
494,crew_transport,optimized,47,52,42,1,52,1.31,8.63,17.73,0.58,0.077,regolith_plain,118.2,0.473,9500.0,2528.8,73.38,0.822,1
495,light_scout,naive,13,6,30,37,69,1.658,14.77,35.71,0.608,0.362,regolith_plain,8.8,0.22,3500.0,3004.1,14.17,0.593,1
496,swarm_builder,naive,41,59,4,23,75,1.853,16.36,41.44,0.587,0.467,regolith_plain,4.8,0.32,1200.0,3126.0,-160.5,0.535,0
497,swarm_builder,optimized,41,17,57,3,35,0.813,9.66,30.91,0.654,0.2,regolith_plain,6.7,0.447,1200.0,1195.8,0.35,0.722,0
498,light_scout,naive,58,48,32,27,47,1.144,11.08,39.17,0.584,0.106,regolith_plain,13.8,0.345,3500.0,1805.5,48.41,0.795,1
499,crew_transport,naive,46,56,2,8,94,2.299,13.14,34.34,0.687,0.511,regolith_plain,223.2,0.893,9500.0,7363.2,22.49,0.504,1
500,swarm_builder,optimized,37,40,15,29,23,0.581,9.53,25.07,0.545,0.217,regolith_plain,2.9,0.193,1200.0,730.0,39.17,0.721,1
501,light_scout,optimized,26,13,0,24,46,1.149,9.03,25.1,0.713,0.217,regolith_plain,6.6,0.165,3500.0,1854.3,47.02,0.722,1
502,crew_transport,optimized,28,28,4,4,181,4.039,19.43,26.84,0.71,0.994,regolith_plain,182.5,0.73,9500.0,12183.7,-28.25,0.237,0
503,swarm_builder,optimized,46,4,13,5,35,0.846,7.46,16.74,0.581,0.029,regolith_plain,2.5,0.167,1200.0,905.7,24.52,0.881,1
504,cargo_hauler,optimized,0,40,12,53,19,0.451,10.18,24.53,0.468,0.158,regolith_plain,128.1,0.214,14000.0,824.8,94.11,0.811,1
505,swarm_builder,optimized,38,13,50,41,29,0.726,8.14,27.32,0.547,0.103,regolith_plain,4.5,0.3,1200.0,868.7,27.61,0.82,1
506,cargo_hauler,optimized,29,19,55,48,34,0.859,8.63,23.16,0.618,0.029,regolith_plain,423.1,0.705,14000.0,2131.6,84.77,0.859,1
507,cargo_hauler,optimized,3,27,52,3,55,1.37,8.52,19.91,0.593,0.036,regolith_plain,147.5,0.246,14000.0,2737.6,80.45,0.869,1
508,swarm_builder,naive,55,43,29,58,41,0.974,13.81,40.07,0.676,0.293,regolith_plain,5.2,0.347,1200.0,1662.3,-38.52,0.657,0
509,crew_transport,optimized,8,16,58,31,59,1.45,9.05,25.49,0.625,0.186,regolith_plain,88.0,0.352,9500.0,3059.1,67.8,0.732,1
510,cargo_hauler,optimized,41,32,49,17,16,0.366,8.88,22.63,0.441,0.125,regolith_plain,92.3,0.154,14000.0,679.0,95.15,0.786,1
511,light_scout,optimized,31,21,1,57,181,4.288,13.23,20.72,0.69,0.249,regolith_plain,4.9,0.123,3500.0,6307.8,-80.22,0.685,0
512,cargo_hauler,naive,24,50,3,31,49,1.209,10.91,25.7,0.54,0.143,regolith_plain,110.6,0.184,14000.0,2625.6,81.25,0.769,1
513,cargo_hauler,optimized,38,47,52,1,48,1.18,8.37,26.86,0.583,0.104,regolith_plain,124.6,0.208,14000.0,2533.3,81.9,0.802,1
514,crew_transport,naive,56,56,48,32,38,0.914,10.89,22.63,0.662,0.184,regolith_plain,233.7,0.935,9500.0,2500.7,73.68,0.751,1
515,light_scout,naive,38,2,39,25,44,1.051,16.42,57.74,0.573,0.477,regolith_plain,21.9,0.548,3500.0,2125.6,39.27,0.527,1
516,light_scout,optimized,35,46,31,23,181,4.18,12.21,20.41,0.693,0.199,regolith_plain,15.4,0.385,3500.0,6951.3,-98.61,0.713,0
517,swarm_builder,optimized,51,58,8,20,181,4.279,19.51,27.31,0.665,0.912,regolith_plain,13.9,0.927,1200.0,9944.4,-728.7,0.279,0
518,crew_transport,optimized,34,39,44,5,35,0.879,8.52,19.55,0.535,0.2,regolith_plain,162.5,0.65,9500.0,1809.2,80.96,0.739,1
519,swarm_builder,naive,42,57,15,55,46,1.115,16.84,38.98,0.657,0.609,rock_field,3.9,0.26,1200.0,2185.4,-82.12,0.424,0
520,light_scout,optimized,11,40,33,55,181,4.578,8.34,24.6,0.693,0.193,regolith_plain,10.0,0.25,3500.0,6558.1,-87.37,0.766,0
521,light_scout,naive,23,26,18,47,40,0.971,13.66,35.68,0.542,0.5,regolith_plain,30.9,0.772,3500.0,2033.1,41.91,0.527,1
522,crew_transport,naive,10,39,47,44,50,1.22,10.45,19.95,0.576,0.38,regolith_plain,235.6,0.942,9500.0,3406.1,64.15,0.615,1
523,light_scout,naive,22,24,56,4,60,1.437,14.1,33.61,0.643,0.467,regolith_plain,13.6,0.34,3500.0,2867.3,18.08,0.525,1
524,light_scout,naive,44,17,0,24,76,1.898,14.33,35.48,0.677,0.487,regolith_plain,39.0,0.975,3500.0,5272.3,-50.64,0.5,0
525,cargo_hauler,naive,3,11,33,0,53,1.264,9.48,20.39,0.668,0.17,regolith_plain,92.6,0.154,14000.0,2691.8,80.77,0.769,1
526,cargo_hauler,naive,36,9,57,59,82,1.968,10.78,27.33,0.636,0.256,regolith_plain,177.3,0.296,14000.0,5006.7,64.24,0.697,1
527,cargo_hauler,optimized,46,52,53,0,75,1.77,9.37,27.78,0.623,0.173,regolith_plain,435.1,0.725,14000.0,4799.1,65.72,0.771,1
528,cargo_hauler,naive,38,13,58,55,75,1.778,11.55,34.44,0.615,0.28,regolith_plain,543.3,0.906,14000.0,5606.6,59.95,0.689,1
529,swarm_builder,optimized,2,22,33,3,33,0.822,8.82,22.32,0.646,0.091,regolith_plain,7.2,0.48,1200.0,1111.3,7.39,0.821,1
530,crew_transport,naive,38,36,56,2,85,1.995,10.68,28.23,0.532,0.341,regolith_plain,48.7,0.195,9500.0,3880.3,59.15,0.626,1
531,light_scout,optimized,46,53,49,19,35,0.837,8.35,17.77,0.584,0.057,regolith_plain,5.3,0.132,3500.0,1048.2,70.05,0.855,1
532,light_scout,naive,18,47,17,29,27,0.628,10.51,25.15,0.457,0.148,regolith_plain,17.7,0.442,3500.0,955.1,72.71,0.76,1
533,crew_transport,naive,0,4,30,3,42,1.035,8.33,24.45,0.671,0.143,regolith_plain,95.6,0.382,9500.0,2134.9,77.53,0.797,1
534,crew_transport,optimized,10,33,30,50,39,0.934,9.19,19.33,0.627,0.051,regolith_plain,47.3,0.189,9500.0,1598.6,83.17,0.843,1
535,light_scout,naive,9,38,18,16,34,0.793,13.68,27.58,0.587,0.294,regolith_plain,17.3,0.432,3500.0,1547.8,55.78,0.621,1
536,cargo_hauler,naive,55,6,11,49,89,2.149,14.91,38.8,0.524,0.438,regolith_plain,360.7,0.601,14000.0,6616.9,52.74,0.565,1
537,swarm_builder,optimized,25,53,37,21,34,0.884,9.4,23.33,0.632,0.147,regolith_plain,2.0,0.133,1200.0,1096.2,8.65,0.775,1
538,crew_transport,naive,43,31,23,53,42,1.011,9.56,35.06,0.711,0.452,regolith_plain,227.1,0.908,9500.0,3232.4,65.97,0.557,1
539,cargo_hauler,naive,10,42,51,8,85,2.086,14.64,35.48,0.567,0.435,regolith_plain,71.5,0.119,14000.0,5522.6,60.55,0.56,1
540,crew_transport,naive,11,49,46,1,94,2.241,15.9,35.56,0.551,0.479,regolith_plain,53.9,0.216,9500.0,5018.9,47.17,0.525,1
541,cargo_hauler,optimized,12,27,50,24,45,1.104,9.36,27.25,0.499,0.111,regolith_plain,229.8,0.383,14000.0,2506.7,82.1,0.792,1
542,light_scout,naive,31,35,1,25,47,1.152,14.83,37.87,0.633,0.489,regolith_plain,24.8,0.62,3500.0,2686.1,23.25,0.51,1
543,crew_transport,naive,16,32,38,44,41,0.982,11.59,24.43,0.605,0.537,regolith_plain,198.8,0.795,9500.0,2776.6,70.77,0.512,1
544,cargo_hauler,optimized,39,4,48,43,44,1.1,10.46,58.48,0.563,0.205,regolith_plain,88.6,0.148,14000.0,2291.4,83.63,0.73,1
545,swarm_builder,optimized,45,55,45,8,48,1.189,7.39,17.77,0.588,0.083,regolith_plain,8.8,0.587,1200.0,1673.6,-39.47,0.833,0
546,light_scout,optimized,18,30,18,8,24,0.584,9.2,25.15,0.623,0.125,regolith_plain,14.3,0.358,3500.0,855.6,75.55,0.797,1
547,crew_transport,naive,29,49,54,46,53,1.239,8.72,24.6,0.754,0.623,rock_field,190.7,0.763,9500.0,3744.2,60.59,0.459,0
548,crew_transport,optimized,0,31,36,59,181,4.13,8.64,18.39,0.712,0.061,regolith_plain,146.9,0.588,9500.0,8603.2,9.44,0.845,1
549,cargo_hauler,optimized,57,35,2,39,56,1.365,8.38,18.6,0.506,0.107,regolith_plain,210.5,0.351,14000.0,2797.9,80.02,0.814,1
550,light_scout,optimized,53,53,51,15,39,0.992,9.04,27.76,0.523,0.154,regolith_plain,33.6,0.84,3500.0,1718.6,50.9,0.792,1
551,swarm_builder,naive,8,55,44,43,63,1.472,11.57,25.99,0.603,0.381,regolith_plain,5.0,0.333,1200.0,2299.2,-91.6,0.605,0
552,swarm_builder,naive,56,28,11,44,70,1.728,10.54,23.4,0.514,0.214,regolith_plain,7.7,0.513,1200.0,2519.1,-109.92,0.73,0
553,light_scout,optimized,10,57,46,43,42,1.06,8.9,29.61,0.638,0.333,regolith_plain,14.1,0.352,3500.0,1759.3,49.73,0.67,1
554,crew_transport,optimized,40,21,56,0,24,0.593,12.98,25.69,0.612,0.458,regolith_plain,37.2,0.149,9500.0,1249.4,86.85,0.556,1
555,crew_transport,naive,43,32,57,42,30,0.704,10.12,18.1,0.581,0.033,regolith_plain,140.5,0.562,9500.0,1387.1,85.4,0.851,1
556,cargo_hauler,optimized,0,53,32,18,67,1.627,12.04,25.07,0.56,0.313,regolith_plain,124.6,0.208,14000.0,3575.4,74.46,0.681,1
557,swarm_builder,optimized,50,40,6,49,48,1.139,8.83,24.97,0.621,0.271,regolith_plain,9.5,0.633,1200.0,1849.2,-54.1,0.702,0
558,crew_transport,naive,2,14,53,56,109,2.732,10.4,29.54,0.624,0.312,regolith_plain,97.8,0.391,9500.0,6305.1,33.63,0.652,1
559,light_scout,optimized,33,59,56,33,31,0.774,10.66,40.07,0.605,0.097,regolith_plain,22.9,0.572,3500.0,1263.7,63.89,0.816,1
560,swarm_builder,optimized,38,17,3,3,36,0.915,7.81,21.85,0.639,0.25,regolith_plain,8.1,0.54,1200.0,1348.9,-12.41,0.731,0
561,swarm_builder,optimized,37,46,51,38,16,0.375,7.96,23.53,0.712,0.062,regolith_plain,10.8,0.72,1200.0,533.1,55.58,0.862,1
562,swarm_builder,optimized,11,1,51,31,47,1.202,8.37,26.4,0.617,0.085,regolith_plain,7.0,0.467,1200.0,1632.7,-36.06,0.834,0
563,light_scout,optimized,24,49,5,8,42,1.077,8.95,20.48,0.59,0.095,regolith_plain,21.0,0.525,3500.0,1751.8,49.95,0.81,1
564,cargo_hauler,naive,39,8,28,41,49,1.175,12.95,34.44,0.57,0.286,regolith_plain,381.9,0.636,14000.0,3383.5,75.83,0.663,1
565,crew_transport,optimized,20,14,51,9,49,1.126,6.89,21.43,0.603,0.082,regolith_plain,75.7,0.303,9500.0,2008.3,78.86,0.838,1
566,crew_transport,naive,16,23,37,4,38,0.914,10.59,19.34,0.72,0.421,regolith_plain,64.0,0.256,9500.0,2177.4,77.08,0.573,1
567,swarm_builder,naive,43,8,38,29,33,0.822,11.16,20.0,0.55,0.424,regolith_plain,10.7,0.713,1200.0,1336.6,-11.38,0.584,0
568,cargo_hauler,naive,10,29,44,8,61,1.473,17.68,36.8,0.619,0.623,regolith_plain,421.4,0.702,14000.0,5767.7,58.8,0.405,0
569,crew_transport,optimized,17,40,32,19,181,4.213,14.93,27.27,0.687,0.646,regolith_plain,166.7,0.667,9500.0,10914.9,-14.89,0.469,0
570,light_scout,naive,20,31,35,26,34,0.817,19.52,43.79,0.713,0.706,regolith_plain,9.3,0.232,3500.0,1748.5,50.04,0.354,0
571,swarm_builder,optimized,59,21,37,18,181,4.246,12.21,25.48,0.547,0.597,regolith_plain,9.2,0.613,1200.0,7024.0,-485.33,0.493,0
572,crew_transport,optimized,20,46,33,18,35,0.854,11.27,23.48,0.61,0.343,regolith_plain,45.2,0.181,9500.0,1546.7,83.72,0.672,1
573,swarm_builder,optimized,23,13,50,41,43,1.08,7.99,23.16,0.663,0.116,regolith_plain,1.8,0.12,1200.0,1317.0,-9.75,0.795,0
574,cargo_hauler,naive,15,31,22,12,33,0.789,19.26,34.87,0.677,0.758,rock_field,218.6,0.364,14000.0,3359.5,76.0,0.277,0
575,crew_transport,naive,15,10,59,41,93,2.229,10.18,29.6,0.597,0.161,regolith_plain,126.5,0.506,9500.0,4799.8,49.48,0.762,1
576,cargo_hauler,naive,53,12,38,55,76,1.889,10.56,27.78,0.583,0.276,regolith_plain,161.0,0.268,14000.0,4442.4,68.27,0.688,1
577,cargo_hauler,naive,42,22,58,36,44,1.051,7.02,19.74,0.457,0.045,regolith_plain,226.6,0.378,14000.0,1966.8,85.95,0.877,1
578,crew_transport,naive,48,55,1,19,92,2.234,11.62,37.87,0.666,0.435,regolith_plain,35.8,0.143,9500.0,5053.2,46.81,0.562,1
579,swarm_builder,optimized,25,15,47,22,28,0.623,8.56,26.4,0.608,0.214,regolith_plain,8.7,0.58,1200.0,910.9,24.09,0.741,1
580,cargo_hauler,naive,32,24,11,21,25,0.613,19.08,42.07,0.741,0.84,rock_field,201.3,0.336,14000.0,2488.9,82.22,0.228,0
581,crew_transport,optimized,28,30,4,26,181,3.691,19.88,29.25,0.561,0.994,regolith_plain,63.1,0.252,9500.0,8844.4,6.9,0.249,0
582,cargo_hauler,naive,59,42,44,8,62,1.502,8.94,24.85,0.45,0.161,regolith_plain,566.7,0.945,14000.0,4034.2,71.18,0.767,1
583,light_scout,naive,5,41,21,0,62,1.502,9.68,21.72,0.576,0.065,regolith_plain,39.2,0.98,3500.0,2875.3,17.85,0.837,1
584,cargo_hauler,naive,33,35,55,0,45,1.137,8.32,18.43,0.566,0.244,regolith_plain,556.1,0.927,14000.0,3363.7,75.97,0.713,1
585,cargo_hauler,naive,1,32,15,54,38,0.914,14.0,32.3,0.499,0.342,regolith_plain,170.2,0.284,14000.0,2216.3,84.17,0.658,1
586,cargo_hauler,naive,58,24,10,54,78,1.896,12.33,36.87,0.499,0.359,regolith_plain,195.8,0.326,14000.0,4570.3,67.36,0.623,1
587,crew_transport,optimized,45,24,5,41,42,1.052,8.4,19.33,0.46,0.119,regolith_plain,90.6,0.362,9500.0,1840.4,80.63,0.799,1
588,light_scout,naive,1,38,25,17,50,1.162,13.19,36.8,0.668,0.36,regolith_plain,33.6,0.84,3500.0,3023.3,13.62,0.573,1
589,crew_transport,naive,20,24,49,43,58,1.397,13.98,37.11,0.717,0.707,rock_field,110.7,0.443,9500.0,4215.1,55.63,0.361,0
590,crew_transport,optimized,22,17,55,28,34,0.817,9.92,26.4,0.582,0.147,regolith_plain,246.0,0.984,9500.0,2093.0,77.97,0.783,1
591,cargo_hauler,optimized,47,52,26,10,45,1.137,10.14,22.21,0.67,0.244,regolith_plain,497.0,0.828,14000.0,3643.0,73.98,0.713,1
592,crew_transport,optimized,26,5,9,41,38,0.939,10.14,22.23,0.561,0.132,regolith_plain,204.2,0.817,9500.0,2135.0,77.53,0.798,1
593,cargo_hauler,naive,0,35,38,48,79,1.949,9.97,19.23,0.544,0.228,regolith_plain,262.4,0.437,14000.0,4813.1,65.62,0.723,1
594,cargo_hauler,optimized,41,25,19,42,23,0.597,9.1,19.74,0.494,0.174,regolith_plain,297.5,0.496,14000.0,1440.4,89.71,0.758,1
595,crew_transport,optimized,38,6,4,52,151,3.53,11.14,34.83,0.695,0.424,regolith_plain,177.7,0.711,9500.0,11234.7,-18.26,0.551,0
596,swarm_builder,naive,59,33,19,48,70,1.678,9.94,24.97,0.624,0.357,regolith_plain,5.3,0.353,1200.0,2631.6,-119.3,0.63,0
597,cargo_hauler,optimized,35,33,2,31,37,0.894,7.83,19.95,0.53,0.081,regolith_plain,377.8,0.63,14000.0,2084.7,85.11,0.821,1
598,light_scout,optimized,26,55,46,36,181,5.033,18.2,38.49,0.725,0.298,regolith_plain,34.7,0.868,3500.0,11213.6,-220.39,0.661,0
599,swarm_builder,optimized,58,16,24,42,36,0.94,8.9,23.48,0.468,0.25,regolith_plain,4.3,0.287,1200.0,1216.2,-1.35,0.702,0
600,swarm_builder,optimized,44,42,4,48,42,1.06,9.18,20.72,0.601,0.262,regolith_plain,2.8,0.187,1200.0,1373.0,-14.42,0.707,0
601,cargo_hauler,optimized,19,30,7,5,181,3.948,19.09,35.16,0.707,1.0,regolith_plain,321.2,0.535,14000.0,12772.4,8.77,0.24,0
602,light_scout,naive,52,44,8,10,83,2.038,13.56,37.11,0.673,0.41,regolith_plain,20.3,0.508,3500.0,4401.8,-25.77,0.567,0
603,swarm_builder,optimized,43,29,29,58,62,1.551,10.76,35.07,0.704,0.242,regolith_plain,13.6,0.907,1200.0,2929.2,-144.1,0.709,0
604,swarm_builder,optimized,18,32,21,57,26,0.624,9.75,20.12,0.46,0.154,regolith_plain,9.5,0.633,1200.0,865.1,27.91,0.768,1
605,light_scout,optimized,49,19,48,42,31,0.716,7.21,16.1,0.577,0.097,regolith_plain,15.5,0.388,3500.0,1010.9,71.12,0.833,1
606,cargo_hauler,optimized,12,59,35,16,45,1.145,10.82,23.48,0.528,0.267,regolith_plain,588.4,0.981,14000.0,3401.7,75.7,0.705,1
607,crew_transport,naive,23,34,49,7,52,1.252,18.95,37.11,0.619,0.577,regolith_plain,148.5,0.594,9500.0,3815.3,59.84,0.433,0
608,light_scout,optimized,34,12,31,52,65,1.537,11.04,36.13,0.687,0.292,regolith_plain,21.6,0.54,3500.0,2849.2,18.59,0.661,1
609,cargo_hauler,optimized,40,21,32,46,26,0.633,9.63,19.39,0.589,0.192,regolith_plain,117.0,0.195,14000.0,1476.2,89.46,0.729,1
610,light_scout,optimized,52,36,31,58,108,2.77,11.77,35.07,0.74,0.352,regolith_plain,11.6,0.29,3500.0,4870.3,-39.15,0.641,0
611,light_scout,naive,44,52,30,33,37,0.911,11.81,30.56,0.567,0.297,regolith_plain,31.0,0.775,3500.0,1904.5,45.59,0.649,1
612,light_scout,naive,10,36,1,3,68,1.63,12.86,26.08,0.625,0.118,regolith_plain,18.6,0.465,3500.0,2878.9,17.75,0.772,1
613,crew_transport,optimized,54,44,56,2,47,1.152,8.74,20.08,0.55,0.17,regolith_plain,215.2,0.861,9500.0,2706.3,71.51,0.768,1
614,swarm_builder,optimized,43,15,12,16,32,0.794,9.48,16.76,0.671,0.188,regolith_plain,12.6,0.84,1200.0,1399.6,-16.63,0.735,0
615,swarm_builder,optimized,4,6,10,49,46,1.115,10.52,25.6,0.535,0.043,regolith_plain,14.6,0.973,1200.0,1837.0,-53.08,0.844,0
616,swarm_builder,naive,24,13,33,30,31,0.733,17.71,43.84,0.709,0.581,regolith_plain,4.2,0.28,1200.0,1574.4,-31.2,0.409,0
617,swarm_builder,naive,7,31,47,11,71,1.665,18.75,43.84,0.613,0.606,regolith_plain,10.1,0.673,1200.0,3658.1,-204.84,0.418,0
618,cargo_hauler,naive,58,36,49,13,47,1.135,9.47,22.63,0.476,0.277,regolith_plain,127.4,0.212,14000.0,2399.2,82.86,0.702,1
619,crew_transport,optimized,23,13,55,4,33,0.864,9.0,21.43,0.603,0.152,regolith_plain,105.5,0.422,9500.0,1761.0,81.46,0.772,1
620,crew_transport,naive,16,8,43,0,42,0.986,15.18,57.74,0.63,0.19,regolith_plain,126.6,0.506,9500.0,2616.2,72.46,0.711,1
621,swarm_builder,optimized,12,49,43,5,49,1.25,10.37,22.61,0.508,0.204,regolith_plain,3.8,0.253,1200.0,1534.4,-27.87,0.733,0
622,cargo_hauler,optimized,0,15,49,46,59,1.475,9.69,22.51,0.621,0.169,regolith_plain,570.5,0.951,14000.0,4361.6,68.85,0.762,1
623,cargo_hauler,optimized,54,18,49,52,35,0.871,9.95,27.78,0.601,0.143,regolith_plain,220.0,0.367,14000.0,1974.8,85.89,0.795,1
624,crew_transport,naive,42,11,17,27,56,1.299,19.3,35.41,0.633,0.821,regolith_plain,194.3,0.777,9500.0,4566.1,51.94,0.298,0
625,light_scout,naive,26,53,24,25,45,1.079,16.91,41.99,0.576,0.533,regolith_plain,28.3,0.708,3500.0,2357.9,32.63,0.489,0
626,cargo_hauler,optimized,15,14,58,23,45,1.062,9.32,25.48,0.557,0.156,regolith_plain,169.6,0.283,14000.0,2293.1,83.62,0.779,1
627,crew_transport,naive,47,23,10,23,57,1.377,17.69,43.84,0.661,0.561,regolith_plain,100.2,0.401,9500.0,4335.1,54.37,0.435,0
628,crew_transport,optimized,52,43,24,13,44,1.084,7.76,21.47,0.692,0.159,regolith_plain,87.0,0.348,9500.0,2275.2,76.05,0.771,1
629,cargo_hauler,optimized,32,50,29,15,37,0.902,10.48,26.95,0.633,0.297,regolith_plain,318.5,0.531,14000.0,2369.5,83.08,0.686,1
630,swarm_builder,naive,27,4,44,37,43,1.055,11.23,25.48,0.619,0.256,regolith_plain,2.0,0.133,1200.0,1315.6,-9.63,0.71,0
631,light_scout,optimized,6,45,23,31,181,4.238,17.86,27.27,0.533,0.591,regolith_plain,39.7,0.992,3500.0,9681.4,-176.61,0.479,0
632,cargo_hauler,naive,34,29,1,14,52,1.277,14.6,39.17,0.702,0.519,crater_floor,328.5,0.548,14000.0,4481.4,67.99,0.484,0
633,swarm_builder,naive,9,15,39,19,49,1.175,12.29,26.95,0.65,0.347,regolith_plain,4.9,0.327,1200.0,1772.3,-47.69,0.648,0
634,cargo_hauler,optimized,39,40,27,31,97,2.574,23.27,28.22,0.67,0.887,regolith_plain,131.8,0.22,14000.0,7533.9,46.19,0.286,0
635,swarm_builder,optimized,22,52,7,28,25,0.637,9.3,28.26,0.488,0.04,regolith_plain,10.7,0.713,1200.0,888.5,25.96,0.838,1
636,swarm_builder,optimized,52,50,22,4,53,1.322,9.9,26.92,0.672,0.132,regolith_plain,9.2,0.613,1200.0,2010.3,-67.53,0.799,0
637,swarm_builder,naive,24,23,23,47,39,0.917,15.24,35.16,0.531,0.538,regolith_plain,3.4,0.227,1200.0,1425.8,-18.82,0.495,0
638,crew_transport,optimized,54,0,23,33,181,4.213,13.47,27.49,0.695,0.204,regolith_plain,130.4,0.522,9500.0,9723.6,-2.35,0.708,0
639,light_scout,optimized,9,47,4,24,181,4.072,16.08,26.08,0.656,0.448,regolith_plain,34.0,0.85,3500.0,8341.6,-138.33,0.604,0
640,light_scout,optimized,43,3,42,31,29,0.734,10.39,19.49,0.513,0.207,regolith_plain,18.7,0.467,3500.0,1201.1,65.68,0.719,1
641,light_scout,optimized,43,9,38,58,62,1.493,7.34,17.35,0.636,0.129,regolith_plain,6.5,0.162,3500.0,2018.5,42.33,0.795,1
642,cargo_hauler,naive,32,33,17,22,26,0.608,21.73,34.48,0.693,0.885,rock_field,83.8,0.14,14000.0,2306.2,83.53,0.192,0
643,crew_transport,optimized,23,50,5,7,46,1.165,8.3,18.93,0.574,0.043,regolith_plain,162.8,0.651,9500.0,2534.7,73.32,0.837,1
644,crew_transport,optimized,57,59,6,26,53,1.355,9.47,19.95,0.618,0.264,regolith_plain,219.1,0.876,9500.0,3633.5,61.75,0.696,1
645,light_scout,naive,45,6,37,59,76,1.881,10.8,41.44,0.62,0.421,regolith_plain,14.8,0.37,3500.0,3671.3,-4.89,0.565,0
646,swarm_builder,optimized,7,46,12,8,44,1.075,9.79,20.24,0.552,0.045,regolith_plain,8.7,0.58,1200.0,1473.9,-22.83,0.845,0
647,cargo_hauler,naive,1,11,5,47,51,1.232,10.44,31.44,0.659,0.255,regolith_plain,425.1,0.708,14000.0,3702.6,73.55,0.693,1
648,crew_transport,naive,45,55,51,17,55,1.329,9.59,22.63,0.562,0.218,regolith_plain,25.5,0.102,9500.0,2378.3,74.97,0.737,1
649,crew_transport,naive,58,14,57,41,45,1.095,8.29,18.1,0.455,0.089,regolith_plain,157.9,0.632,9500.0,2162.3,77.24,0.825,1
650,swarm_builder,naive,7,8,33,54,85,2.028,16.86,43.99,0.655,0.482,regolith_plain,1.9,0.127,1200.0,3501.8,-191.82,0.486,0
651,crew_transport,naive,34,55,10,18,81,1.94,14.39,43.13,0.632,0.432,regolith_plain,246.0,0.984,9500.0,6446.7,32.14,0.557,1
652,swarm_builder,naive,44,20,26,2,35,0.846,10.31,34.44,0.618,0.257,regolith_plain,1.5,0.1,1200.0,1088.7,9.27,0.707,1
653,swarm_builder,optimized,36,24,56,0,31,0.782,10.71,24.34,0.634,0.226,regolith_plain,14.4,0.96,1200.0,1433.4,-19.45,0.699,0
654,cargo_hauler,naive,33,41,36,7,58,1.372,15.47,43.79,0.617,0.379,regolith_plain,302.2,0.504,14000.0,4156.2,70.31,0.587,1
655,light_scout,naive,32,14,9,19,43,1.022,11.46,26.0,0.677,0.233,regolith_plain,29.6,0.74,3500.0,1999.1,42.88,0.709,1
656,light_scout,naive,47,35,6,23,91,2.156,13.25,37.66,0.583,0.253,regolith_plain,36.6,0.915,3500.0,4874.6,-39.27,0.669,0
657,cargo_hauler,naive,8,12,58,16,83,2.005,12.49,28.45,0.611,0.566,regolith_plain,178.0,0.297,14000.0,5724.1,59.11,0.49,0
658,crew_transport,optimized,58,31,51,6,26,0.641,12.13,26.25,0.494,0.385,regolith_plain,122.6,0.49,9500.0,1390.4,85.36,0.615,1
659,light_scout,optimized,45,3,26,30,181,4.246,13.81,28.75,0.684,0.243,regolith_plain,25.7,0.642,3500.0,8113.9,-131.83,0.684,0
660,swarm_builder,naive,28,43,0,36,44,1.042,10.33,23.48,0.468,0.182,regolith_plain,8.3,0.553,1200.0,1432.0,-19.33,0.758,0
661,cargo_hauler,naive,18,5,28,35,69,1.658,14.49,35.91,0.653,0.464,regolith_plain,210.9,0.352,14000.0,4993.1,64.33,0.545,1
662,cargo_hauler,optimized,21,23,52,43,49,1.25,15.21,34.44,0.64,0.551,regolith_plain,441.1,0.735,14000.0,4119.5,70.58,0.507,1
663,crew_transport,optimized,53,44,46,1,45,1.145,7.45,18.96,0.503,0.111,regolith_plain,140.5,0.562,9500.0,2111.1,77.78,0.821,1
664,swarm_builder,optimized,54,39,6,59,57,1.402,9.37,25.56,0.597,0.211,regolith_plain,5.4,0.36,1200.0,1856.9,-54.74,0.754,0
665,swarm_builder,naive,50,48,38,22,51,1.199,11.44,23.16,0.594,0.137,regolith_plain,6.0,0.4,1200.0,1761.1,-46.76,0.756,0
666,crew_transport,naive,41,58,27,22,66,1.557,13.87,37.46,0.695,0.561,regolith_plain,58.8,0.235,9500.0,3890.4,59.05,0.479,0
667,swarm_builder,naive,22,24,18,55,58,1.389,14.37,35.41,0.477,0.397,regolith_plain,3.1,0.207,1200.0,1952.3,-62.69,0.591,0
668,light_scout,optimized,24,24,4,51,32,0.802,13.32,29.54,0.502,0.469,regolith_plain,29.0,0.725,3500.0,1519.0,56.6,0.581,1
669,light_scout,optimized,22,33,8,16,21,0.524,11.96,34.85,0.592,0.19,regolith_plain,26.5,0.662,3500.0,944.3,73.02,0.721,1
670,swarm_builder,optimized,48,9,23,53,87,2.027,14.14,35.06,0.58,0.402,regolith_plain,7.6,0.507,1200.0,3264.1,-172.01,0.616,0
671,light_scout,naive,41,40,37,14,54,1.267,8.28,22.16,0.582,0.185,regolith_plain,9.3,0.232,3500.0,1796.7,48.67,0.746,1
672,cargo_hauler,optimized,9,28,26,46,22,0.536,13.14,19.33,0.464,0.136,regolith_plain,278.3,0.464,14000.0,1324.9,90.54,0.763,1
673,cargo_hauler,optimized,12,47,9,26,22,0.528,9.34,16.33,0.454,0.0,regolith_plain,418.2,0.697,14000.0,1231.8,91.2,0.87,1
674,crew_transport,naive,11,13,29,38,45,1.104,14.58,34.85,0.622,0.622,regolith_plain,191.8,0.767,9500.0,3567.2,62.45,0.434,0
675,light_scout,optimized,6,5,35,20,40,0.971,8.51,21.06,0.685,0.15,regolith_plain,9.8,0.245,3500.0,1461.4,58.25,0.788,1
676,swarm_builder,naive,50,51,39,9,64,1.509,13.4,31.79,0.593,0.375,regolith_plain,2.4,0.16,1200.0,2195.8,-82.98,0.61,0
677,light_scout,naive,1,28,40,57,90,2.153,11.34,41.16,0.625,0.356,regolith_plain,13.6,0.34,3500.0,3669.4,-4.84,0.627,0
678,light_scout,optimized,45,10,17,45,40,1.012,11.42,23.17,0.539,0.35,regolith_plain,6.0,0.15,3500.0,1420.0,59.43,0.646,1
679,swarm_builder,optimized,21,16,43,52,50,1.171,8.48,24.29,0.678,0.2,regolith_plain,10.3,0.687,1200.0,1923.4,-60.28,0.73,0
680,crew_transport,optimized,13,49,13,24,26,0.633,8.11,14.23,0.473,0.0,regolith_plain,66.0,0.264,9500.0,1028.4,89.17,0.87,1
681,crew_transport,naive,25,42,18,16,44,1.059,17.39,37.11,0.659,0.727,regolith_plain,236.7,0.947,9500.0,3953.5,58.38,0.343,0
682,swarm_builder,optimized,38,4,23,25,181,3.849,10.35,52.98,0.732,0.464,regolith_plain,13.6,0.907,1200.0,9360.9,-680.08,0.518,0
683,crew_transport,naive,9,18,38,13,59,1.409,12.01,26.95,0.655,0.39,regolith_plain,47.8,0.191,9500.0,2878.2,69.7,0.61,1
684,light_scout,naive,26,13,53,36,44,1.051,10.13,29.32,0.537,0.182,regolith_plain,24.5,0.612,3500.0,1782.7,49.07,0.751,1
685,crew_transport,optimized,44,54,2,27,45,1.153,9.74,20.72,0.572,0.156,regolith_plain,36.1,0.144,9500.0,2082.4,78.08,0.771,1
686,crew_transport,naive,28,52,52,39,34,0.859,13.59,40.48,0.689,0.353,regolith_plain,140.9,0.564,9500.0,2312.7,75.66,0.62,1
687,light_scout,optimized,7,40,51,2,53,1.322,10.02,21.43,0.588,0.264,regolith_plain,18.7,0.467,3500.0,2325.4,33.56,0.69,1
688,light_scout,naive,28,7,55,32,55,1.312,10.52,29.24,0.533,0.2,regolith_plain,14.7,0.368,3500.0,2014.2,42.45,0.736,1
689,swarm_builder,naive,37,31,16,8,36,0.891,14.53,35.56,0.696,0.472,regolith_plain,12.8,0.853,1200.0,2167.8,-80.65,0.499,0
690,crew_transport,optimized,27,10,18,29,181,3.724,6.67,27.89,0.508,0.105,regolith_plain,110.0,0.44,9500.0,7401.9,22.09,0.803,1
691,cargo_hauler,naive,3,6,39,42,69,1.658,14.76,35.73,0.677,0.507,regolith_plain,536.3,0.894,14000.0,6491.8,53.63,0.487,0
692,cargo_hauler,optimized,8,14,6,41,28,0.673,7.67,17.62,0.6,0.036,regolith_plain,555.8,0.926,14000.0,1853.8,86.76,0.861,1
693,cargo_hauler,optimized,41,9,54,29,21,0.508,10.5,24.85,0.49,0.286,regolith_plain,94.5,0.158,14000.0,1116.7,92.02,0.682,1
694,crew_transport,optimized,14,33,52,32,39,0.917,6.36,19.95,0.52,0.026,regolith_plain,43.8,0.175,9500.0,1440.5,84.84,0.858,1
695,crew_transport,optimized,21,55,59,18,45,1.137,8.76,22.23,0.561,0.089,regolith_plain,174.4,0.698,9500.0,2501.7,73.67,0.812,1
696,light_scout,optimized,13,41,5,10,32,0.786,7.71,15.75,0.599,0.0,regolith_plain,17.9,0.447,3500.0,1198.4,65.76,0.87,1
697,light_scout,naive,30,15,10,16,26,0.633,11.85,26.95,0.674,0.192,regolith_plain,5.8,0.145,3500.0,916.5,73.81,0.751,1
698,cargo_hauler,optimized,43,59,3,3,60,1.536,9.44,24.43,0.644,0.233,regolith_plain,304.1,0.507,14000.0,4011.8,71.34,0.713,1
699,swarm_builder,optimized,14,54,33,57,181,3.724,21.9,30.23,0.678,0.486,regolith_plain,3.7,0.247,1200.0,5696.4,-374.7,0.534,0
700,swarm_builder,optimized,20,57,9,41,21,0.508,12.55,25.59,0.407,0.095,regolith_plain,3.3,0.22,1200.0,581.5,51.54,0.798,1
701,cargo_hauler,optimized,55,9,30,37,39,0.967,11.34,27.38,0.574,0.308,regolith_plain,194.5,0.324,14000.0,2271.8,83.77,0.672,1
702,cargo_hauler,optimized,0,22,46,48,47,1.185,11.53,22.12,0.604,0.255,regolith_plain,161.3,0.269,14000.0,3004.7,78.54,0.684,1
703,light_scout,optimized,10,58,56,22,49,1.308,10.04,20.72,0.468,0.184,regolith_plain,30.8,0.77,3500.0,2211.5,36.81,0.748,1
704,cargo_hauler,naive,45,47,57,23,34,0.817,10.77,22.51,0.585,0.176,regolith_plain,498.8,0.831,14000.0,2396.7,82.88,0.755,1
705,crew_transport,optimized,35,5,18,30,48,1.147,10.43,34.83,0.714,0.438,regolith_plain,231.9,0.928,9500.0,3842.3,59.55,0.544,1
706,swarm_builder,naive,27,13,13,41,53,1.305,10.82,36.36,0.606,0.302,regolith_plain,5.1,0.34,1200.0,2110.5,-75.88,0.632,0
707,cargo_hauler,optimized,56,30,16,17,41,1.007,9.36,23.16,0.596,0.146,regolith_plain,267.5,0.446,14000.0,2554.9,81.75,0.772,1
708,swarm_builder,naive,27,16,16,49,56,1.357,15.34,34.78,0.565,0.536,regolith_plain,3.9,0.26,1200.0,2220.0,-85.0,0.473,0
709,swarm_builder,optimized,23,45,17,4,43,1.047,9.17,20.12,0.548,0.093,regolith_plain,3.4,0.227,1200.0,1237.8,-3.15,0.811,0
710,swarm_builder,naive,47,36,30,9,56,1.34,10.72,25.48,0.611,0.179,regolith_plain,1.8,0.12,1200.0,1670.7,-39.22,0.754,0
711,cargo_hauler,naive,56,1,8,11,58,1.413,11.44,21.64,0.637,0.241,regolith_plain,471.0,0.785,14000.0,4376.7,68.74,0.706,1
712,cargo_hauler,optimized,3,12,27,39,35,0.854,9.6,19.95,0.597,0.171,regolith_plain,110.9,0.185,14000.0,1872.8,86.62,0.75,1
713,light_scout,naive,2,57,16,32,37,0.927,10.29,25.6,0.431,0.081,regolith_plain,8.3,0.208,3500.0,1119.9,68.0,0.836,1
714,light_scout,naive,18,22,38,28,39,0.926,16.66,39.17,0.688,0.59,regolith_plain,37.1,0.928,3500.0,2494.8,28.72,0.444,0
715,cargo_hauler,optimized,29,4,58,41,39,1.042,10.14,24.43,0.525,0.128,regolith_plain,237.1,0.395,14000.0,2282.2,83.7,0.792,1
716,swarm_builder,optimized,17,23,43,50,37,0.927,10.83,22.61,0.611,0.459,regolith_plain,12.6,0.84,1200.0,1724.8,-43.73,0.566,0
717,light_scout,naive,43,55,31,30,43,1.014,12.17,37.46,0.592,0.279,regolith_plain,20.5,0.512,3500.0,2008.5,42.61,0.669,1
718,cargo_hauler,optimized,49,41,46,8,34,0.817,7.3,21.06,0.535,0.118,regolith_plain,534.1,0.89,14000.0,2114.0,84.9,0.809,1
719,cargo_hauler,optimized,58,56,18,59,72,1.751,9.61,29.11,0.618,0.194,regolith_plain,440.4,0.734,14000.0,4887.0,65.09,0.768,1
720,light_scout,naive,45,46,32,56,27,0.611,16.51,43.99,0.676,0.333,regolith_plain,15.6,0.39,3500.0,1264.4,63.87,0.617,1
721,crew_transport,optimized,46,44,24,14,39,0.959,7.73,18.29,0.691,0.154,regolith_plain,102.1,0.408,9500.0,2091.2,77.99,0.765,1
722,light_scout,optimized,42,52,3,51,44,1.017,7.8,23.49,0.589,0.159,regolith_plain,27.4,0.685,3500.0,1679.2,52.02,0.8,1
723,crew_transport,optimized,34,55,14,54,181,4.172,17.55,40.96,0.461,0.508,regolith_plain,118.8,0.475,9500.0,9232.8,2.81,0.574,0
724,swarm_builder,optimized,22,57,3,16,44,1.084,9.98,24.1,0.532,0.045,regolith_plain,6.2,0.413,1200.0,1454.8,-21.23,0.831,0
725,light_scout,naive,46,33,39,3,49,1.217,9.83,58.48,0.523,0.204,regolith_plain,30.7,0.768,3500.0,2296.6,34.38,0.721,1
726,light_scout,naive,54,44,15,46,63,1.53,10.84,26.21,0.634,0.27,regolith_plain,23.0,0.575,3500.0,2910.5,16.84,0.69,1
727,light_scout,optimized,25,23,17,42,37,0.861,18.41,29.54,0.567,0.73,regolith_plain,26.0,0.65,3500.0,1793.0,48.77,0.396,0
728,swarm_builder,optimized,53,14,30,36,27,0.677,7.44,19.33,0.478,0.111,regolith_plain,12.6,0.84,1200.0,994.3,17.14,0.79,1
729,cargo_hauler,optimized,2,51,43,27,43,1.064,10.04,25.07,0.487,0.163,regolith_plain,309.0,0.515,14000.0,2474.7,82.32,0.771,1
730,crew_transport,optimized,10,41,42,23,33,0.855,10.4,25.07,0.499,0.182,regolith_plain,187.7,0.751,9500.0,1829.1,80.75,0.754,1
731,light_scout,optimized,10,13,35,15,28,0.639,8.41,22.21,0.664,0.143,regolith_plain,37.0,0.925,3500.0,1225.5,64.99,0.795,1
732,light_scout,optimized,46,55,0,40,50,1.245,7.87,18.39,0.544,0.08,regolith_plain,23.5,0.588,3500.0,1959.9,44.0,0.834,1
733,crew_transport,optimized,44,7,9,11,36,0.882,8.21,16.7,0.591,0.028,regolith_plain,153.6,0.614,9500.0,1795.1,81.1,0.875,1
734,swarm_builder,naive,7,31,23,36,22,0.519,12.59,19.49,0.473,0.045,regolith_plain,4.7,0.313,1200.0,649.5,45.88,0.823,1
735,crew_transport,optimized,39,26,20,9,26,0.624,9.05,21.06,0.689,0.115,regolith_plain,64.8,0.259,9500.0,1253.7,86.8,0.79,1
736,swarm_builder,optimized,18,37,35,27,20,0.463,8.98,19.95,0.527,0.1,regolith_plain,14.9,0.993,1200.0,743.9,38.01,0.799,1
737,crew_transport,naive,33,0,55,36,76,1.856,13.01,55.2,0.487,0.303,regolith_plain,49.9,0.2,9500.0,3517.3,62.98,0.668,1
738,swarm_builder,optimized,56,51,2,3,63,1.605,8.73,19.28,0.681,0.175,regolith_plain,5.9,0.393,1200.0,2256.2,-88.02,0.761,0
739,crew_transport,optimized,28,4,31,59,92,2.309,10.94,35.07,0.709,0.25,regolith_plain,191.7,0.767,9500.0,6156.6,35.19,0.703,1
740,light_scout,naive,48,59,38,23,49,1.209,9.51,22.63,0.683,0.367,regolith_plain,13.4,0.335,3500.0,2203.7,37.04,0.609,1
741,cargo_hauler,naive,15,5,1,51,94,2.216,8.08,18.89,0.58,0.074,regolith_plain,75.0,0.125,14000.0,4364.1,68.83,0.837,1
742,crew_transport,optimized,7,33,59,41,53,1.305,9.09,22.23,0.55,0.151,regolith_plain,47.3,0.189,9500.0,2299.7,75.79,0.782,1
743,cargo_hauler,naive,33,15,56,44,61,1.465,8.35,22.16,0.491,0.098,regolith_plain,143.5,0.239,14000.0,2925.0,79.11,0.82,1
744,swarm_builder,naive,25,35,55,57,63,1.472,10.08,21.52,0.69,0.429,regolith_plain,10.7,0.713,1200.0,2712.2,-126.02,0.586,0
745,crew_transport,naive,9,31,18,16,26,0.608,10.27,18.83,0.617,0.115,regolith_plain,208.6,0.834,9500.0,1596.2,83.2,0.769,1
746,cargo_hauler,naive,48,15,27,31,29,0.684,12.57,37.46,0.537,0.31,regolith_plain,372.6,0.621,14000.0,1951.1,86.06,0.646,1
747,swarm_builder,optimized,18,29,40,30,27,0.644,11.96,30.49,0.53,0.37,regolith_plain,4.2,0.28,1200.0,848.1,29.32,0.627,1
748,swarm_builder,naive,28,0,13,11,23,0.539,8.03,15.06,0.629,0.0,regolith_plain,9.6,0.64,1200.0,714.1,40.49,0.903,1
749,cargo_hauler,optimized,32,32,8,49,25,0.621,9.57,17.04,0.442,0.2,regolith_plain,460.9,0.768,14000.0,1544.0,88.97,0.747,1
750,crew_transport,optimized,13,27,47,24,37,0.944,9.81,25.07,0.503,0.162,regolith_plain,77.6,0.31,9500.0,1755.6,81.52,0.764,1
751,cargo_hauler,naive,19,54,49,53,48,1.189,15.84,40.48,0.653,0.438,regolith_plain,223.4,0.372,14000.0,3885.2,72.25,0.543,1
752,swarm_builder,naive,25,59,41,10,99,2.399,16.32,41.99,0.623,0.364,regolith_plain,2.5,0.167,1200.0,3958.7,-229.89,0.581,0
753,cargo_hauler,naive,53,53,43,1,89,2.174,12.4,58.48,0.596,0.348,regolith_plain,378.8,0.631,14000.0,6600.4,52.85,0.622,1
754,crew_transport,optimized,17,44,1,12,34,0.851,8.69,18.49,0.574,0.029,regolith_plain,57.5,0.23,9500.0,1507.7,84.13,0.846,1
755,swarm_builder,optimized,43,44,56,3,42,1.011,9.9,25.33,0.586,0.262,regolith_plain,5.9,0.393,1200.0,1357.8,-13.15,0.708,0
756,cargo_hauler,optimized,58,25,3,16,59,1.458,9.01,21.47,0.609,0.153,regolith_plain,470.1,0.784,14000.0,4242.3,69.7,0.765,1
757,swarm_builder,optimized,55,40,35,4,39,0.975,9.02,24.75,0.559,0.077,regolith_plain,9.2,0.613,1200.0,1409.5,-17.46,0.823,0
758,cargo_hauler,optimized,3,56,18,31,26,0.657,9.59,20.72,0.465,0.038,regolith_plain,398.8,0.665,14000.0,1565.5,88.82,0.857,1
759,crew_transport,optimized,52,12,21,53,44,1.133,9.44,25.7,0.51,0.136,regolith_plain,65.8,0.263,9500.0,1978.9,79.17,0.78,1
760,swarm_builder,optimized,37,29,7,8,37,0.911,7.87,19.28,0.685,0.216,regolith_plain,2.5,0.167,1200.0,1216.4,-1.37,0.744,0
761,swarm_builder,optimized,28,30,2,29,181,3.691,20.55,28.75,0.543,0.994,regolith_plain,7.9,0.527,1200.0,6824.9,-468.74,0.249,0
762,crew_transport,naive,1,14,18,50,63,1.497,11.25,25.59,0.52,0.095,regolith_plain,201.1,0.804,9500.0,3602.1,62.08,0.791,1
763,swarm_builder,optimized,4,19,47,10,44,1.067,9.04,19.32,0.634,0.023,regolith_plain,2.3,0.153,1200.0,1296.1,-8.01,0.856,0
764,light_scout,naive,16,19,31,31,33,0.831,20.1,34.44,0.726,0.848,rock_field,26.9,0.672,3500.0,2516.5,28.1,0.229,0
765,crew_transport,optimized,40,17,46,35,21,0.499,7.33,21.17,0.521,0.048,regolith_plain,244.0,0.976,9500.0,1063.2,88.81,0.848,1
766,swarm_builder,naive,52,7,23,6,41,1.015,16.07,57.74,0.597,0.195,regolith_plain,11.4,0.76,1200.0,2047.3,-70.61,0.699,0
767,crew_transport,optimized,44,28,52,44,17,0.419,7.52,17.37,0.605,0.0,regolith_plain,72.5,0.29,9500.0,703.9,92.59,0.906,1
768,cargo_hauler,naive,44,9,51,36,42,0.961,8.79,21.06,0.511,0.143,regolith_plain,83.4,0.139,14000.0,1948.5,86.08,0.772,1
769,cargo_hauler,optimized,24,9,34,45,43,1.055,9.57,26.4,0.68,0.209,regolith_plain,405.9,0.676,14000.0,3190.6,77.21,0.713,1
770,swarm_builder,naive,31,36,31,2,53,1.255,16.5,43.35,0.628,0.472,regolith_plain,5.5,0.367,1200.0,2344.3,-95.36,0.512,0
771,swarm_builder,optimized,17,16,30,39,73,1.622,10.98,34.83,0.698,0.233,regolith_plain,8.8,0.587,1200.0,2900.8,-141.73,0.682,0
772,cargo_hauler,optimized,51,57,16,3,62,1.568,9.32,27.14,0.675,0.113,regolith_plain,117.0,0.195,14000.0,3499.9,75.0,0.801,1
773,cargo_hauler,optimized,5,56,32,35,29,0.759,9.45,22.61,0.48,0.138,regolith_plain,244.1,0.407,14000.0,1690.8,87.92,0.786,1
774,crew_transport,optimized,40,17,15,22,31,0.733,10.24,25.81,0.66,0.323,regolith_plain,192.1,0.768,9500.0,1827.6,80.76,0.665,1
775,crew_transport,naive,33,19,30,1,32,0.769,10.51,21.46,0.658,0.281,regolith_plain,207.5,0.83,9500.0,1985.9,79.1,0.698,1
776,cargo_hauler,naive,31,25,51,6,54,1.325,17.2,43.84,0.614,0.519,regolith_plain,227.6,0.379,14000.0,4112.9,70.62,0.467,0
777,swarm_builder,optimized,59,14,8,34,54,1.375,9.27,24.43,0.486,0.167,regolith_plain,14.2,0.947,1200.0,2139.6,-78.3,0.76,0
778,swarm_builder,optimized,33,48,56,22,29,0.734,8.2,17.34,0.647,0.31,regolith_plain,11.0,0.733,1200.0,1273.9,-6.16,0.667,0
779,swarm_builder,optimized,28,29,59,29,86,1.866,18.0,34.18,0.612,0.395,regolith_plain,5.7,0.38,1200.0,2935.5,-144.62,0.601,0
780,crew_transport,naive,36,42,6,14,66,1.573,13.98,37.11,0.712,0.485,crater_floor,93.5,0.374,9500.0,4466.6,52.98,0.489,0
781,crew_transport,naive,49,6,45,45,66,1.631,8.78,20.07,0.59,0.288,regolith_plain,151.5,0.606,9500.0,3649.2,61.59,0.677,1
782,crew_transport,optimized,11,56,52,41,47,1.185,8.73,22.23,0.615,0.191,regolith_plain,147.6,0.59,9500.0,2634.6,72.27,0.753,1
783,light_scout,optimized,51,13,6,6,46,1.157,6.41,23.0,0.617,0.065,regolith_plain,32.8,0.82,3500.0,2015.4,42.42,0.851,1
784,crew_transport,optimized,59,23,55,2,22,0.519,11.12,21.56,0.55,0.409,regolith_plain,186.4,0.746,9500.0,1264.8,86.69,0.595,1
785,cargo_hauler,naive,32,22,2,13,41,0.974,11.13,32.08,0.729,0.39,crater_floor,101.7,0.17,14000.0,2703.5,80.69,0.583,1
786,cargo_hauler,naive,57,25,3,42,79,1.883,10.14,25.6,0.483,0.177,regolith_plain,174.7,0.291,14000.0,4074.0,70.9,0.756,1
787,cargo_hauler,optimized,19,51,54,35,39,1.0,8.28,22.23,0.605,0.077,regolith_plain,147.7,0.246,14000.0,2158.7,84.58,0.821,1
788,light_scout,optimized,37,19,47,34,17,0.428,11.39,28.45,0.525,0.176,regolith_plain,13.5,0.338,3500.0,588.4,83.19,0.75,1
789,light_scout,optimized,1,9,39,49,49,1.225,9.08,19.95,0.635,0.245,regolith_plain,39.5,0.988,3500.0,2595.6,25.84,0.701,1
790,light_scout,naive,9,27,51,55,77,1.901,10.28,28.54,0.591,0.312,regolith_plain,13.4,0.335,3500.0,3088.0,11.77,0.669,1
791,crew_transport,naive,4,8,3,42,57,1.36,10.97,31.44,0.697,0.281,regolith_plain,101.1,0.404,9500.0,3219.9,66.11,0.681,1
792,light_scout,naive,30,51,42,24,53,1.247,11.14,23.93,0.693,0.585,rock_field,9.1,0.227,3500.0,2485.0,29.0,0.439,0
793,crew_transport,optimized,30,38,45,42,22,0.536,7.8,19.39,0.696,0.136,regolith_plain,50.8,0.203,9500.0,976.5,89.72,0.801,1
794,swarm_builder,naive,54,10,23,3,44,1.034,9.15,28.23,0.565,0.114,regolith_plain,10.4,0.693,1200.0,1460.2,-21.68,0.804,0
795,crew_transport,naive,23,48,42,25,44,1.017,10.25,22.23,0.555,0.114,regolith_plain,201.3,0.805,9500.0,2417.3,74.55,0.784,1
796,crew_transport,naive,45,12,36,58,86,2.065,11.46,43.99,0.681,0.547,regolith_plain,169.6,0.678,9500.0,6046.3,36.35,0.483,0
797,cargo_hauler,optimized,10,42,26,16,31,0.766,9.29,22.48,0.591,0.323,regolith_plain,97.3,0.162,14000.0,1858.9,86.72,0.649,1
798,light_scout,optimized,17,38,51,8,43,1.089,11.6,26.25,0.538,0.302,regolith_plain,27.5,0.688,3500.0,1958.3,44.05,0.673,1
799,swarm_builder,optimized,35,42,4,6,181,4.089,19.45,27.31,0.704,0.945,regolith_plain,11.5,0.767,1200.0,8886.0,-640.5,0.261,0
800,crew_transport,optimized,34,50,49,5,47,1.202,9.21,26.25,0.588,0.234,regolith_plain,123.4,0.494,9500.0,2619.8,72.42,0.717,1
801,light_scout,optimized,15,44,59,38,46,1.14,10.61,23.53,0.559,0.152,regolith_plain,21.2,0.53,3500.0,1850.4,47.13,0.771,1
802,swarm_builder,naive,10,39,24,7,59,1.442,12.22,31.68,0.609,0.322,regolith_plain,7.2,0.48,1200.0,2512.0,-109.33,0.631,0
803,swarm_builder,optimized,38,46,23,37,18,0.415,9.46,22.61,0.65,0.556,regolith_plain,2.6,0.173,1200.0,623.7,48.02,0.499,0
804,crew_transport,optimized,26,43,53,44,28,0.714,10.2,22.51,0.714,0.179,regolith_plain,82.5,0.33,9500.0,1565.9,83.52,0.744,1
805,light_scout,naive,16,54,47,17,64,1.567,12.01,36.87,0.493,0.266,regolith_plain,24.7,0.617,3500.0,2819.5,19.44,0.68,1
806,light_scout,optimized,14,44,31,7,45,1.112,8.61,18.62,0.61,0.2,regolith_plain,29.5,0.738,3500.0,1962.7,43.92,0.748,1
807,cargo_hauler,optimized,14,58,17,4,56,1.398,9.64,26.05,0.533,0.036,regolith_plain,396.2,0.66,14000.0,3442.7,75.41,0.848,1
808,crew_transport,optimized,21,55,42,15,42,1.052,8.82,25.7,0.507,0.119,regolith_plain,81.9,0.328,9500.0,1890.9,80.1,0.799,1
809,cargo_hauler,optimized,14,53,19,29,181,3.923,7.61,25.56,0.465,0.083,regolith_plain,449.3,0.749,14000.0,9482.7,32.27,0.826,1
810,cargo_hauler,optimized,2,6,28,2,31,0.699,5.76,16.31,0.673,0.065,regolith_plain,83.6,0.139,14000.0,1301.6,90.7,0.867,1
811,swarm_builder,naive,47,10,36,51,70,1.653,10.43,21.63,0.645,0.414,regolith_plain,2.5,0.167,1200.0,2485.6,-107.13,0.571,0
812,light_scout,optimized,32,57,51,53,181,4.172,20.55,27.02,0.703,0.309,regolith_plain,34.5,0.862,3500.0,9569.9,-173.43,0.635,0
813,light_scout,optimized,4,18,24,57,40,0.979,10.32,25.4,0.52,0.175,regolith_plain,24.9,0.622,3500.0,1605.5,54.13,0.756,1
814,swarm_builder,optimized,45,14,51,52,39,0.926,9.49,17.73,0.572,0.128,regolith_plain,12.3,0.82,1200.0,1426.6,-18.88,0.803,0
815,swarm_builder,naive,8,22,57,17,85,2.011,16.69,37.87,0.657,0.729,regolith_plain,2.1,0.14,1200.0,3825.9,-218.82,0.322,0
816,crew_transport,optimized,18,3,18,44,42,1.002,7.96,16.45,0.542,0.143,regolith_plain,150.7,0.603,9500.0,2012.4,78.82,0.794,1
817,swarm_builder,optimized,4,41,45,2,50,1.287,9.91,19.56,0.596,0.26,regolith_plain,8.6,0.573,1200.0,2012.9,-67.74,0.696,0
818,swarm_builder,optimized,0,36,41,52,43,1.064,7.3,20.68,0.578,0.14,regolith_plain,8.5,0.567,1200.0,1477.0,-23.08,0.8,0
819,cargo_hauler,naive,27,19,50,16,40,0.921,8.82,26.4,0.555,0.35,regolith_plain,127.1,0.212,14000.0,2148.1,84.66,0.628,1
820,light_scout,naive,24,8,53,7,39,0.942,10.21,21.43,0.568,0.179,regolith_plain,27.4,0.685,3500.0,1696.1,51.54,0.754,1
821,crew_transport,optimized,14,44,19,12,36,0.849,8.89,16.07,0.567,0.167,regolith_plain,75.2,0.301,9500.0,1539.6,83.79,0.767,1
822,swarm_builder,optimized,19,38,37,35,20,0.43,9.3,22.61,0.488,0.15,regolith_plain,8.2,0.547,1200.0,591.4,50.72,0.763,1
823,swarm_builder,optimized,21,52,21,30,62,1.427,13.92,29.88,0.507,0.371,regolith_plain,9.3,0.62,1200.0,2276.4,-89.7,0.623,0
824,cargo_hauler,optimized,6,6,17,21,181,4.221,8.98,17.22,0.715,0.193,regolith_plain,293.4,0.489,14000.0,10683.8,23.69,0.731,1
825,cargo_hauler,naive,20,49,12,32,44,1.059,10.9,22.12,0.473,0.091,regolith_plain,233.1,0.388,14000.0,2329.8,83.36,0.797,1
826,swarm_builder,naive,14,52,28,25,53,1.297,17.48,35.68,0.544,0.623,regolith_plain,1.5,0.1,1200.0,2010.6,-67.55,0.437,0
827,cargo_hauler,optimized,56,45,43,25,21,0.508,8.05,16.14,0.566,0.0,regolith_plain,300.3,0.501,14000.0,1130.6,91.92,0.897,1
828,crew_transport,optimized,41,34,43,2,33,0.839,8.98,20.96,0.52,0.182,regolith_plain,152.7,0.611,9500.0,1745.8,81.62,0.75,1
829,crew_transport,naive,34,57,56,12,97,2.276,10.94,40.93,0.645,0.557,regolith_plain,206.1,0.824,9500.0,6924.1,27.11,0.48,0
830,light_scout,naive,24,47,19,24,45,1.095,16.81,36.36,0.558,0.622,regolith_plain,16.2,0.405,3500.0,2190.6,37.41,0.439,0
831,swarm_builder,naive,47,7,6,30,68,1.68,18.04,37.87,0.614,0.574,regolith_plain,10.5,0.7,1200.0,3824.3,-218.69,0.438,0
832,light_scout,optimized,6,12,23,28,181,4.172,10.88,27.25,0.514,0.249,regolith_plain,16.5,0.412,3500.0,6780.1,-93.72,0.707,0
833,light_scout,optimized,29,35,43,28,15,0.355,6.96,12.58,0.519,0.0,regolith_plain,11.0,0.275,3500.0,456.5,86.96,0.87,1
834,crew_transport,optimized,5,56,11,41,16,0.383,11.74,22.48,0.449,0.125,regolith_plain,218.1,0.872,9500.0,813.0,91.44,0.816,1
835,cargo_hauler,optimized,56,20,40,55,36,0.915,7.78,17.77,0.604,0.028,regolith_plain,344.3,0.574,14000.0,2094.7,85.04,0.875,1
836,light_scout,naive,26,38,35,14,30,0.713,19.86,43.79,0.618,0.6,regolith_plain,36.4,0.91,3500.0,1987.4,43.22,0.428,0
837,cargo_hauler,optimized,52,16,11,48,43,1.13,8.77,19.74,0.456,0.209,regolith_plain,499.7,0.833,14000.0,2910.4,79.21,0.737,1
838,crew_transport,naive,0,17,46,26,83,1.996,13.09,39.17,0.654,0.361,regolith_plain,33.0,0.132,9500.0,4538.5,52.23,0.591,1
839,crew_transport,optimized,54,38,5,45,52,1.277,10.3,23.53,0.595,0.288,regolith_plain,101.7,0.407,9500.0,2892.2,69.56,0.671,1
840,crew_transport,naive,24,55,48,26,62,1.502,12.82,43.13,0.657,0.403,regolith_plain,59.7,0.239,9500.0,3606.8,62.03,0.569,1
841,swarm_builder,naive,30,0,10,37,77,1.827,9.73,24.89,0.591,0.078,regolith_plain,6.9,0.46,1200.0,2578.4,-114.87,0.819,0
842,light_scout,optimized,27,23,40,53,33,0.831,11.96,30.56,0.656,0.455,regolith_plain,15.2,0.38,3500.0,1507.4,56.93,0.57,1
843,light_scout,optimized,6,15,0,45,31,0.749,6.88,18.82,0.664,0.032,regolith_plain,18.7,0.467,3500.0,1128.8,67.75,0.879,1
844,swarm_builder,naive,39,10,1,38,83,2.038,11.98,29.57,0.643,0.337,regolith_plain,13.3,0.887,1200.0,3969.3,-230.78,0.64,0
845,crew_transport,optimized,14,31,0,0,36,0.882,9.47,17.62,0.656,0.111,regolith_plain,248.8,0.995,9500.0,2407.9,74.65,0.785,1
846,light_scout,optimized,37,50,28,5,49,1.192,9.61,21.47,0.674,0.204,regolith_plain,39.7,0.992,3500.0,2469.4,29.45,0.737,1
847,cargo_hauler,naive,48,15,54,0,43,1.047,13.02,28.23,0.632,0.512,regolith_plain,599.3,0.999,14000.0,4039.9,71.14,0.501,1
848,swarm_builder,optimized,20,6,48,38,39,0.975,10.23,23.16,0.612,0.103,regolith_plain,3.2,0.213,1200.0,1182.6,1.45,0.806,0
849,cargo_hauler,optimized,40,55,7,47,38,0.939,9.11,17.81,0.581,0.158,regolith_plain,533.9,0.89,14000.0,2605.9,81.39,0.778,1
850,light_scout,optimized,43,39,25,53,23,0.556,11.63,25.95,0.755,0.522,regolith_plain,35.7,0.893,3500.0,1444.7,58.72,0.508,1
851,crew_transport,naive,5,59,9,25,64,1.6,9.29,19.24,0.476,0.031,regolith_plain,237.7,0.951,9500.0,3560.3,62.52,0.859,1
852,crew_transport,naive,2,12,47,18,64,1.591,10.44,25.81,0.646,0.266,regolith_plain,89.7,0.359,9500.0,3383.7,64.38,0.695,1
853,crew_transport,naive,55,12,16,13,64,1.517,12.55,28.11,0.647,0.438,regolith_plain,34.4,0.138,9500.0,3117.2,67.19,0.577,1
854,crew_transport,optimized,16,31,34,57,181,3.94,9.52,24.6,0.714,0.127,regolith_plain,50.6,0.202,9500.0,7135.2,24.89,0.796,1
855,light_scout,naive,58,55,5,32,90,2.252,10.3,20.3,0.614,0.333,regolith_plain,22.5,0.562,3500.0,4087.3,-16.78,0.652,0
856,light_scout,optimized,2,40,29,20,59,1.467,7.85,19.56,0.672,0.254,regolith_plain,39.5,0.988,3500.0,3213.6,8.18,0.716,1
857,light_scout,naive,15,22,2,51,53,1.239,9.83,22.23,0.476,0.057,regolith_plain,23.1,0.578,3500.0,1883.2,46.19,0.837,1
858,swarm_builder,naive,3,13,33,46,74,1.758,13.88,34.34,0.635,0.392,regolith_plain,4.3,0.287,1200.0,3004.8,-150.4,0.569,0
859,swarm_builder,optimized,40,34,12,56,29,0.759,10.56,25.59,0.552,0.138,regolith_plain,6.0,0.4,1200.0,996.0,17.0,0.78,1
860,light_scout,naive,6,27,19,46,40,0.971,11.55,22.23,0.473,0.025,regolith_plain,21.3,0.532,3500.0,1506.3,56.96,0.837,1
861,cargo_hauler,optimized,40,57,46,15,43,1.089,7.31,21.06,0.572,0.07,regolith_plain,581.1,0.968,14000.0,2885.2,79.39,0.847,1
862,light_scout,optimized,13,18,9,40,23,0.573,10.6,19.22,0.509,0.043,regolith_plain,5.8,0.145,3500.0,741.1,78.83,0.835,1
863,crew_transport,naive,20,33,10,15,29,0.676,15.29,35.73,0.628,0.517,regolith_plain,47.9,0.192,9500.0,1736.6,81.72,0.486,0
864,cargo_hauler,naive,13,49,28,1,84,2.008,13.84,35.48,0.606,0.405,regolith_plain,269.4,0.449,14000.0,6086.0,56.53,0.567,1
865,cargo_hauler,naive,53,48,27,24,60,1.404,11.31,37.46,0.675,0.233,regolith_plain,440.6,0.734,14000.0,4451.6,68.2,0.709,1
866,crew_transport,naive,56,46,37,10,59,1.433,11.87,29.57,0.515,0.237,regolith_plain,79.5,0.318,9500.0,2807.5,70.45,0.715,1
867,swarm_builder,naive,3,17,58,8,99,2.424,12.65,56.63,0.63,0.303,regolith_plain,12.6,0.84,1200.0,4850.4,-304.2,0.644,0
868,crew_transport,naive,36,6,12,17,32,0.786,9.87,19.29,0.686,0.125,regolith_plain,85.2,0.341,9500.0,1617.1,82.98,0.795,1
869,light_scout,naive,27,51,2,45,45,1.104,13.61,25.59,0.471,0.067,regolith_plain,39.4,0.985,3500.0,2057.4,41.22,0.809,1
870,swarm_builder,naive,14,28,6,1,46,1.115,8.9,18.16,0.679,0.261,regolith_plain,1.6,0.107,1200.0,1481.8,-23.48,0.683,0
871,light_scout,optimized,58,55,25,33,181,4.022,16.07,25.07,0.611,0.718,regolith_plain,36.4,0.91,3500.0,9130.5,-160.87,0.417,0
872,swarm_builder,optimized,23,19,37,57,47,1.119,14.16,34.78,0.703,0.511,regolith_plain,6.7,0.447,1200.0,1991.2,-65.93,0.521,0
873,light_scout,naive,22,32,57,12,69,1.749,13.58,37.66,0.58,0.333,regolith_plain,28.7,0.718,3500.0,3893.6,-11.25,0.612,0
874,cargo_hauler,optimized,2,29,25,21,46,1.066,11.01,33.2,0.7,0.609,regolith_plain,410.5,0.684,14000.0,3726.9,73.38,0.448,0
875,swarm_builder,naive,8,30,31,17,51,1.249,15.11,35.48,0.657,0.51,regolith_plain,7.3,0.487,1200.0,2615.4,-117.95,0.459,0
876,light_scout,naive,14,8,45,40,68,1.605,12.36,43.79,0.671,0.294,regolith_plain,5.4,0.135,3500.0,2629.4,24.87,0.67,1
877,cargo_hauler,optimized,8,39,39,12,43,1.022,10.01,27.8,0.608,0.326,regolith_plain,204.7,0.341,14000.0,2609.0,81.36,0.646,1
878,light_scout,optimized,34,19,46,47,29,0.709,8.15,23.16,0.637,0.0,regolith_plain,19.8,0.495,3500.0,1058.1,69.77,0.878,1
879,swarm_builder,naive,34,50,7,11,64,1.55,10.29,26.0,0.614,0.297,regolith_plain,2.6,0.173,1200.0,2081.8,-73.48,0.668,0
880,cargo_hauler,naive,45,45,54,19,41,0.941,11.9,23.53,0.618,0.561,regolith_plain,152.2,0.254,14000.0,2487.3,82.23,0.512,1
881,swarm_builder,optimized,16,46,43,10,181,4.727,21.69,28.82,0.705,0.939,regolith_plain,14.9,0.993,1200.0,10772.8,-797.73,0.296,0
882,light_scout,optimized,17,20,10,42,23,0.564,11.19,22.48,0.523,0.13,regolith_plain,23.4,0.585,3500.0,903.0,74.2,0.774,1
883,cargo_hauler,naive,44,10,31,57,97,2.268,11.1,37.26,0.636,0.371,regolith_plain,519.0,0.865,14000.0,7987.2,42.95,0.6,1
884,cargo_hauler,optimized,40,17,7,3,34,0.859,9.67,25.81,0.626,0.265,regolith_plain,464.6,0.774,14000.0,2363.1,83.12,0.721,1
885,cargo_hauler,optimized,10,10,23,56,50,1.212,10.02,25.4,0.548,0.12,regolith_plain,389.3,0.649,14000.0,2972.5,78.77,0.794,1
886,light_scout,optimized,13,52,17,32,22,0.528,9.55,20.27,0.451,0.045,regolith_plain,31.4,0.785,3500.0,851.6,75.67,0.833,1
887,crew_transport,naive,31,42,49,37,24,0.51,13.73,23.93,0.773,0.583,rock_field,149.3,0.597,9500.0,1696.2,82.15,0.428,0
888,swarm_builder,optimized,45,35,6,49,48,1.172,9.09,18.76,0.627,0.188,regolith_plain,11.5,0.767,1200.0,1902.5,-58.54,0.751,0
889,cargo_hauler,naive,55,40,21,51,56,1.365,9.41,35.06,0.684,0.375,regolith_plain,524.6,0.874,14000.0,4669.9,66.64,0.638,1
890,cargo_hauler,naive,42,45,12,12,74,1.808,14.49,32.58,0.732,0.662,rock_field,273.5,0.456,14000.0,6812.0,51.34,0.376,0
891,cargo_hauler,naive,17,10,11,52,67,1.569,11.04,25.6,0.516,0.075,regolith_plain,285.6,0.476,14000.0,3659.4,73.86,0.815,1
892,light_scout,optimized,27,5,0,27,38,0.955,10.15,26.08,0.659,0.079,regolith_plain,20.6,0.515,3500.0,1517.7,56.64,0.836,1
893,light_scout,optimized,44,9,54,43,37,0.869,7.56,15.73,0.497,0.108,regolith_plain,17.0,0.425,3500.0,1218.6,65.18,0.821,1
894,cargo_hauler,optimized,46,44,0,37,50,1.262,7.56,19.33,0.575,0.18,regolith_plain,110.2,0.184,14000.0,2675.6,80.89,0.758,1
895,light_scout,optimized,7,50,59,41,60,1.462,8.06,22.23,0.565,0.133,regolith_plain,12.1,0.302,3500.0,2075.9,40.69,0.805,1
896,swarm_builder,optimized,56,48,2,17,68,1.738,10.59,27.14,0.598,0.147,regolith_plain,13.5,0.9,1200.0,2910.9,-142.58,0.769,0
897,light_scout,optimized,26,33,2,41,49,1.175,18.6,29.83,0.531,0.633,regolith_plain,9.5,0.238,3500.0,1961.8,43.95,0.46,0
898,swarm_builder,optimized,7,0,44,22,48,1.139,7.66,26.4,0.657,0.167,regolith_plain,13.6,0.907,1200.0,1863.5,-55.29,0.776,0
899,swarm_builder,naive,21,59,39,0,94,2.241,16.88,58.48,0.561,0.447,regolith_plain,14.7,0.98,1200.0,4887.9,-307.32,0.551,0
900,swarm_builder,optimized,19,22,40,19,32,0.761,9.89,27.32,0.691,0.406,regolith_plain,13.6,0.907,1200.0,1428.6,-19.05,0.605,0
901,cargo_hauler,naive,55,42,43,27,30,0.713,7.82,19.74,0.48,0.0,regolith_plain,365.3,0.609,14000.0,1529.3,89.08,0.902,1
902,crew_transport,optimized,36,52,4,42,34,0.867,8.31,19.33,0.5,0.206,regolith_plain,130.5,0.522,9500.0,1715.8,81.94,0.742,1
903,swarm_builder,optimized,44,6,17,44,42,1.069,12.61,27.87,0.545,0.405,regolith_plain,3.1,0.207,1200.0,1401.1,-16.76,0.606,0
904,cargo_hauler,optimized,28,33,33,16,30,0.688,20.61,35.56,0.707,0.833,regolith_plain,164.3,0.274,14000.0,2111.6,84.92,0.321,0
905,swarm_builder,optimized,49,7,59,55,68,1.613,9.7,26.86,0.486,0.191,regolith_plain,5.4,0.36,1200.0,2067.4,-72.28,0.759,0
906,cargo_hauler,naive,26,45,29,21,36,0.816,18.29,35.42,0.647,0.611,regolith_plain,191.4,0.319,14000.0,2844.6,79.68,0.403,0
907,light_scout,optimized,31,13,27,31,181,3.907,13.79,21.44,0.711,0.099,regolith_plain,31.5,0.788,3500.0,7836.5,-123.9,0.766,0
908,swarm_builder,naive,47,48,9,46,53,1.272,10.01,20.02,0.617,0.283,regolith_plain,14.2,0.947,1200.0,2306.7,-92.22,0.689,0
909,swarm_builder,optimized,52,9,58,49,41,1.015,10.27,26.16,0.41,0.122,regolith_plain,10.8,0.72,1200.0,1420.1,-18.34,0.788,0
910,light_scout,optimized,24,20,50,43,35,0.887,15.26,34.44,0.664,0.571,regolith_plain,5.4,0.135,3500.0,1514.2,56.74,0.482,0
911,swarm_builder,naive,11,22,48,39,66,1.607,14.73,37.46,0.632,0.394,regolith_plain,10.5,0.7,1200.0,3222.1,-168.51,0.581,0
912,crew_transport,naive,17,15,18,45,48,1.122,9.94,16.2,0.548,0.021,regolith_plain,101.9,0.408,9500.0,2120.1,77.68,0.838,1
913,swarm_builder,naive,56,30,41,40,22,0.536,8.93,17.18,0.55,0.045,regolith_plain,3.9,0.26,1200.0,627.7,47.69,0.856,1
914,light_scout,naive,13,12,11,52,67,1.585,11.61,25.99,0.526,0.06,regolith_plain,33.8,0.845,3500.0,2849.0,18.6,0.813,1
915,cargo_hauler,naive,23,13,51,7,46,1.107,10.51,22.41,0.605,0.217,regolith_plain,178.6,0.298,14000.0,2630.2,81.21,0.722,1
916,light_scout,optimized,17,52,11,6,54,1.333,9.68,31.78,0.57,0.093,regolith_plain,30.0,0.75,3500.0,2330.8,33.41,0.808,1
917,crew_transport,optimized,38,10,32,32,23,0.556,13.14,23.66,0.636,0.348,regolith_plain,58.6,0.234,9500.0,1077.0,88.66,0.646,1
918,crew_transport,optimized,20,45,33,12,42,1.011,10.92,21.68,0.598,0.333,regolith_plain,172.2,0.689,9500.0,2381.3,74.93,0.674,1
919,light_scout,naive,17,3,38,46,85,2.061,14.4,34.55,0.668,0.482,regolith_plain,33.3,0.832,3500.0,5008.1,-43.09,0.52,0
920,swarm_builder,optimized,33,37,53,1,41,1.065,10.2,26.16,0.56,0.268,regolith_plain,4.1,0.273,1200.0,1388.0,-15.67,0.695,0
921,swarm_builder,optimized,59,43,4,6,63,1.571,7.03,17.34,0.639,0.111,regolith_plain,2.0,0.133,1200.0,1790.7,-49.22,0.824,0
922,cargo_hauler,naive,2,39,42,22,86,2.114,13.81,43.84,0.583,0.291,regolith_plain,538.5,0.898,14000.0,7012.7,49.91,0.667,1
923,cargo_hauler,optimized,31,40,0,59,33,0.806,10.72,24.97,0.49,0.061,regolith_plain,451.2,0.752,14000.0,1990.6,85.78,0.828,1
924,light_scout,optimized,8,27,29,8,27,0.669,8.18,16.03,0.65,0.111,regolith_plain,23.8,0.595,3500.0,1157.0,66.94,0.806,1
925,cargo_hauler,naive,0,7,1,58,85,2.094,8.81,25.1,0.636,0.212,regolith_plain,89.3,0.149,14000.0,4698.7,66.44,0.736,1
926,light_scout,optimized,42,31,57,47,18,0.456,7.62,16.68,0.597,0.056,regolith_plain,13.2,0.33,3500.0,623.0,82.2,0.865,1
927,swarm_builder,naive,44,37,12,35,48,1.097,17.07,35.41,0.554,0.396,regolith_plain,2.3,0.153,1200.0,1882.5,-56.88,0.545,0
928,swarm_builder,naive,8,56,20,25,50,1.245,12.92,35.73,0.507,0.24,regolith_plain,13.6,0.907,1200.0,2218.2,-84.85,0.708,0
929,light_scout,naive,46,54,56,32,32,0.794,10.06,22.51,0.634,0.25,regolith_plain,20.7,0.518,3500.0,1309.1,62.6,0.721,1
930,swarm_builder,naive,38,23,14,15,39,0.959,12.88,26.95,0.676,0.333,regolith_plain,5.9,0.393,1200.0,1461.5,-21.79,0.647,0
931,crew_transport,optimized,54,42,44,28,15,0.363,7.94,17.34,0.596,0.067,regolith_plain,68.7,0.275,9500.0,603.9,93.64,0.866,1
932,light_scout,optimized,0,13,42,9,53,1.289,9.82,24.24,0.649,0.132,regolith_plain,9.9,0.248,3500.0,1878.1,46.34,0.798,1
933,swarm_builder,naive,42,58,53,2,78,1.871,11.86,28.23,0.63,0.423,regolith_plain,11.2,0.747,1200.0,3405.6,-183.8,0.585,0
934,crew_transport,naive,9,11,54,31,76,1.848,12.53,26.4,0.648,0.316,regolith_plain,205.7,0.823,9500.0,5045.0,46.89,0.651,1
935,light_scout,naive,8,41,41,58,53,1.305,13.83,40.96,0.613,0.415,regolith_plain,33.3,0.832,3500.0,3131.5,10.53,0.566,1
936,cargo_hauler,naive,14,43,33,31,49,1.151,12.3,32.58,0.455,0.245,regolith_plain,249.3,0.416,14000.0,2815.2,79.89,0.683,1
937,swarm_builder,optimized,28,49,18,32,18,0.439,8.64,19.74,0.481,0.222,regolith_plain,12.5,0.833,1200.0,647.8,46.02,0.74,1
938,cargo_hauler,optimized,5,11,28,18,25,0.613,8.06,16.71,0.709,0.16,regolith_plain,593.9,0.99,14000.0,2049.4,85.36,0.759,1
939,cargo_hauler,optimized,52,23,16,13,39,0.992,8.63,17.75,0.595,0.154,regolith_plain,491.7,0.82,14000.0,2918.1,79.16,0.766,1
940,crew_transport,naive,19,30,13,55,48,1.139,16.13,35.16,0.446,0.312,regolith_plain,104.2,0.417,9500.0,2454.7,74.16,0.64,1
941,cargo_hauler,optimized,9,51,47,49,40,0.971,7.54,21.51,0.587,0.15,regolith_plain,260.4,0.434,14000.0,2111.1,84.92,0.801,1
942,cargo_hauler,optimized,18,11,49,35,35,0.887,8.1,23.16,0.633,0.114,regolith_plain,314.1,0.524,14000.0,2199.3,84.29,0.799,1
943,swarm_builder,optimized,50,20,1,39,181,4.694,6.67,19.28,0.702,0.122,regolith_plain,3.5,0.233,1200.0,5999.4,-399.95,0.781,0
944,cargo_hauler,optimized,5,56,20,21,36,0.891,8.88,18.26,0.518,0.25,regolith_plain,331.3,0.552,14000.0,2222.3,84.13,0.715,1
945,swarm_builder,optimized,18,4,20,19,181,4.586,9.68,17.09,0.71,0.006,regolith_plain,7.3,0.487,1200.0,6452.5,-437.71,0.874,0
946,crew_transport,naive,9,49,42,37,69,1.683,11.31,25.99,0.594,0.362,regolith_plain,129.6,0.518,9500.0,4101.7,56.82,0.612,1
947,swarm_builder,optimized,52,9,48,32,24,0.593,9.2,26.25,0.476,0.208,regolith_plain,12.6,0.84,1200.0,899.6,25.03,0.732,1
948,cargo_hauler,optimized,56,36,38,36,19,0.443,9.21,19.77,0.594,0.0,regolith_plain,513.9,0.856,14000.0,1234.6,91.18,0.875,1
949,cargo_hauler,optimized,53,39,54,5,35,0.871,9.81,27.76,0.496,0.314,regolith_plain,160.9,0.268,14000.0,1875.4,86.6,0.682,1
950,crew_transport,optimized,47,29,42,52,25,0.579,8.19,17.77,0.615,0.0,regolith_plain,229.8,0.919,9500.0,1295.9,86.36,0.89,1
951,light_scout,naive,40,36,11,52,57,1.36,12.35,23.49,0.584,0.333,regolith_plain,17.9,0.447,3500.0,2569.1,26.6,0.627,1
952,swarm_builder,optimized,32,41,29,14,35,0.862,10.44,21.06,0.653,0.257,regolith_plain,13.4,0.893,1200.0,1578.3,-31.52,0.698,0
953,light_scout,optimized,10,46,10,2,45,1.095,8.52,17.9,0.589,0.044,regolith_plain,23.7,0.592,3500.0,1757.0,49.8,0.847,1
954,light_scout,optimized,56,5,43,44,41,1.015,7.85,25.69,0.569,0.098,regolith_plain,20.6,0.515,3500.0,1531.0,56.26,0.807,1
955,crew_transport,optimized,9,40,9,2,39,0.992,8.76,16.76,0.584,0.026,regolith_plain,248.5,0.994,9500.0,2335.2,75.42,0.859,1
956,light_scout,naive,25,33,32,50,37,0.869,15.13,37.11,0.604,0.432,regolith_plain,20.0,0.5,3500.0,1834.0,47.6,0.543,1
957,light_scout,optimized,29,5,54,12,26,0.641,10.8,23.06,0.616,0.231,regolith_plain,26.1,0.653,3500.0,1156.2,66.97,0.716,1
958,swarm_builder,naive,20,16,0,11,33,0.797,10.85,18.16,0.682,0.212,regolith_plain,2.6,0.173,1200.0,1119.1,6.74,0.725,1
959,crew_transport,naive,42,31,20,14,45,1.054,15.95,42.07,0.707,0.489,regolith_plain,164.3,0.657,9500.0,3666.4,61.41,0.489,0
960,cargo_hauler,optimized,24,42,58,37,36,0.899,10.69,23.53,0.601,0.083,regolith_plain,409.3,0.682,14000.0,2319.4,83.43,0.818,1
961,cargo_hauler,optimized,33,7,44,29,24,0.593,12.63,23.66,0.579,0.333,regolith_plain,355.6,0.593,14000.0,1587.3,88.66,0.654,1
962,swarm_builder,optimized,49,4,0,37,138,3.709,7.53,34.83,0.691,0.203,regolith_plain,14.3,0.953,1200.0,6710.8,-459.23,0.723,0
963,light_scout,optimized,31,19,47,26,17,0.395,10.48,23.81,0.558,0.118,regolith_plain,33.5,0.838,3500.0,686.8,80.38,0.784,1
964,cargo_hauler,naive,24,4,5,26,51,1.224,11.41,31.44,0.639,0.098,regolith_plain,394.2,0.657,14000.0,3490.6,75.07,0.806,1
965,light_scout,optimized,51,27,49,54,28,0.673,7.84,20.71,0.646,0.071,regolith_plain,16.0,0.4,3500.0,1023.9,70.75,0.851,1
966,cargo_hauler,naive,32,17,33,55,72,1.718,14.95,38.8,0.674,0.347,regolith_plain,168.4,0.281,14000.0,5180.4,63.0,0.59,1
967,crew_transport,naive,55,30,10,32,85,1.987,13.53,37.11,0.553,0.282,regolith_plain,249.8,0.999,9500.0,6084.3,35.95,0.662,1
968,crew_transport,optimized,32,5,37,38,52,1.211,10.24,26.4,0.682,0.135,regolith_plain,191.1,0.764,9500.0,2980.0,68.63,0.775,1
969,swarm_builder,optimized,16,43,54,6,44,1.125,10.61,25.69,0.519,0.273,regolith_plain,12.0,0.8,1200.0,1857.5,-54.79,0.687,0
970,cargo_hauler,optimized,42,5,15,37,66,1.532,12.1,34.83,0.672,0.47,regolith_plain,578.4,0.964,14000.0,6233.0,55.48,0.522,1
971,light_scout,optimized,55,11,6,1,54,1.342,7.29,20.07,0.624,0.111,regolith_plain,21.6,0.54,3500.0,2046.3,41.53,0.814,1
972,cargo_hauler,naive,24,2,40,16,36,0.857,14.38,31.79,0.672,0.472,regolith_plain,514.0,0.857,14000.0,3371.1,75.92,0.536,1
973,light_scout,optimized,38,53,19,33,23,0.597,9.77,22.61,0.634,0.391,regolith_plain,7.1,0.178,3500.0,921.3,73.68,0.615,1
974,swarm_builder,naive,44,12,59,37,39,0.942,9.33,23.17,0.48,0.128,regolith_plain,9.9,0.66,1200.0,1251.3,-4.27,0.795,0
975,cargo_hauler,naive,24,32,20,10,50,1.204,14.0,36.36,0.676,0.46,regolith_plain,202.7,0.338,14000.0,3676.2,73.74,0.533,1
976,crew_transport,optimized,47,37,27,46,24,0.593,8.38,17.18,0.736,0.292,regolith_plain,69.2,0.277,9500.0,1261.3,86.72,0.673,1
977,crew_transport,optimized,25,16,45,21,24,0.559,8.74,26.4,0.625,0.167,regolith_plain,86.8,0.347,9500.0,1135.6,88.05,0.761,1
978,cargo_hauler,optimized,14,23,48,10,47,1.144,9.54,24.36,0.679,0.319,regolith_plain,505.2,0.842,14000.0,3598.7,74.3,0.662,1
979,light_scout,optimized,7,34,20,24,36,0.833,11.63,33.78,0.674,0.667,regolith_plain,29.2,0.73,3500.0,2030.2,41.99,0.4,0
980,light_scout,naive,34,19,3,37,59,1.4,16.05,37.87,0.636,0.458,regolith_plain,16.2,0.405,3500.0,3045.3,12.99,0.525,1
981,crew_transport,naive,36,32,57,32,37,0.877,7.25,17.34,0.53,0.054,regolith_plain,27.3,0.109,9500.0,1303.3,86.28,0.852,1
982,cargo_hauler,optimized,21,8,43,48,52,1.26,8.19,24.11,0.685,0.135,regolith_plain,275.8,0.46,14000.0,3366.3,75.96,0.78,1
983,cargo_hauler,optimized,40,38,42,0,44,1.084,8.9,24.28,0.565,0.159,regolith_plain,564.7,0.941,14000.0,2956.8,78.88,0.768,1
984,light_scout,optimized,18,31,33,38,17,0.403,11.9,24.43,0.531,0.294,regolith_plain,31.0,0.775,3500.0,775.5,77.84,0.666,1
985,crew_transport,naive,0,59,39,23,78,1.921,13.48,37.46,0.523,0.244,regolith_plain,247.6,0.99,9500.0,5187.9,45.39,0.703,1
986,crew_transport,optimized,33,45,14,20,29,0.709,8.92,25.07,0.584,0.276,regolith_plain,171.9,0.688,9500.0,1686.7,82.25,0.681,1
987,cargo_hauler,optimized,7,39,22,22,23,0.573,12.64,33.02,0.584,0.522,regolith_plain,341.5,0.569,14000.0,1865.6,86.67,0.496,0
988,cargo_hauler,optimized,19,38,42,15,31,0.749,9.95,20.21,0.531,0.161,regolith_plain,267.9,0.446,14000.0,1702.8,87.84,0.759,1
989,light_scout,optimized,36,36,42,56,28,0.631,10.17,19.17,0.686,0.214,regolith_plain,17.7,0.442,3500.0,1160.0,66.86,0.719,1
990,light_scout,optimized,16,13,24,57,53,1.255,11.97,27.91,0.603,0.415,regolith_plain,30.7,0.768,3500.0,2758.8,21.18,0.587,1
991,swarm_builder,naive,25,13,52,0,47,1.119,12.7,58.48,0.622,0.255,regolith_plain,7.7,0.513,1200.0,1939.9,-61.66,0.676,0
992,swarm_builder,naive,28,27,5,56,66,1.557,12.57,35.68,0.534,0.303,regolith_plain,11.1,0.74,1200.0,2711.0,-125.92,0.671,0
993,cargo_hauler,naive,43,15,46,56,75,1.795,9.77,21.07,0.587,0.187,regolith_plain,336.6,0.561,14000.0,4553.7,67.47,0.749,1
994,light_scout,naive,15,10,29,1,23,0.548,8.34,17.47,0.603,0.0,regolith_plain,30.0,0.75,3500.0,853.5,75.61,0.901,1
995,crew_transport,optimized,21,11,35,28,24,0.559,8.17,23.24,0.725,0.25,regolith_plain,99.6,0.398,9500.0,1292.8,86.39,0.697,1
996,cargo_hauler,naive,7,36,28,40,35,0.804,13.58,23.4,0.475,0.343,regolith_plain,454.7,0.758,14000.0,2272.0,83.77,0.643,1
997,cargo_hauler,optimized,12,15,34,27,181,4.056,12.23,32.13,0.734,0.448,crater_floor,430.4,0.717,14000.0,13846.9,1.09,0.545,0
998,light_scout,naive,47,2,12,55,115,2.794,16.9,58.48,0.564,0.522,regolith_plain,27.3,0.682,3500.0,6607.5,-88.79,0.494,0
999,swarm_builder,optimized,8,24,52,18,54,1.284,8.71,25.81,0.616,0.352,regolith_plain,11.0,0.733,1200.0,2222.3,-85.19,0.633,0
1000,swarm_builder,optimized,42,38,56,18,21,0.549,9.36,17.34,0.53,0.095,regolith_plain,6.9,0.46,1200.0,744.2,37.98,0.802,1
1001,light_scout,optimized,1,19,5,39,21,0.516,10.68,19.99,0.619,0.143,regolith_plain,35.0,0.875,3500.0,1050.3,69.99,0.768,1
1002,crew_transport,optimized,18,33,10,56,25,0.588,10.54,19.7,0.468,0.04,regolith_plain,242.8,0.971,9500.0,1371.5,85.56,0.844,1
1003,light_scout,naive,18,21,0,54,56,1.299,13.23,36.65,0.525,0.286,regolith_plain,22.7,0.568,3500.0,2410.3,31.13,0.658,1
1004,cargo_hauler,naive,8,34,0,2,57,1.385,11.22,24.45,0.671,0.193,regolith_plain,345.4,0.576,14000.0,3989.7,71.5,0.726,1
1005,swarm_builder,naive,51,22,30,26,44,1.092,18.61,39.17,0.599,0.455,regolith_plain,2.7,0.18,1200.0,1888.5,-57.38,0.517,0
1006,crew_transport,optimized,21,57,15,5,56,1.307,9.0,18.4,0.54,0.054,regolith_plain,247.0,0.988,9500.0,3141.9,66.93,0.836,1
1007,crew_transport,optimized,37,56,18,17,91,2.181,10.63,27.14,0.664,0.198,regolith_plain,166.3,0.665,9500.0,5210.8,45.15,0.737,1
1008,cargo_hauler,optimized,49,19,30,50,37,0.919,8.31,22.23,0.603,0.054,regolith_plain,231.9,0.386,14000.0,2146.0,84.67,0.833,1
1009,crew_transport,optimized,46,17,28,24,181,4.337,9.26,19.28,0.702,0.287,regolith_plain,80.8,0.323,9500.0,8890.8,6.41,0.683,1
1010,crew_transport,naive,32,25,6,53,47,1.119,16.31,43.79,0.556,0.362,regolith_plain,81.6,0.326,9500.0,2667.0,71.93,0.594,1
1011,swarm_builder,optimized,56,51,32,41,25,0.596,7.91,17.3,0.717,0.2,regolith_plain,10.3,0.687,1200.0,973.5,18.88,0.746,1
1012,cargo_hauler,naive,22,42,50,29,39,0.934,11.45,23.48,0.558,0.308,regolith_plain,599.7,1.0,14000.0,3028.1,78.37,0.665,1
1013,light_scout,optimized,25,48,40,33,18,0.448,10.07,19.39,0.617,0.111,regolith_plain,26.4,0.66,3500.0,813.4,76.76,0.781,1
1014,swarm_builder,optimized,40,19,1,10,40,0.971,8.1,20.24,0.675,0.125,regolith_plain,6.6,0.44,1200.0,1443.8,-20.32,0.787,0
1015,light_scout,naive,45,19,53,50,57,1.377,9.28,17.56,0.61,0.14,regolith_plain,26.4,0.66,3500.0,2335.4,33.27,0.77,1
1016,swarm_builder,optimized,36,28,3,42,34,0.892,9.4,24.43,0.457,0.147,regolith_plain,10.9,0.727,1200.0,1251.6,-4.3,0.777,0
1017,crew_transport,optimized,45,7,58,56,50,1.287,11.14,25.33,0.459,0.16,regolith_plain,187.8,0.751,9500.0,2792.7,70.6,0.775,1
1018,cargo_hauler,optimized,24,6,40,29,24,0.593,9.8,23.16,0.604,0.125,regolith_plain,272.8,0.455,14000.0,1398.0,90.01,0.792,1
1019,cargo_hauler,optimized,19,32,41,30,23,0.539,9.59,20.21,0.535,0.261,regolith_plain,337.6,0.563,14000.0,1295.0,90.75,0.709,1
1020,swarm_builder,optimized,24,38,55,42,32,0.786,8.05,17.03,0.621,0.125,regolith_plain,13.4,0.893,1200.0,1293.4,-7.78,0.794,0
1021,light_scout,optimized,46,6,1,45,181,4.611,9.62,24.24,0.707,0.265,regolith_plain,10.4,0.26,3500.0,6857.4,-95.93,0.691,0
1022,crew_transport,naive,10,34,53,31,68,1.647,9.5,22.61,0.498,0.118,regolith_plain,124.9,0.5,9500.0,3224.0,66.06,0.799,1
1023,light_scout,naive,20,15,28,48,57,1.41,14.91,37.66,0.656,0.596,regolith_plain,24.5,0.612,3500.0,3385.0,3.29,0.432,0
1024,crew_transport,optimized,45,49,33,3,50,1.237,8.7,21.52,0.624,0.1,regolith_plain,247.2,0.989,9500.0,3013.1,68.28,0.813,1
1025,light_scout,naive,14,54,34,7,78,1.888,17.72,35.42,0.596,0.679,regolith_plain,25.6,0.64,3500.0,4403.5,-25.81,0.403,0
1026,crew_transport,optimized,26,45,52,40,28,0.706,9.13,22.23,0.685,0.107,regolith_plain,54.7,0.219,9500.0,1326.3,86.04,0.797,1
1027,swarm_builder,naive,26,50,33,6,61,1.507,14.83,43.79,0.648,0.393,regolith_plain,6.1,0.407,1200.0,2755.1,-129.59,0.577,0
1028,cargo_hauler,optimized,3,58,58,43,57,1.451,8.29,18.04,0.6,0.263,regolith_plain,417.9,0.696,14000.0,3854.7,72.47,0.717,1
1029,crew_transport,naive,37,23,3,9,51,1.282,11.81,26.92,0.679,0.255,regolith_plain,120.2,0.481,9500.0,2956.3,68.88,0.696,1
1030,crew_transport,optimized,6,2,28,8,23,0.556,7.12,15.42,0.639,0.217,regolith_plain,190.8,0.763,9500.0,1301.8,86.3,0.75,1
1031,light_scout,optimized,49,4,20,9,30,0.721,7.46,19.55,0.545,0.033,regolith_plain,38.3,0.957,3500.0,1226.8,64.95,0.873,1
1032,light_scout,optimized,1,55,13,5,51,1.265,8.95,17.05,0.536,0.0,regolith_plain,23.6,0.59,3500.0,1924.4,45.02,0.886,1
1033,light_scout,optimized,3,46,3,22,63,1.455,9.63,26.08,0.658,0.143,regolith_plain,6.8,0.17,3500.0,1930.7,44.84,0.796,1
1034,swarm_builder,optimized,23,32,53,44,34,0.834,10.82,29.41,0.672,0.294,regolith_plain,9.3,0.62,1200.0,1364.4,-13.7,0.673,0
1035,cargo_hauler,naive,31,32,4,27,56,1.34,16.14,34.87,0.592,0.518,regolith_plain,215.7,0.36,14000.0,4086.1,70.81,0.498,0
1036,crew_transport,naive,49,59,19,48,43,1.014,14.06,43.99,0.693,0.535,regolith_plain,179.7,0.719,9500.0,3171.3,66.62,0.497,0
1037,cargo_hauler,optimized,23,24,10,37,31,0.716,17.38,29.54,0.537,0.677,regolith_plain,458.8,0.765,14000.0,2354.7,83.18,0.443,0
1038,cargo_hauler,optimized,53,18,1,31,60,1.495,9.61,21.72,0.626,0.233,regolith_plain,313.4,0.522,14000.0,4083.7,70.83,0.702,1
1039,cargo_hauler,optimized,9,10,26,3,19,0.459,7.16,11.9,0.651,0.053,regolith_plain,444.6,0.741,14000.0,1116.9,92.02,0.871,1
1040,cargo_hauler,naive,1,59,31,34,69,1.65,10.54,31.86,0.473,0.145,regolith_plain,565.9,0.943,14000.0,4550.6,67.5,0.775,1
1041,swarm_builder,naive,35,9,35,24,30,0.713,16.49,23.66,0.674,0.733,regolith_plain,3.9,0.26,1200.0,1143.2,4.73,0.395,0
1042,swarm_builder,optimized,5,55,5,30,26,0.649,7.52,17.1,0.513,0.038,regolith_plain,13.8,0.92,1200.0,901.1,24.91,0.884,1
1043,swarm_builder,optimized,43,44,15,10,42,1.044,7.92,17.07,0.688,0.238,regolith_plain,13.4,0.893,1200.0,1925.1,-60.42,0.715,0
1044,swarm_builder,naive,52,52,51,37,20,0.488,8.04,19.62,0.677,0.05,regolith_plain,7.0,0.467,1200.0,653.2,45.57,0.87,1
1045,crew_transport,optimized,41,17,58,16,18,0.448,7.23,18.92,0.473,0.278,regolith_plain,180.0,0.72,9500.0,1026.4,89.2,0.67,1
1046,light_scout,optimized,50,13,2,36,90,2.343,7.46,20.03,0.662,0.156,regolith_plain,15.9,0.398,3500.0,3615.1,-3.29,0.758,0
1047,swarm_builder,optimized,12,29,12,11,19,0.443,8.44,14.95,0.618,0.105,crater_floor,6.1,0.407,1200.0,603.9,49.68,0.793,1
1048,swarm_builder,naive,21,44,54,1,81,1.998,16.67,43.35,0.621,0.568,regolith_plain,3.8,0.253,1200.0,3355.0,-179.58,0.471,0
1049,swarm_builder,optimized,49,49,36,41,14,0.343,9.46,18.15,0.75,0.357,regolith_plain,8.7,0.58,1200.0,643.6,46.37,0.621,1
1050,cargo_hauler,naive,28,55,59,24,49,1.209,11.19,43.13,0.653,0.51,regolith_plain,291.6,0.486,14000.0,3750.4,73.21,0.521,1
1051,crew_transport,optimized,17,11,57,14,44,1.092,8.53,24.24,0.619,0.136,regolith_plain,167.1,0.668,9500.0,2564.9,73.0,0.782,1
1052,crew_transport,naive,24,24,54,1,48,1.139,15.8,35.42,0.649,0.604,regolith_plain,64.7,0.259,9500.0,2894.8,69.53,0.439,0
1053,crew_transport,optimized,28,40,34,25,16,0.399,8.79,18.35,0.55,0.062,regolith_plain,109.5,0.438,9500.0,751.4,92.09,0.833,1
1054,cargo_hauler,optimized,2,43,55,35,55,1.353,7.88,18.6,0.477,0.127,regolith_plain,201.3,0.336,14000.0,2798.7,80.01,0.802,1
1055,light_scout,optimized,39,24,30,54,181,4.006,12.13,24.6,0.745,0.414,regolith_plain,10.1,0.252,3500.0,7301.8,-108.62,0.585,0
1056,swarm_builder,naive,49,30,14,22,52,1.285,14.52,36.36,0.66,0.385,regolith_plain,3.1,0.207,1200.0,2185.2,-82.1,0.577,0
1057,cargo_hauler,naive,29,17,54,26,64,1.567,11.36,26.4,0.54,0.156,regolith_plain,314.9,0.525,14000.0,4047.0,71.09,0.758,1
1058,light_scout,naive,48,43,50,9,63,1.472,11.26,26.25,0.556,0.413,regolith_plain,36.6,0.915,3500.0,3007.7,14.07,0.602,1
1059,cargo_hauler,optimized,19,8,55,23,37,0.944,11.11,25.81,0.545,0.243,regolith_plain,560.3,0.934,14000.0,2774.4,80.18,0.712,1
1060,swarm_builder,naive,7,48,37,9,82,2.001,18.01,43.84,0.598,0.646,regolith_plain,2.1,0.14,1200.0,3432.8,-186.07,0.404,0
1061,cargo_hauler,naive,29,55,3,25,63,1.571,12.97,37.52,0.528,0.175,regolith_plain,337.2,0.562,14000.0,4117.6,70.59,0.745,1
1062,light_scout,optimized,12,59,49,38,43,1.089,10.96,22.23,0.56,0.14,regolith_plain,22.3,0.558,3500.0,1820.7,47.98,0.764,1
1063,swarm_builder,naive,40,56,45,5,77,1.851,10.2,26.21,0.577,0.26,regolith_plain,12.8,0.853,1200.0,3216.1,-168.01,0.704,0
1064,swarm_builder,naive,1,56,18,10,81,1.989,11.57,23.32,0.533,0.062,regolith_plain,13.9,0.927,1200.0,3135.9,-161.33,0.829,0
1065,swarm_builder,optimized,26,40,11,6,37,0.911,9.22,19.95,0.611,0.135,regolith_plain,7.8,0.52,1200.0,1286.2,-7.18,0.785,0
1066,crew_transport,naive,58,51,4,27,94,2.316,13.45,37.87,0.679,0.426,regolith_plain,128.2,0.513,9500.0,6277.7,33.92,0.559,1
1067,crew_transport,naive,26,52,36,4,87,2.051,11.4,29.32,0.65,0.345,regolith_plain,101.5,0.406,9500.0,5016.9,47.19,0.627,1
1068,cargo_hauler,naive,10,15,34,46,68,1.638,15.14,36.65,0.647,0.529,regolith_plain,255.7,0.426,14000.0,5603.1,59.98,0.473,0
1069,light_scout,optimized,5,6,47,17,45,1.104,7.31,25.81,0.627,0.133,regolith_plain,38.4,0.96,3500.0,2110.1,39.71,0.798,1
1070,crew_transport,optimized,57,0,18,25,181,3.915,9.99,27.8,0.674,0.724,regolith_plain,146.8,0.587,9500.0,9582.3,-0.87,0.417,0
1071,cargo_hauler,naive,33,24,13,16,41,0.966,15.1,35.42,0.714,0.415,regolith_plain,210.7,0.351,14000.0,3154.2,77.47,0.55,1
1072,cargo_hauler,naive,7,36,38,52,58,1.405,10.75,28.54,0.572,0.345,regolith_plain,553.9,0.923,14000.0,4627.2,66.95,0.634,1
1073,cargo_hauler,optimized,48,49,47,32,39,0.843,9.87,17.34,0.709,0.026,regolith_plain,544.1,0.907,14000.0,2442.4,82.55,0.871,1
1074,cargo_hauler,naive,5,33,54,6,90,2.136,18.83,37.87,0.62,0.611,regolith_plain,133.7,0.223,14000.0,6984.7,50.11,0.397,0
1075,crew_transport,optimized,26,2,31,47,53,1.338,9.3,21.52,0.663,0.113,regolith_plain,79.3,0.317,9500.0,2723.4,71.33,0.786,1
1076,cargo_hauler,naive,9,8,50,13,69,1.691,12.14,27.8,0.626,0.406,regolith_plain,592.9,0.988,14000.0,5737.1,59.02,0.593,1
1077,cargo_hauler,optimized,8,26,31,41,25,0.629,10.7,20.08,0.498,0.24,regolith_plain,473.8,0.79,14000.0,1774.7,87.32,0.718,1
1078,cargo_hauler,optimized,14,4,27,52,181,4.056,18.42,33.2,0.682,0.602,regolith_plain,131.4,0.219,14000.0,11368.9,18.79,0.476,0
1079,crew_transport,naive,43,24,36,48,29,0.717,10.35,19.49,0.661,0.379,regolith_plain,106.3,0.425,9500.0,1855.5,80.47,0.593,1
1080,swarm_builder,naive,12,48,45,10,82,1.918,18.65,43.79,0.617,0.659,regolith_plain,12.1,0.807,1200.0,4485.2,-273.77,0.379,0
1081,crew_transport,optimized,33,37,35,8,30,0.746,10.45,20.17,0.595,0.1,regolith_plain,70.2,0.281,9500.0,1448.7,84.75,0.791,1
1082,crew_transport,optimized,14,23,46,57,47,1.185,8.11,23.4,0.635,0.255,regolith_plain,59.8,0.239,9500.0,2318.5,75.59,0.714,1
1083,crew_transport,naive,25,29,19,46,26,0.633,15.1,37.66,0.513,0.423,regolith_plain,160.0,0.64,9500.0,1676.9,82.35,0.545,1
1084,cargo_hauler,optimized,25,58,43,33,181,4.718,18.74,28.83,0.729,0.453,regolith_plain,277.2,0.462,14000.0,13600.7,2.85,0.581,0
1085,cargo_hauler,naive,1,38,10,53,30,0.737,10.89,24.53,0.454,0.133,regolith_plain,549.6,0.916,14000.0,1836.7,86.88,0.824,1
1086,light_scout,optimized,45,20,20,55,36,0.94,9.98,20.68,0.478,0.083,regolith_plain,32.1,0.802,3500.0,1561.7,55.38,0.804,1
1087,crew_transport,optimized,18,10,19,36,27,0.661,10.39,17.22,0.606,0.185,regolith_plain,126.1,0.504,9500.0,1378.6,85.49,0.753,1
1088,crew_transport,optimized,4,24,4,46,23,0.539,9.44,31.44,0.594,0.043,regolith_plain,40.2,0.161,9500.0,866.7,90.88,0.854,1
1089,light_scout,optimized,56,3,18,46,49,1.25,11.01,24.43,0.567,0.286,regolith_plain,10.9,0.272,3500.0,1863.9,46.75,0.689,1
1090,light_scout,optimized,11,15,47,52,53,1.33,8.94,25.15,0.623,0.208,regolith_plain,37.5,0.938,3500.0,2696.6,22.95,0.728,1
1091,crew_transport,naive,44,59,53,29,46,1.082,7.01,20.96,0.611,0.217,regolith_plain,234.6,0.938,9500.0,2589.5,72.74,0.758,1
1092,light_scout,optimized,31,47,34,26,47,1.202,8.34,21.52,0.668,0.085,regolith_plain,39.0,0.975,3500.0,2264.5,35.3,0.833,1
1093,cargo_hauler,optimized,31,23,47,46,29,0.734,11.16,33.21,0.673,0.138,regolith_plain,152.5,0.254,14000.0,1680.7,87.99,0.775,1
1094,swarm_builder,naive,39,3,25,28,40,0.946,19.1,56.63,0.676,0.65,regolith_plain,9.0,0.6,1200.0,2202.8,-83.57,0.383,0
1095,swarm_builder,optimized,44,30,17,35,28,0.681,6.86,22.61,0.514,0.071,regolith_plain,2.4,0.16,1200.0,752.0,37.33,0.825,1
1096,crew_transport,naive,47,45,19,42,40,0.946,13.13,26.21,0.671,0.6,regolith_plain,235.7,0.943,9500.0,3189.9,66.42,0.432,0
1097,light_scout,naive,24,21,58,26,67,1.593,14.71,36.8,0.55,0.239,regolith_plain,38.5,0.962,3500.0,3766.9,-7.63,0.662,0
1098,light_scout,naive,8,35,24,6,54,1.309,9.8,19.22,0.583,0.056,regolith_plain,11.7,0.292,3500.0,1890.3,45.99,0.844,1
1099,crew_transport,optimized,11,47,22,31,160,3.71,17.14,31.11,0.527,0.544,regolith_plain,128.7,0.515,9500.0,8869.2,6.64,0.509,1
1100,cargo_hauler,optimized,0,26,20,30,34,0.801,11.65,29.88,0.535,0.176,regolith_plain,80.7,0.134,14000.0,1721.7,87.7,0.744,1
1101,crew_transport,optimized,14,13,41,2,181,4.801,6.83,16.0,0.569,0.0,regolith_plain,169.1,0.676,9500.0,9245.9,2.67,0.911,0
1102,swarm_builder,optimized,36,11,24,34,181,3.998,13.73,21.33,0.708,0.144,regolith_plain,11.7,0.78,1200.0,7343.0,-511.92,0.741,0
1103,crew_transport,optimized,34,44,58,49,25,0.588,10.01,22.51,0.688,0.16,regolith_plain,116.1,0.464,9500.0,1214.0,87.22,0.778,1
1104,crew_transport,naive,57,35,20,8,73,1.705,10.33,29.32,0.54,0.205,regolith_plain,34.3,0.137,9500.0,3008.2,68.33,0.744,1
1105,cargo_hauler,naive,58,12,50,47,52,1.235,9.09,22.63,0.537,0.173,regolith_plain,459.3,0.766,14000.0,3311.2,76.35,0.763,1
1106,crew_transport,naive,54,20,53,52,54,1.275,10.0,27.78,0.644,0.185,regolith_plain,162.8,0.651,9500.0,2943.8,69.01,0.759,1
1107,crew_transport,optimized,16,3,25,47,181,3.989,19.97,34.48,0.675,0.84,regolith_plain,81.5,0.326,9500.0,10151.0,-6.85,0.331,0
1108,crew_transport,naive,45,55,33,25,46,1.173,10.71,43.35,0.637,0.239,regolith_plain,218.0,0.872,9500.0,3238.8,65.91,0.702,1
1109,swarm_builder,naive,42,3,34,54,81,1.973,19.82,58.48,0.645,0.605,regolith_plain,1.8,0.12,1200.0,3729.2,-210.77,0.395,0
1110,light_scout,optimized,28,31,3,21,181,3.923,20.17,27.04,0.62,0.978,regolith_plain,14.0,0.35,3500.0,8063.3,-130.38,0.244,0
1111,crew_transport,optimized,39,51,57,31,25,0.613,8.42,17.79,0.592,0.0,regolith_plain,84.8,0.339,9500.0,1096.2,88.46,0.895,1
1112,crew_transport,optimized,21,21,8,36,17,0.436,11.52,27.89,0.601,0.412,regolith_plain,150.0,0.6,9500.0,1094.3,88.48,0.557,1
1113,cargo_hauler,optimized,48,0,35,37,40,0.987,8.07,27.49,0.548,0.15,regolith_plain,390.5,0.651,14000.0,2445.3,82.53,0.781,1
1114,cargo_hauler,optimized,15,59,8,6,55,1.362,9.32,23.84,0.543,0.091,regolith_plain,538.8,0.898,14000.0,3834.5,72.61,0.816,1
1115,cargo_hauler,naive,48,58,24,53,30,0.713,15.34,43.99,0.753,0.7,rock_field,423.1,0.705,14000.0,3096.9,77.88,0.361,0
1116,cargo_hauler,optimized,23,14,36,55,46,1.157,12.86,33.2,0.691,0.5,regolith_plain,351.7,0.586,14000.0,3708.3,73.51,0.534,1
1117,light_scout,naive,2,56,45,14,79,1.916,14.63,43.79,0.577,0.405,regolith_plain,24.5,0.612,3500.0,3815.2,-9.01,0.586,0
1118,swarm_builder,naive,48,51,8,8,101,2.472,12.12,34.22,0.679,0.455,regolith_plain,9.8,0.653,1200.0,4849.7,-304.14,0.557,0
1119,cargo_hauler,optimized,35,19,52,28,18,0.415,10.07,21.52,0.502,0.111,regolith_plain,259.5,0.432,14000.0,875.2,93.75,0.8,1
1120,cargo_hauler,naive,2,51,36,32,56,1.365,16.51,37.46,0.529,0.429,regolith_plain,487.0,0.812,14000.0,4726.6,66.24,0.565,1
1121,cargo_hauler,naive,39,48,18,4,59,1.4,14.6,34.78,0.68,0.525,regolith_plain,137.2,0.229,14000.0,4306.9,69.24,0.492,0
1122,crew_transport,optimized,6,33,29,19,34,0.809,9.51,19.99,0.693,0.353,regolith_plain,135.9,0.544,9500.0,2089.9,78.0,0.606,1
1123,light_scout,optimized,47,59,8,18,48,1.23,9.12,20.15,0.609,0.271,regolith_plain,40.0,1.0,3500.0,2518.1,28.05,0.696,1
1124,cargo_hauler,naive,48,56,8,59,69,1.633,15.73,40.07,0.622,0.58,regolith_plain,562.7,0.938,14000.0,6488.4,53.65,0.465,0
1125,crew_transport,optimized,37,31,17,45,22,0.544,9.08,20.68,0.495,0.091,regolith_plain,151.6,0.606,9500.0,1169.5,87.69,0.799,1
1126,crew_transport,optimized,35,48,16,24,69,1.617,8.9,25.07,0.654,0.232,regolith_plain,60.1,0.24,9500.0,3188.6,66.44,0.704,1
1127,swarm_builder,optimized,40,42,18,6,48,1.213,8.33,27.14,0.688,0.25,regolith_plain,12.2,0.813,1200.0,2114.2,-76.18,0.714,0
1128,cargo_hauler,optimized,39,15,29,28,181,3.824,13.72,24.36,0.708,0.072,regolith_plain,88.8,0.148,14000.0,9024.0,35.54,0.781,1
1129,light_scout,naive,8,22,58,48,96,2.356,13.17,37.11,0.616,0.333,regolith_plain,38.1,0.952,3500.0,5419.6,-54.85,0.633,0
1130,swarm_builder,naive,4,58,43,36,72,1.735,12.65,25.99,0.605,0.431,regolith_plain,5.9,0.393,1200.0,2843.0,-136.92,0.57,0
1131,crew_transport,naive,58,4,9,55,110,2.669,12.77,30.81,0.514,0.309,regolith_plain,107.4,0.43,9500.0,5613.3,40.91,0.651,1
1132,swarm_builder,naive,58,2,57,27,44,1.034,13.57,55.39,0.511,0.341,regolith_plain,6.0,0.4,1200.0,1624.8,-35.4,0.597,0
1133,crew_transport,optimized,24,40,49,18,27,0.694,8.34,20.72,0.495,0.148,regolith_plain,198.9,0.796,9500.0,1524.0,83.96,0.777,1
1134,crew_transport,optimized,42,57,20,30,61,1.44,11.73,29.88,0.571,0.279,regolith_plain,105.1,0.42,9500.0,3181.0,66.52,0.681,1
1135,swarm_builder,optimized,11,32,2,46,15,0.388,10.42,20.97,0.503,0.0,regolith_plain,8.6,0.573,1200.0,525.0,56.25,0.88,1
1136,cargo_hauler,naive,4,35,41,58,74,1.767,8.92,18.58,0.591,0.311,regolith_plain,225.7,0.376,14000.0,4506.7,67.81,0.672,1
1137,swarm_builder,optimized,45,51,5,56,43,1.064,10.5,25.59,0.576,0.163,regolith_plain,9.1,0.607,1200.0,1559.0,-29.92,0.777,0
1138,light_scout,optimized,2,12,50,45,92,2.284,10.77,22.23,0.685,0.141,regolith_plain,24.0,0.6,3500.0,4246.4,-21.33,0.766,0
1139,crew_transport,naive,53,44,40,31,27,0.669,9.74,17.43,0.663,0.259,regolith_plain,192.6,0.77,9500.0,1742.6,81.66,0.687,1
1140,light_scout,optimized,45,8,35,50,49,1.159,8.94,21.47,0.654,0.286,regolith_plain,13.8,0.345,3500.0,1970.4,43.7,0.668,1
1141,cargo_hauler,naive,17,5,10,59,89,2.133,12.02,31.5,0.54,0.157,regolith_plain,411.9,0.686,14000.0,5670.1,59.5,0.768,1
1142,crew_transport,naive,4,36,58,52,88,2.146,10.63,23.15,0.582,0.17,regolith_plain,244.4,0.978,9500.0,5527.6,41.81,0.749,1
1143,crew_transport,optimized,21,29,55,4,39,0.984,12.72,29.22,0.625,0.436,regolith_plain,105.5,0.422,9500.0,2284.4,75.95,0.579,1
1144,crew_transport,naive,58,45,41,59,29,0.684,9.88,25.77,0.661,0.276,regolith_plain,116.5,0.466,9500.0,1622.2,82.92,0.703,1
1145,crew_transport,naive,0,22,27,14,38,0.889,11.02,26.09,0.693,0.184,regolith_plain,54.5,0.218,9500.0,1898.3,80.02,0.726,1
1146,light_scout,naive,56,37,33,59,38,0.922,9.89,40.07,0.642,0.184,regolith_plain,38.3,0.957,3500.0,1982.0,43.37,0.758,1
1147,cargo_hauler,optimized,56,46,53,27,20,0.471,6.67,13.38,0.493,0.0,regolith_plain,595.7,0.993,14000.0,1081.3,92.28,0.926,1
1148,swarm_builder,optimized,37,43,6,8,181,4.221,18.67,27.31,0.693,0.906,regolith_plain,13.4,0.893,1200.0,9215.6,-667.97,0.288,0
1149,light_scout,naive,32,36,58,25,45,1.087,8.75,16.57,0.476,0.0,regolith_plain,11.9,0.298,3500.0,1413.4,59.62,0.862,1
1150,light_scout,optimized,16,19,7,6,14,0.335,7.08,14.44,0.678,0.0,regolith_plain,18.2,0.455,3500.0,483.3,86.19,0.887,1
1151,swarm_builder,optimized,12,27,12,55,29,0.742,11.42,22.99,0.462,0.103,regolith_plain,14.6,0.973,1200.0,1222.8,-1.9,0.79,0
1152,cargo_hauler,naive,53,46,21,48,45,1.079,10.65,22.51,0.703,0.422,regolith_plain,486.8,0.811,14000.0,3715.2,73.46,0.586,1
1153,swarm_builder,optimized,13,11,57,14,46,1.149,10.02,24.43,0.582,0.13,regolith_plain,3.7,0.247,1200.0,1488.8,-24.07,0.772,0
1154,crew_transport,naive,20,15,2,3,36,0.874,10.19,21.59,0.699,0.25,regolith_plain,108.8,0.435,9500.0,2021.4,78.72,0.703,1
1155,crew_transport,optimized,22,5,38,12,181,3.998,15.22,27.8,0.635,0.508,regolith_plain,72.9,0.292,9500.0,8532.0,10.19,0.551,1
1156,light_scout,naive,23,35,15,48,29,0.651,11.48,25.59,0.426,0.207,regolith_plain,11.1,0.277,3500.0,915.7,73.84,0.71,1
1157,swarm_builder,naive,42,48,56,56,31,0.749,11.39,27.33,0.663,0.032,regolith_plain,11.5,0.767,1200.0,1207.7,-0.64,0.861,0
1158,light_scout,naive,47,10,41,49,59,1.467,8.36,23.0,0.541,0.237,regolith_plain,34.5,0.862,3500.0,2793.7,20.18,0.712,1
1159,light_scout,naive,47,32,45,12,31,0.716,10.35,24.85,0.469,0.387,regolith_plain,18.7,0.467,3500.0,1143.1,67.34,0.624,1
1160,crew_transport,naive,31,9,43,36,58,1.389,11.98,28.45,0.603,0.379,regolith_plain,77.0,0.308,9500.0,2937.5,69.08,0.612,1
1161,crew_transport,naive,30,42,24,9,76,1.798,16.19,34.55,0.663,0.566,regolith_plain,175.7,0.703,9500.0,5949.3,37.38,0.444,0
1162,swarm_builder,naive,56,10,26,35,50,1.162,16.19,37.46,0.576,0.54,regolith_plain,13.4,0.893,1200.0,2465.8,-105.48,0.505,0
1163,swarm_builder,optimized,16,55,12,20,36,0.932,9.43,18.4,0.49,0.0,regolith_plain,11.2,0.747,1200.0,1355.9,-12.99,0.859,0
1164,light_scout,optimized,13,24,29,13,19,0.451,7.21,18.62,0.716,0.211,regolith_plain,17.4,0.435,3500.0,770.2,77.99,0.74,1
1165,light_scout,naive,57,21,24,39,40,1.062,8.89,18.26,0.528,0.1,regolith_plain,29.6,0.74,3500.0,1787.9,48.92,0.806,1
1166,crew_transport,optimized,1,9,51,9,67,1.602,7.53,20.09,0.598,0.09,regolith_plain,56.4,0.226,9500.0,2847.9,70.02,0.835,1
1167,swarm_builder,naive,37,2,46,47,67,1.651,12.35,57.74,0.624,0.373,regolith_plain,5.3,0.353,1200.0,2663.1,-121.92,0.604,0
1168,cargo_hauler,naive,45,54,27,9,85,2.053,10.46,26.92,0.657,0.224,regolith_plain,496.0,0.827,14000.0,6071.9,56.63,0.726,1
1169,cargo_hauler,optimized,51,52,20,44,32,0.769,9.05,27.33,0.622,0.188,regolith_plain,309.4,0.516,14000.0,1879.3,86.58,0.755,1
1170,swarm_builder,optimized,51,25,3,12,49,1.25,9.01,21.59,0.624,0.143,regolith_plain,10.0,0.667,1200.0,1924.3,-60.36,0.774,0
1171,swarm_builder,naive,33,21,4,24,51,1.166,14.44,42.07,0.618,0.431,regolith_plain,10.2,0.68,1200.0,2279.5,-89.96,0.561,0
1172,swarm_builder,naive,15,4,42,28,47,1.111,9.54,24.11,0.696,0.447,regolith_plain,2.2,0.147,1200.0,1647.0,-37.25,0.559,0
1173,swarm_builder,optimized,33,16,3,44,181,4.652,9.12,26.4,0.719,0.215,regolith_plain,2.6,0.173,1200.0,5941.8,-395.15,0.719,0
1174,swarm_builder,optimized,33,29,20,21,173,3.995,16.62,27.14,0.7,0.277,regolith_plain,4.8,0.32,1200.0,6413.3,-434.44,0.674,0
1175,swarm_builder,optimized,29,4,42,23,21,0.549,10.31,25.81,0.583,0.19,regolith_plain,4.4,0.293,1200.0,733.0,38.92,0.741,1
1176,crew_transport,optimized,25,31,4,43,22,0.553,14.44,29.54,0.457,0.273,regolith_plain,131.7,0.527,9500.0,1202.4,87.34,0.683,1
1177,cargo_hauler,naive,37,39,26,17,39,0.917,17.85,36.47,0.721,0.59,rock_field,474.8,0.791,14000.0,4182.9,70.12,0.386,0
1178,light_scout,naive,18,15,33,37,37,0.861,18.44,34.78,0.67,0.703,regolith_plain,29.4,0.735,3500.0,2457.9,29.77,0.346,0
1179,cargo_hauler,naive,7,11,27,26,41,0.974,18.84,35.83,0.735,0.707,rock_field,490.8,0.818,14000.0,4589.3,67.22,0.327,0
1180,light_scout,optimized,32,48,8,41,25,0.637,9.69,20.72,0.494,0.2,regolith_plain,9.7,0.242,3500.0,888.4,74.62,0.735,1
1181,cargo_hauler,optimized,42,12,54,31,20,0.479,10.0,24.85,0.481,0.35,regolith_plain,299.5,0.499,14000.0,1117.8,92.02,0.655,1
1182,cargo_hauler,naive,10,32,34,14,44,1.067,17.85,37.87,0.652,0.636,regolith_plain,233.7,0.389,14000.0,4049.7,71.07,0.374,0
1183,cargo_hauler,optimized,46,22,21,36,27,0.677,9.64,22.61,0.508,0.148,regolith_plain,456.1,0.76,14000.0,1808.8,87.08,0.772,1
1184,swarm_builder,naive,29,46,20,25,29,0.693,17.37,37.11,0.634,0.621,regolith_plain,11.1,0.74,1200.0,1560.3,-30.02,0.424,0
1185,swarm_builder,optimized,52,30,0,12,55,1.395,8.37,18.16,0.631,0.109,regolith_plain,10.3,0.687,1200.0,2093.3,-74.44,0.804,0
1186,light_scout,naive,58,21,32,44,45,1.071,7.88,16.63,0.669,0.333,regolith_plain,5.1,0.128,3500.0,1771.1,49.4,0.631,1
1187,cargo_hauler,naive,59,33,47,52,37,0.861,7.93,20.96,0.626,0.135,regolith_plain,463.2,0.772,14000.0,2389.9,82.93,0.802,1
1188,swarm_builder,optimized,19,55,22,2,55,1.345,8.8,17.3,0.541,0.036,regolith_plain,14.6,0.973,1200.0,2147.1,-78.92,0.845,0
1189,crew_transport,naive,13,33,36,18,42,0.994,19.94,37.87,0.672,0.643,regolith_plain,116.5,0.466,9500.0,3370.3,64.52,0.355,0
1190,swarm_builder,naive,46,37,22,24,38,0.922,15.09,34.18,0.643,0.421,regolith_plain,11.7,0.78,1200.0,1892.4,-57.7,0.562,0
1191,crew_transport,optimized,51,36,36,59,181,3.998,8.88,16.09,0.742,0.11,regolith_plain,128.6,0.514,9500.0,8586.0,9.62,0.815,1
1192,cargo_hauler,optimized,4,43,26,4,41,1.024,9.34,19.32,0.584,0.073,regolith_plain,284.9,0.475,14000.0,2383.7,82.97,0.821,1
1193,swarm_builder,optimized,42,47,36,0,51,1.257,9.59,23.16,0.606,0.118,regolith_plain,10.8,0.72,1200.0,1969.4,-64.12,0.799,0
1194,cargo_hauler,optimized,49,1,27,20,49,1.101,9.76,32.08,0.663,0.49,regolith_plain,131.3,0.219,14000.0,2897.5,79.3,0.532,1
1195,crew_transport,optimized,9,43,42,22,35,0.895,10.71,23.15,0.496,0.2,regolith_plain,160.2,0.641,9500.0,1819.4,80.85,0.74,1
1196,cargo_hauler,naive,38,37,50,52,33,0.814,11.47,25.77,0.737,0.424,regolith_plain,490.6,0.818,14000.0,2924.5,79.11,0.562,1
1197,cargo_hauler,optimized,6,59,57,56,58,1.43,9.08,27.33,0.6,0.155,regolith_plain,169.6,0.283,14000.0,3037.6,78.3,0.796,1
1198,light_scout,naive,13,19,16,50,46,1.091,10.52,24.97,0.511,0.087,regolith_plain,28.4,0.71,3500.0,1854.0,47.03,0.807,1
1199,cargo_hauler,naive,32,24,4,22,50,1.171,16.96,42.07,0.722,0.48,regolith_plain,544.9,0.908,14000.0,5237.1,62.59,0.461,0
1200,light_scout,optimized,52,46,26,43,30,0.729,10.51,21.07,0.693,0.167,regolith_plain,33.1,0.828,3500.0,1426.8,59.23,0.75,1
1201,cargo_hauler,optimized,9,24,5,56,33,0.822,8.23,14.75,0.493,0.0,regolith_plain,196.8,0.328,14000.0,1601.1,88.56,0.901,1
1202,crew_transport,optimized,52,14,21,46,35,0.92,10.13,20.72,0.482,0.229,regolith_plain,35.5,0.142,9500.0,1613.2,83.02,0.715,1
1203,swarm_builder,optimized,39,44,42,0,48,1.189,9.63,24.28,0.582,0.271,regolith_plain,5.9,0.393,1200.0,1765.5,-47.12,0.682,0
1204,swarm_builder,optimized,41,1,12,42,162,3.576,11.86,34.83,0.697,0.469,regolith_plain,6.7,0.447,1200.0,6810.1,-467.51,0.518,0
1205,crew_transport,optimized,59,20,26,16,35,0.837,9.68,26.95,0.523,0.343,regolith_plain,185.7,0.743,9500.0,1989.1,79.06,0.639,1
1206,swarm_builder,naive,40,29,25,32,35,0.829,17.0,38.8,0.638,0.371,regolith_plain,14.5,0.967,1200.0,2022.0,-68.5,0.573,0
1207,swarm_builder,naive,56,43,27,48,35,0.862,9.79,21.23,0.691,0.286,regolith_plain,5.1,0.34,1200.0,1308.6,-9.05,0.689,0
1208,crew_transport,naive,47,4,3,19,79,1.867,10.68,21.72,0.624,0.253,regolith_plain,82.8,0.331,9500.0,4122.6,56.6,0.689,1
1209,crew_transport,optimized,40,7,6,34,52,1.302,11.05,26.92,0.66,0.308,regolith_plain,81.3,0.325,9500.0,2855.7,69.94,0.657,1
1210,light_scout,naive,25,43,12,1,76,1.831,13.81,37.66,0.663,0.447,regolith_plain,38.9,0.972,3500.0,4809.8,-37.42,0.544,0
1211,cargo_hauler,naive,17,23,56,55,68,1.638,14.98,35.91,0.705,0.691,rock_field,407.5,0.679,14000.0,6615.8,52.74,0.368,0
1212,swarm_builder,optimized,5,12,55,23,93,2.113,9.5,26.4,0.681,0.301,crater_floor,14.1,0.94,1200.0,3906.5,-225.54,0.657,0
1213,swarm_builder,optimized,38,7,56,24,20,0.513,11.36,21.32,0.496,0.35,regolith_plain,13.2,0.88,1200.0,917.8,23.52,0.628,1
1214,cargo_hauler,optimized,7,17,12,32,16,0.408,9.98,16.42,0.587,0.0,regolith_plain,332.4,0.554,14000.0,1047.3,92.52,0.85,1
1215,light_scout,naive,45,2,49,20,23,0.539,9.83,22.51,0.473,0.261,regolith_plain,37.3,0.932,3500.0,1009.9,71.15,0.686,1
1216,crew_transport,optimized,35,12,52,36,25,0.637,8.54,27.32,0.508,0.16,regolith_plain,122.1,0.488,9500.0,1211.3,87.25,0.784,1
1217,cargo_hauler,naive,36,6,25,45,53,1.222,18.53,43.84,0.597,0.566,regolith_plain,309.8,0.516,14000.0,4349.8,68.93,0.456,0
1218,light_scout,naive,9,16,2,1,31,0.733,8.71,18.62,0.724,0.387,regolith_plain,19.8,0.495,3500.0,1419.5,59.44,0.614,1
1219,swarm_builder,naive,13,47,54,0,114,2.782,14.76,42.07,0.585,0.456,regolith_plain,4.9,0.327,1200.0,4616.5,-284.71,0.532,0
1220,crew_transport,optimized,38,59,12,7,85,2.127,11.88,33.02,0.662,0.365,regolith_plain,205.0,0.82,9500.0,6180.0,34.95,0.625,1
1221,swarm_builder,optimized,16,59,5,47,14,0.343,13.14,30.82,0.501,0.214,regolith_plain,8.7,0.58,1200.0,481.1,59.91,0.736,1
1222,cargo_hauler,naive,2,8,2,27,28,0.656,11.24,26.08,0.724,0.429,crater_floor,424.7,0.708,14000.0,2049.2,85.36,0.597,1
1223,swarm_builder,optimized,13,55,27,11,52,1.31,13.29,31.5,0.573,0.385,regolith_plain,2.4,0.16,1200.0,1647.9,-37.33,0.621,0
1224,swarm_builder,naive,3,59,53,53,78,1.847,13.51,40.07,0.594,0.295,regolith_plain,11.1,0.74,1200.0,3544.6,-195.38,0.667,0
1225,cargo_hauler,optimized,48,7,31,9,21,0.491,9.11,16.41,0.581,0.095,regolith_plain,436.9,0.728,14000.0,1322.6,90.55,0.798,1
1226,cargo_hauler,optimized,59,11,13,32,50,1.278,8.03,25.07,0.522,0.16,regolith_plain,538.5,0.898,14000.0,3465.2,75.25,0.769,1
1227,light_scout,optimized,4,16,41,57,44,1.15,10.81,20.15,0.635,0.273,regolith_plain,37.7,0.943,3500.0,2366.8,32.38,0.689,1
1228,cargo_hauler,naive,31,14,7,43,74,1.841,18.24,37.87,0.593,0.554,regolith_plain,353.8,0.59,14000.0,6914.9,50.61,0.442,0
1229,crew_transport,naive,14,20,46,35,52,1.235,15.34,37.46,0.667,0.462,regolith_plain,87.2,0.349,9500.0,3540.1,62.74,0.508,1
1230,cargo_hauler,naive,55,41,18,55,52,1.235,13.93,38.49,0.686,0.423,regolith_plain,443.7,0.739,14000.0,4588.4,67.23,0.562,1
1231,cargo_hauler,naive,35,31,40,7,45,1.071,14.61,34.44,0.591,0.378,regolith_plain,426.2,0.71,14000.0,3513.6,74.9,0.6,1
1232,cargo_hauler,naive,27,18,36,56,50,1.195,18.22,43.84,0.714,0.7,rock_field,229.8,0.383,14000.0,4595.7,67.17,0.323,0
1233,swarm_builder,optimized,45,53,41,22,33,0.797,6.08,17.31,0.599,0.03,regolith_plain,2.4,0.16,1200.0,853.8,28.85,0.879,1
1234,crew_transport,optimized,47,44,33,52,16,0.375,10.2,20.18,0.676,0.188,regolith_plain,36.4,0.146,9500.0,675.9,92.89,0.758,1
1235,crew_transport,optimized,52,25,37,59,181,3.873,6.7,14.16,0.729,0.066,regolith_plain,53.1,0.212,9500.0,6866.3,27.72,0.856,1
1236,swarm_builder,optimized,42,8,56,23,18,0.439,12.27,20.07,0.484,0.556,regolith_plain,10.1,0.673,1200.0,729.3,39.22,0.503,1
1237,crew_transport,optimized,11,53,49,23,41,1.065,10.62,21.26,0.473,0.195,regolith_plain,165.1,0.66,9500.0,2245.2,76.37,0.741,1
1238,cargo_hauler,optimized,41,58,13,32,33,0.855,10.0,20.72,0.601,0.242,regolith_plain,252.0,0.42,14000.0,2066.6,85.24,0.717,1
1239,light_scout,optimized,40,6,35,51,49,1.192,10.82,27.8,0.665,0.388,regolith_plain,38.1,0.952,3500.0,2669.1,23.74,0.616,1
1240,swarm_builder,optimized,28,48,1,30,29,0.717,9.6,19.74,0.524,0.31,regolith_plain,9.6,0.64,1200.0,1045.2,12.9,0.685,1
1241,cargo_hauler,optimized,18,46,47,33,30,0.754,8.8,20.29,0.519,0.1,regolith_plain,266.5,0.444,14000.0,1729.2,87.65,0.79,1
1242,light_scout,naive,46,16,24,46,63,1.522,11.51,23.48,0.505,0.27,regolith_plain,4.1,0.102,3500.0,2012.0,42.51,0.688,1
1243,swarm_builder,optimized,1,2,43,33,96,2.347,8.42,20.03,0.712,0.208,regolith_plain,11.0,0.733,1200.0,4032.7,-236.06,0.712,0
1244,cargo_hauler,naive,13,30,30,23,38,0.897,21.58,42.07,0.694,0.763,regolith_plain,544.7,0.908,14000.0,4806.9,65.67,0.263,0
1245,swarm_builder,optimized,1,4,0,54,51,1.257,8.96,26.08,0.62,0.039,regolith_plain,10.7,0.713,1200.0,1819.5,-51.62,0.852,0
1246,crew_transport,optimized,11,47,31,2,50,1.262,8.99,18.44,0.604,0.22,regolith_plain,98.4,0.394,9500.0,2690.3,71.68,0.716,1
1247,crew_transport,optimized,27,11,18,56,181,3.832,8.24,34.83,0.737,0.481,regolith_plain,86.2,0.345,9500.0,10499.8,-10.52,0.515,0
1248,light_scout,naive,18,41,3,33,24,0.543,10.0,18.31,0.483,0.0,regolith_plain,34.0,0.85,3500.0,925.9,73.55,0.856,1
1249,crew_transport,naive,17,1,15,47,74,1.833,11.25,25.59,0.539,0.095,regolith_plain,211.7,0.847,9500.0,4350.7,54.2,0.797,1
1250,light_scout,optimized,54,52,18,27,181,3.931,17.75,29.25,0.578,0.873,regolith_plain,23.7,0.592,3500.0,8053.8,-130.11,0.325,0
1251,cargo_hauler,naive,59,32,42,26,22,0.519,9.92,16.54,0.468,0.0,regolith_plain,482.2,0.804,14000.0,1246.1,91.1,0.867,1
1252,cargo_hauler,optimized,1,46,35,17,43,1.097,10.89,25.27,0.588,0.395,regolith_plain,70.9,0.118,14000.0,2608.9,81.36,0.606,1
1253,cargo_hauler,optimized,10,8,51,1,181,4.279,6.74,11.9,0.571,0.006,regolith_plain,287.4,0.479,14000.0,8956.0,36.03,0.906,1
1254,swarm_builder,optimized,25,39,1,35,25,0.613,10.8,20.08,0.527,0.16,regolith_plain,1.6,0.107,1200.0,704.4,41.3,0.768,1
1255,crew_transport,naive,43,56,43,24,52,1.244,10.6,21.63,0.626,0.288,regolith_plain,162.9,0.652,9500.0,3229.3,66.01,0.665,1
1256,light_scout,naive,42,34,24,50,35,0.846,8.78,18.69,0.731,0.314,regolith_plain,37.2,0.93,3500.0,1990.8,43.12,0.637,1
1257,light_scout,optimized,49,50,30,51,24,0.551,7.67,18.4,0.67,0.208,regolith_plain,32.3,0.807,3500.0,1048.9,70.03,0.758,1
1258,light_scout,naive,22,17,1,19,33,0.781,12.27,26.07,0.717,0.242,crater_floor,23.8,0.595,3500.0,1717.8,50.92,0.664,1
1259,light_scout,optimized,1,56,23,33,181,4.196,16.33,25.07,0.54,0.547,regolith_plain,22.6,0.565,3500.0,8094.4,-131.27,0.509,0
1260,light_scout,optimized,23,17,28,44,43,1.006,14.02,33.2,0.684,0.674,regolith_plain,22.4,0.56,3500.0,2337.9,33.2,0.404,0
1261,cargo_hauler,optimized,42,32,15,46,29,0.717,9.18,22.23,0.54,0.069,regolith_plain,577.2,0.962,14000.0,2075.1,85.18,0.806,1
1262,crew_transport,optimized,57,39,36,2,38,0.98,10.57,24.75,0.533,0.184,regolith_plain,141.2,0.565,9500.0,2057.9,78.34,0.764,1
1263,swarm_builder,optimized,53,0,54,37,47,1.053,8.43,26.25,0.536,0.17,regolith_plain,4.0,0.267,1200.0,1269.3,-5.77,0.771,0
1264,cargo_hauler,optimized,18,39,54,11,39,1.025,9.69,25.07,0.519,0.154,regolith_plain,403.6,0.673,14000.0,2586.5,81.53,0.759,1
1265,cargo_hauler,naive,1,50,4,12,54,1.259,8.47,26.06,0.69,0.167,regolith_plain,256.3,0.427,14000.0,3189.1,77.22,0.763,1
1266,swarm_builder,naive,1,34,24,34,43,1.047,11.72,32.56,0.54,0.07,regolith_plain,9.2,0.613,1200.0,1606.7,-33.89,0.798,0
1267,crew_transport,naive,56,37,31,33,34,0.809,8.86,17.26,0.547,0.029,regolith_plain,73.8,0.295,9500.0,1468.6,84.54,0.851,1
1268,swarm_builder,optimized,33,23,7,24,36,0.866,8.88,19.28,0.695,0.194,regolith_plain,14.7,0.98,1200.0,1624.4,-35.37,0.734,0
1269,crew_transport,optimized,5,52,27,29,181,4.221,9.98,25.52,0.447,0.171,regolith_plain,245.2,0.981,9500.0,9892.0,-4.13,0.759,0
1270,crew_transport,naive,5,54,28,10,73,1.73,12.63,33.61,0.56,0.397,regolith_plain,174.1,0.696,9500.0,4297.9,54.76,0.605,1
1271,crew_transport,naive,45,11,11,15,55,1.362,14.74,35.83,0.672,0.509,regolith_plain,76.3,0.305,9500.0,3525.5,62.89,0.502,1
1272,light_scout,optimized,39,48,12,28,28,0.722,10.11,25.07,0.582,0.321,regolith_plain,27.2,0.68,3500.0,1441.4,58.82,0.639,1
1273,swarm_builder,naive,59,56,40,7,77,1.851,12.08,30.09,0.581,0.221,regolith_plain,14.1,0.94,1200.0,3289.4,-174.12,0.724,0
1274,crew_transport,optimized,44,30,53,51,23,0.589,8.54,19.78,0.623,0.043,regolith_plain,237.2,0.949,9500.0,1377.3,85.5,0.881,1
1275,cargo_hauler,optimized,36,29,49,8,24,0.617,8.43,22.51,0.521,0.167,regolith_plain,213.0,0.355,14000.0,1420.6,89.85,0.757,1
1276,swarm_builder,optimized,21,55,46,21,36,0.915,9.02,22.23,0.571,0.028,regolith_plain,14.6,0.973,1200.0,1513.0,-26.08,0.846,0
1277,light_scout,naive,23,7,42,9,24,0.576,9.78,17.7,0.624,0.125,regolith_plain,37.2,0.93,3500.0,1131.9,67.66,0.793,1
1278,light_scout,optimized,52,40,58,19,23,0.564,8.87,18.49,0.375,0.13,regolith_plain,15.4,0.385,3500.0,684.8,80.43,0.802,1
1279,cargo_hauler,naive,53,56,45,35,39,0.934,10.9,27.33,0.71,0.282,regolith_plain,182.0,0.303,14000.0,2442.1,82.56,0.684,1
1280,crew_transport,optimized,8,32,38,55,35,0.887,8.39,19.33,0.601,0.171,regolith_plain,83.5,0.334,9500.0,1769.1,81.38,0.764,1
1281,swarm_builder,optimized,46,41,14,43,39,0.942,8.61,19.33,0.652,0.359,regolith_plain,10.3,0.687,1200.0,1658.1,-38.17,0.618,0
1282,swarm_builder,optimized,50,38,2,41,49,1.167,9.28,18.6,0.493,0.102,regolith_plain,10.8,0.72,1200.0,1725.8,-43.82,0.803,0
1283,swarm_builder,naive,3,20,45,59,74,1.841,11.16,23.48,0.606,0.27,regolith_plain,7.8,0.52,1200.0,2823.8,-135.32,0.684,0
1284,crew_transport,optimized,46,21,55,40,20,0.488,7.19,12.55,0.453,0.0,regolith_plain,58.5,0.234,9500.0,724.5,92.37,0.899,1
1285,light_scout,optimized,14,18,46,3,42,1.035,7.9,20.36,0.639,0.095,regolith_plain,7.2,0.18,3500.0,1418.7,59.47,0.822,1
1286,light_scout,naive,8,41,51,18,81,1.898,15.36,36.36,0.561,0.481,regolith_plain,26.7,0.668,3500.0,4267.2,-21.92,0.508,0
1287,light_scout,optimized,36,21,53,7,19,0.484,10.47,18.96,0.576,0.263,regolith_plain,38.6,0.965,3500.0,1009.8,71.15,0.688,1
1288,crew_transport,optimized,45,47,22,10,46,1.157,10.04,19.28,0.689,0.217,regolith_plain,97.0,0.388,9500.0,2564.0,73.01,0.712,1
1289,light_scout,optimized,37,31,31,16,18,0.423,11.14,21.47,0.692,0.278,regolith_plain,31.7,0.792,3500.0,821.6,76.53,0.709,1
1290,cargo_hauler,naive,41,6,2,2,82,1.951,10.29,46.24,0.658,0.293,regolith_plain,238.3,0.397,14000.0,5363.7,61.69,0.677,1
1291,swarm_builder,optimized,0,37,34,48,35,0.854,8.98,25.59,0.542,0.143,regolith_plain,4.5,0.3,1200.0,1042.9,13.09,0.789,1
1292,cargo_hauler,optimized,23,50,35,0,51,1.348,10.92,24.75,0.578,0.176,regolith_plain,487.0,0.812,14000.0,3857.1,72.45,0.758,1
1293,cargo_hauler,optimized,13,1,8,46,46,1.19,10.26,20.72,0.54,0.043,regolith_plain,303.7,0.506,14000.0,2727.0,80.52,0.848,1
1294,swarm_builder,optimized,21,25,56,26,181,3.708,22.55,25.65,0.673,0.669,regolith_plain,1.7,0.113,1200.0,5797.2,-383.1,0.433,0
1295,swarm_builder,optimized,33,45,8,56,28,0.697,11.17,25.59,0.537,0.179,regolith_plain,7.1,0.473,1200.0,987.2,17.73,0.76,1
1296,cargo_hauler,optimized,2,57,22,17,43,1.105,9.1,18.66,0.55,0.209,regolith_plain,178.1,0.297,14000.0,2598.3,81.44,0.732,1
1297,swarm_builder,naive,44,54,25,38,33,0.781,9.78,21.07,0.658,0.424,regolith_plain,5.9,0.393,1200.0,1267.3,-5.61,0.593,0
1298,crew_transport,optimized,48,8,16,47,41,1.073,12.15,23.17,0.547,0.341,regolith_plain,143.4,0.574,9500.0,2402.8,74.71,0.649,1
1299,light_scout,optimized,32,9,3,5,31,0.774,6.65,21.15,0.671,0.161,regolith_plain,12.0,0.3,3500.0,1059.4,69.73,0.787,1
1300,crew_transport,optimized,13,45,47,58,36,0.882,8.73,20.48,0.643,0.222,regolith_plain,185.6,0.742,9500.0,2125.7,77.62,0.733,1
1301,swarm_builder,optimized,16,46,31,21,60,1.404,12.54,27.27,0.542,0.333,regolith_plain,2.1,0.14,1200.0,1789.3,-49.11,0.643,0
1302,swarm_builder,optimized,39,27,37,55,31,0.766,6.88,12.83,0.634,0.0,regolith_plain,12.9,0.86,1200.0,1164.6,2.95,0.89,0
1303,swarm_builder,optimized,12,15,1,44,30,0.754,8.67,15.1,0.613,0.0,regolith_plain,5.4,0.36,1200.0,930.6,22.45,0.887,1
1304,light_scout,naive,34,16,7,40,56,1.332,13.77,35.16,0.534,0.411,regolith_plain,32.0,0.8,3500.0,2854.5,18.44,0.582,1
1305,light_scout,optimized,37,50,15,33,24,0.609,9.72,17.06,0.588,0.292,regolith_plain,29.5,0.738,3500.0,1174.0,66.46,0.668,1
1306,cargo_hauler,optimized,6,43,28,47,23,0.523,10.87,19.02,0.468,0.13,regolith_plain,417.6,0.696,14000.0,1291.1,90.78,0.776,1
1307,swarm_builder,naive,50,52,34,23,50,1.179,13.83,43.79,0.704,0.36,regolith_plain,10.4,0.693,1200.0,2526.1,-110.51,0.591,0
1308,swarm_builder,optimized,55,25,39,21,17,0.403,7.03,16.1,0.456,0.059,regolith_plain,4.3,0.287,1200.0,451.8,62.35,0.838,1
1309,cargo_hauler,naive,15,32,37,7,55,1.353,14.28,35.91,0.64,0.491,regolith_plain,204.6,0.341,14000.0,4412.1,68.48,0.496,0
1310,cargo_hauler,naive,59,19,13,34,67,1.56,13.02,34.85,0.494,0.239,regolith_plain,398.2,0.664,14000.0,4383.4,68.69,0.691,1
1311,swarm_builder,optimized,6,57,38,47,36,0.874,10.15,20.48,0.579,0.167,regolith_plain,4.6,0.307,1200.0,1177.3,1.89,0.763,0
1312,crew_transport,optimized,35,29,18,21,181,4.039,17.2,27.14,0.676,0.188,regolith_plain,224.8,0.899,9500.0,11442.1,-20.44,0.73,0
1313,light_scout,naive,38,46,27,30,23,0.564,12.93,28.01,0.683,0.522,regolith_plain,34.0,0.85,3500.0,1418.1,59.48,0.498,0
1314,crew_transport,naive,6,21,38,59,79,1.925,11.29,41.16,0.585,0.291,regolith_plain,50.9,0.204,9500.0,3926.8,58.67,0.671,1
1315,cargo_hauler,optimized,35,58,49,28,31,0.749,8.51,17.17,0.638,0.032,regolith_plain,517.1,0.862,14000.0,2005.9,85.67,0.873,1
1316,cargo_hauler,optimized,29,8,40,52,60,1.445,9.78,22.21,0.677,0.15,regolith_plain,323.6,0.539,14000.0,4053.6,71.05,0.761,1
1317,swarm_builder,optimized,31,35,57,54,29,0.751,9.16,22.51,0.685,0.103,regolith_plain,2.4,0.16,1200.0,917.9,23.51,0.81,1
1318,cargo_hauler,optimized,34,48,45,0,50,1.278,8.21,20.64,0.562,0.2,regolith_plain,70.8,0.118,14000.0,2558.0,81.73,0.734,1
1319,swarm_builder,optimized,55,1,0,11,57,1.443,7.65,18.93,0.615,0.105,regolith_plain,4.3,0.287,1200.0,1792.5,-49.38,0.826,0
1320,cargo_hauler,naive,21,28,56,38,69,1.617,12.9,39.17,0.595,0.261,regolith_plain,294.8,0.491,14000.0,4772.9,65.91,0.677,1
1321,light_scout,optimized,54,32,19,32,39,0.951,8.19,25.07,0.533,0.154,regolith_plain,23.3,0.582,3500.0,1494.0,57.31,0.784,1
1322,crew_transport,optimized,36,23,3,16,35,0.846,8.58,20.03,0.704,0.171,regolith_plain,171.8,0.687,9500.0,2081.8,78.09,0.759,1
1323,crew_transport,optimized,48,13,12,16,38,0.922,11.42,26.95,0.641,0.342,regolith_plain,225.2,0.901,9500.0,2446.1,74.25,0.648,1
1324,crew_transport,naive,21,2,23,53,75,1.836,15.78,36.8,0.622,0.587,regolith_plain,242.0,0.968,9500.0,6194.8,34.79,0.465,0
1325,crew_transport,naive,32,40,50,42,21,0.483,11.83,23.93,0.804,0.714,rock_field,246.7,0.987,9500.0,1887.6,80.13,0.353,0
1326,swarm_builder,naive,46,48,29,17,64,1.583,16.18,39.17,0.691,0.578,regolith_plain,7.6,0.507,1200.0,3254.3,-171.19,0.458,0
1327,light_scout,optimized,50,48,13,33,38,0.98,9.85,19.95,0.6,0.184,regolith_plain,13.4,0.335,3500.0,1526.1,56.4,0.742,1
1328,swarm_builder,optimized,56,9,20,31,181,4.221,12.59,27.27,0.524,0.37,regolith_plain,11.9,0.793,1200.0,7172.6,-497.72,0.638,0
1329,cargo_hauler,optimized,8,15,0,35,21,0.516,8.47,18.82,0.703,0.143,regolith_plain,223.4,0.372,14000.0,1279.7,90.86,0.777,1
1330,swarm_builder,optimized,19,38,52,58,36,0.915,8.2,20.3,0.666,0.361,regolith_plain,13.6,0.907,1200.0,1692.1,-41.01,0.648,0
1331,swarm_builder,naive,29,57,56,1,97,2.309,12.06,38.2,0.618,0.392,regolith_plain,13.8,0.92,1200.0,4879.7,-306.64,0.574,0
1332,swarm_builder,optimized,31,50,3,29,30,0.762,12.99,23.15,0.523,0.233,regolith_plain,7.2,0.48,1200.0,1079.2,10.07,0.701,1
1333,crew_transport,naive,27,57,58,42,49,1.209,12.49,37.26,0.647,0.286,regolith_plain,107.2,0.429,9500.0,2863.6,69.86,0.679,1
1334,cargo_hauler,optimized,38,38,0,58,41,0.999,12.5,25.59,0.518,0.146,regolith_plain,244.1,0.407,14000.0,2389.1,82.93,0.763,1
1335,swarm_builder,optimized,20,24,49,44,88,2.138,11.24,33.78,0.694,0.284,regolith_plain,9.6,0.64,1200.0,3423.1,-185.26,0.691,0
1336,cargo_hauler,optimized,58,42,32,56,181,4.478,8.0,20.61,0.694,0.16,regolith_plain,549.6,0.916,14000.0,12239.1,12.58,0.794,1
1337,crew_transport,naive,52,23,14,32,60,1.429,15.58,43.84,0.585,0.417,regolith_plain,159.0,0.636,9500.0,4140.6,56.41,0.573,1
1338,crew_transport,optimized,21,14,11,30,38,0.914,9.5,18.33,0.679,0.053,regolith_plain,204.8,0.819,9500.0,2235.4,76.47,0.841,1
1339,cargo_hauler,naive,39,5,56,47,71,1.756,10.48,46.24,0.546,0.211,regolith_plain,482.8,0.805,14000.0,4710.3,66.36,0.732,1
1340,swarm_builder,optimized,51,12,28,53,181,3.998,16.29,25.95,0.683,0.381,regolith_plain,13.7,0.913,1200.0,7897.5,-558.12,0.614,0
1341,swarm_builder,optimized,36,27,18,46,22,0.553,9.73,20.72,0.514,0.273,regolith_plain,2.6,0.173,1200.0,659.2,45.07,0.703,1
1342,swarm_builder,optimized,10,54,2,9,47,1.177,8.33,26.08,0.61,0.128,regolith_plain,2.1,0.14,1200.0,1365.8,-13.82,0.809,0
1343,swarm_builder,naive,49,7,58,19,21,0.491,11.47,26.25,0.485,0.476,regolith_plain,8.9,0.593,1200.0,831.8,30.68,0.542,1
1344,cargo_hauler,optimized,18,5,21,32,181,4.163,15.5,27.89,0.554,0.564,regolith_plain,199.4,0.332,14000.0,10991.8,21.49,0.504,1
1345,swarm_builder,optimized,40,20,58,58,39,0.992,9.14,26.93,0.508,0.026,regolith_plain,5.3,0.353,1200.0,1117.6,6.87,0.878,1
1346,swarm_builder,naive,2,54,31,52,33,0.847,17.87,39.45,0.549,0.455,regolith_plain,11.0,0.733,1200.0,1679.0,-39.92,0.551,0
1347,cargo_hauler,optimized,19,30,13,7,49,1.167,17.62,35.16,0.703,0.714,regolith_plain,154.9,0.258,14000.0,3339.7,76.14,0.392,0
1348,crew_transport,optimized,1,57,22,18,61,1.482,9.69,20.72,0.6,0.164,regolith_plain,90.1,0.36,9500.0,2987.4,68.55,0.761,1
1349,light_scout,naive,19,38,17,12,38,0.947,14.75,37.87,0.64,0.368,regolith_plain,20.4,0.51,3500.0,2085.8,40.41,0.569,1
1350,cargo_hauler,naive,16,52,29,22,51,1.24,22.7,43.84,0.564,0.627,regolith_plain,307.3,0.512,14000.0,4786.9,65.81,0.374,0
1351,cargo_hauler,naive,24,45,47,28,44,1.084,9.58,23.93,0.625,0.227,regolith_plain,559.7,0.933,14000.0,3781.4,72.99,0.69,1
1352,cargo_hauler,optimized,15,52,1,43,16,0.383,11.81,23.41,0.424,0.125,regolith_plain,502.6,0.838,14000.0,919.3,93.43,0.811,1
1353,cargo_hauler,optimized,51,24,27,6,27,0.669,10.47,24.36,0.579,0.222,regolith_plain,468.2,0.78,14000.0,1940.3,86.14,0.717,1
1354,swarm_builder,optimized,47,11,6,50,47,1.218,11.37,21.47,0.526,0.298,regolith_plain,13.7,0.913,1200.0,2112.5,-76.04,0.683,0
1355,swarm_builder,optimized,30,23,44,13,15,0.363,16.64,35.56,0.642,0.667,regolith_plain,10.1,0.673,1200.0,669.0,44.25,0.416,0
1356,swarm_builder,optimized,35,15,28,53,181,4.022,12.51,25.95,0.712,0.21,regolith_plain,1.7,0.113,1200.0,5178.6,-331.55,0.74,0
1357,light_scout,naive,2,45,45,18,78,1.913,15.07,42.07,0.555,0.372,regolith_plain,24.9,0.622,3500.0,4038.1,-15.37,0.594,0
1358,light_scout,optimized,42,36,14,50,30,0.754,11.37,24.97,0.572,0.133,regolith_plain,34.5,0.862,3500.0,1482.7,57.64,0.765,1
1359,swarm_builder,optimized,4,37,38,18,181,4.163,14.2,27.32,0.571,0.448,regolith_plain,2.5,0.167,1200.0,6036.8,-403.07,0.564,0
1360,light_scout,optimized,51,40,11,12,43,1.105,8.5,21.59,0.668,0.186,regolith_plain,35.8,0.895,3500.0,2243.7,35.89,0.761,1
1361,light_scout,optimized,32,27,12,52,29,0.717,11.99,38.8,0.484,0.241,regolith_plain,18.6,0.465,3500.0,1132.7,67.64,0.704,1
1362,light_scout,optimized,6,16,15,41,28,0.648,9.09,16.42,0.572,0.0,regolith_plain,36.7,0.918,3500.0,1185.4,66.13,0.853,1
1363,light_scout,optimized,27,44,10,17,30,0.737,9.97,23.4,0.539,0.067,regolith_plain,30.5,0.762,3500.0,1318.1,62.34,0.811,1
1364,crew_transport,naive,40,59,9,17,86,2.015,10.34,23.48,0.614,0.279,regolith_plain,164.3,0.657,9500.0,4904.0,48.38,0.68,1
1365,light_scout,naive,39,27,58,56,62,1.527,10.31,26.93,0.673,0.29,regolith_plain,29.8,0.745,3500.0,3137.3,10.36,0.683,1
1366,swarm_builder,optimized,46,44,12,25,38,0.972,10.01,25.07,0.618,0.316,regolith_plain,14.4,0.96,1200.0,1868.0,-55.67,0.649,0
1367,crew_transport,optimized,11,3,54,9,46,1.115,8.53,23.18,0.581,0.022,regolith_plain,103.5,0.414,9500.0,2043.9,78.49,0.868,1
1368,cargo_hauler,naive,55,35,18,30,63,1.555,14.88,39.17,0.58,0.429,regolith_plain,154.9,0.258,14000.0,4493.5,67.9,0.561,1
1369,cargo_hauler,optimized,50,33,16,41,40,0.937,10.2,19.33,0.647,0.3,regolith_plain,440.3,0.734,14000.0,2901.9,79.27,0.653,1
1370,swarm_builder,naive,25,4,4,49,84,2.033,10.25,19.29,0.537,0.036,regolith_plain,12.1,0.807,1200.0,3077.3,-156.44,0.858,0
1371,cargo_hauler,optimized,4,59,30,44,30,0.729,10.07,20.68,0.505,0.133,regolith_plain,507.0,0.845,14000.0,1977.0,85.88,0.788,1
1372,crew_transport,optimized,10,19,43,45,58,1.372,9.61,25.15,0.659,0.19,regolith_plain,174.7,0.699,9500.0,3417.1,64.03,0.725,1
1373,cargo_hauler,naive,50,1,5,48,97,2.318,12.43,39.17,0.512,0.268,regolith_plain,280.5,0.468,14000.0,6244.1,55.4,0.682,1
1374,swarm_builder,optimized,17,7,49,13,33,0.789,10.94,24.36,0.608,0.273,regolith_plain,7.5,0.5,1200.0,1140.6,4.95,0.701,0
1375,cargo_hauler,optimized,56,42,5,49,55,1.362,7.67,18.76,0.62,0.2,regolith_plain,470.9,0.785,14000.0,3606.9,74.24,0.767,1
1376,light_scout,optimized,35,5,3,2,181,4.097,7.59,19.26,0.715,0.028,regolith_plain,29.1,0.728,3500.0,7245.5,-107.01,0.865,0
1377,crew_transport,optimized,1,22,24,36,25,0.654,14.39,26.06,0.55,0.32,regolith_plain,38.7,0.155,9500.0,1278.1,86.55,0.643,1
1378,crew_transport,optimized,17,38,30,54,181,3.998,12.63,24.6,0.739,0.414,regolith_plain,184.9,0.74,9500.0,11062.6,-16.45,0.585,0
1379,swarm_builder,optimized,28,55,34,38,181,3.815,18.96,21.22,0.723,0.359,regolith_plain,10.0,0.667,1200.0,7095.4,-491.28,0.629,0
1380,light_scout,optimized,59,53,0,2,92,2.292,12.09,27.14,0.692,0.261,regolith_plain,28.4,0.71,3500.0,4671.9,-33.48,0.688,0
1381,cargo_hauler,naive,57,45,16,7,105,2.536,10.05,35.42,0.647,0.2,regolith_plain,100.3,0.167,14000.0,5855.7,58.17,0.742,1
1382,swarm_builder,optimized,51,43,6,29,50,1.245,8.78,25.07,0.564,0.14,regolith_plain,6.1,0.407,1200.0,1663.1,-38.59,0.785,0
1383,cargo_hauler,optimized,12,57,26,2,57,1.443,9.32,19.28,0.558,0.246,regolith_plain,379.4,0.632,14000.0,3767.8,73.09,0.715,1
1384,swarm_builder,naive,17,46,47,33,57,1.344,10.81,23.48,0.574,0.211,regolith_plain,4.5,0.3,1200.0,1857.1,-54.76,0.721,0
1385,cargo_hauler,optimized,34,39,23,59,181,4.263,11.77,25.95,0.578,0.028,regolith_plain,128.6,0.214,14000.0,8901.1,36.42,0.865,1
1386,swarm_builder,naive,0,10,26,20,34,0.768,12.93,34.83,0.737,0.324,crater_floor,13.9,0.927,1200.0,1835.1,-52.92,0.601,0
1387,swarm_builder,optimized,54,21,46,45,47,1.102,12.83,22.51,0.662,0.191,regolith_plain,3.1,0.207,1200.0,1523.9,-26.99,0.737,0
1388,crew_transport,optimized,35,35,0,38,37,0.935,8.22,22.61,0.492,0.108,regolith_plain,42.9,0.172,9500.0,1489.8,84.32,0.816,1
1389,light_scout,naive,52,34,8,14,82,2.009,11.05,35.42,0.641,0.232,regolith_plain,13.8,0.345,3500.0,3524.8,-0.71,0.699,0
1390,light_scout,naive,1,16,16,8,31,0.724,10.79,20.24,0.696,0.194,regolith_plain,6.5,0.162,3500.0,1100.5,68.56,0.737,1
1391,swarm_builder,optimized,56,49,40,54,19,0.451,8.89,15.78,0.658,0.158,regolith_plain,10.3,0.687,1200.0,707.5,41.04,0.788,1
1392,crew_transport,naive,6,13,35,31,60,1.462,14.65,37.46,0.647,0.45,crater_floor,69.0,0.276,9500.0,3692.6,61.13,0.536,1
1393,swarm_builder,optimized,10,17,38,32,144,3.324,17.92,34.18,0.667,0.625,regolith_plain,5.1,0.34,1200.0,5705.3,-375.44,0.443,0
1394,cargo_hauler,naive,43,10,47,49,61,1.44,8.94,23.17,0.605,0.18,regolith_plain,277.5,0.462,14000.0,3716.5,73.45,0.74,1
1395,swarm_builder,optimized,31,13,51,8,21,0.524,10.06,20.17,0.561,0.19,regolith_plain,9.9,0.66,1200.0,795.7,33.69,0.748,1
1396,cargo_hauler,naive,54,24,25,27,59,1.442,13.27,39.17,0.598,0.271,regolith_plain,526.4,0.877,14000.0,4811.5,65.63,0.671,1
1397,cargo_hauler,naive,35,13,38,49,62,1.435,10.73,23.24,0.644,0.274,regolith_plain,323.4,0.539,14000.0,4107.9,70.66,0.679,1
1398,crew_transport,optimized,45,18,53,50,33,0.806,7.87,19.78,0.518,0.0,regolith_plain,103.2,0.413,9500.0,1338.4,85.91,0.893,1
1399,light_scout,optimized,18,34,42,54,27,0.686,9.41,19.95,0.615,0.296,regolith_plain,6.8,0.17,3500.0,1023.8,70.75,0.673,1
1400,crew_transport,naive,17,7,40,33,49,1.184,12.24,39.17,0.692,0.449,regolith_plain,234.6,0.938,9500.0,4263.2,55.12,0.535,1
1401,cargo_hauler,optimized,48,27,29,55,181,4.047,11.38,24.6,0.748,0.354,regolith_plain,493.6,0.823,14000.0,13724.0,1.97,0.629,0
1402,cargo_hauler,naive,55,0,19,32,85,2.078,13.55,42.07,0.632,0.529,regolith_plain,132.5,0.221,14000.0,5727.2,59.09,0.499,0
1403,cargo_hauler,naive,7,44,56,14,76,1.848,14.04,35.42,0.561,0.447,regolith_plain,542.2,0.904,14000.0,6803.3,51.4,0.542,1
1404,cargo_hauler,naive,34,3,30,32,42,0.986,21.4,43.79,0.679,0.643,regolith_plain,99.9,0.166,14000.0,3408.3,75.66,0.358,0
1405,cargo_hauler,optimized,44,4,42,45,43,1.064,7.93,18.28,0.57,0.093,regolith_plain,299.5,0.499,14000.0,2556.6,81.74,0.808,1
1406,cargo_hauler,naive,27,41,4,16,52,1.31,12.64,28.54,0.514,0.231,regolith_plain,569.0,0.948,14000.0,4038.3,71.16,0.706,1
1407,swarm_builder,naive,58,6,4,10,95,2.344,12.81,30.09,0.669,0.347,regolith_plain,12.8,0.853,1200.0,4713.8,-292.82,0.618,0
1408,crew_transport,optimized,34,12,52,46,37,0.935,9.66,25.48,0.568,0.108,regolith_plain,178.9,0.716,9500.0,1970.2,79.26,0.811,1
1409,crew_transport,naive,3,6,32,17,44,1.051,9.97,26.4,0.699,0.386,regolith_plain,153.3,0.613,9500.0,2734.1,71.22,0.616,1
1410,swarm_builder,naive,52,5,22,3,81,2.014,8.25,33.48,0.603,0.099,regolith_plain,11.5,0.767,1200.0,3146.0,-162.17,0.824,0
1411,swarm_builder,optimized,39,56,42,2,56,1.382,8.07,19.17,0.571,0.089,regolith_plain,13.8,0.92,1200.0,2233.5,-86.12,0.821,0
1412,light_scout,optimized,50,57,37,21,41,1.024,9.1,22.51,0.648,0.049,regolith_plain,22.1,0.552,3500.0,1575.4,54.99,0.843,1
1413,light_scout,naive,58,6,22,6,58,1.463,9.61,21.15,0.614,0.19,regolith_plain,18.9,0.472,3500.0,2407.9,31.2,0.74,1
1414,swarm_builder,optimized,53,34,27,32,34,0.851,7.61,27.31,0.543,0.088,regolith_plain,2.2,0.147,1200.0,928.3,22.64,0.825,1
1415,swarm_builder,naive,10,19,48,45,66,1.59,12.47,35.91,0.706,0.621,regolith_plain,6.0,0.4,1200.0,2997.5,-149.79,0.438,0
1416,cargo_hauler,naive,49,3,20,15,40,0.979,11.8,22.21,0.6,0.35,regolith_plain,499.1,0.832,14000.0,2948.0,78.94,0.648,1
1417,cargo_hauler,optimized,41,23,3,0,41,1.04,9.57,25.48,0.635,0.317,regolith_plain,516.4,0.861,14000.0,3125.5,77.68,0.675,1
1418,light_scout,naive,53,16,47,0,34,0.784,10.09,28.58,0.504,0.382,regolith_plain,33.8,0.845,3500.0,1494.4,57.3,0.632,1
1419,swarm_builder,naive,29,0,18,18,25,0.588,11.19,23.96,0.681,0.28,regolith_plain,11.2,0.747,1200.0,1102.8,8.1,0.671,1
1420,swarm_builder,optimized,55,30,26,38,31,0.757,7.27,17.76,0.566,0.032,regolith_plain,9.5,0.633,1200.0,1056.7,11.94,0.855,1
1421,swarm_builder,naive,14,7,47,4,65,1.512,14.55,58.48,0.571,0.2,regolith_plain,10.6,0.707,1200.0,2874.6,-139.55,0.715,0
1422,light_scout,optimized,24,36,45,42,29,0.684,9.28,24.43,0.673,0.172,regolith_plain,38.2,0.955,3500.0,1428.6,59.18,0.751,1
1423,cargo_hauler,optimized,0,28,39,29,40,0.987,8.54,25.07,0.542,0.075,regolith_plain,383.3,0.639,14000.0,2457.1,82.45,0.822,1
1424,cargo_hauler,optimized,1,56,31,6,52,1.343,10.38,27.49,0.572,0.231,regolith_plain,187.8,0.313,14000.0,3292.2,76.48,0.708,1
1425,cargo_hauler,optimized,8,8,4,29,22,0.536,9.24,21.12,0.698,0.136,regolith_plain,178.3,0.297,14000.0,1239.7,91.14,0.788,1
1426,light_scout,naive,50,28,32,57,56,1.349,10.19,41.44,0.638,0.196,regolith_plain,32.8,0.82,3500.0,2710.2,22.57,0.745,1
1427,cargo_hauler,optimized,55,55,42,44,15,0.363,9.53,17.03,0.686,0.067,regolith_plain,455.1,0.759,14000.0,965.2,93.11,0.842,1
1428,swarm_builder,optimized,35,43,46,15,29,0.734,8.02,21.06,0.583,0.276,regolith_plain,8.7,0.58,1200.0,1134.1,5.49,0.681,1
1429,cargo_hauler,naive,5,27,43,6,61,1.457,16.57,35.48,0.653,0.623,regolith_plain,551.0,0.918,14000.0,6109.6,56.36,0.407,0
1430,crew_transport,naive,35,9,39,40,61,1.457,13.44,34.44,0.647,0.475,regolith_plain,123.7,0.495,9500.0,3892.1,59.03,0.525,1
1431,cargo_hauler,optimized,48,14,33,42,29,0.734,8.23,22.23,0.573,0.172,regolith_plain,102.6,0.171,14000.0,1482.7,89.41,0.763,1
1432,cargo_hauler,optimized,8,29,4,57,29,0.676,7.71,18.89,0.506,0.0,regolith_plain,116.7,0.194,14000.0,1164.4,91.68,0.907,1
1433,swarm_builder,optimized,27,33,22,4,54,1.333,20.37,33.2,0.691,0.685,regolith_plain,5.0,0.333,1200.0,2368.3,-97.36,0.414,0
1434,light_scout,naive,58,36,11,5,78,1.913,9.57,26.4,0.611,0.192,regolith_plain,9.9,0.248,3500.0,2888.8,17.46,0.758,1
1435,light_scout,optimized,47,19,23,35,25,0.629,9.67,19.95,0.518,0.16,regolith_plain,18.9,0.472,3500.0,949.3,72.88,0.763,1
1436,cargo_hauler,optimized,48,54,33,23,42,1.011,8.31,21.63,0.672,0.214,regolith_plain,295.1,0.492,14000.0,2720.2,80.57,0.737,1
1437,swarm_builder,optimized,30,26,56,18,181,3.799,23.73,25.37,0.699,0.956,regolith_plain,6.4,0.427,1200.0,6938.5,-478.21,0.285,0
1438,light_scout,optimized,54,30,59,5,39,0.926,10.27,18.79,0.563,0.256,regolith_plain,33.0,0.825,3500.0,1783.7,49.04,0.684,1
1439,swarm_builder,optimized,34,56,5,49,33,0.806,11.13,41.44,0.571,0.242,regolith_plain,12.1,0.807,1200.0,1319.4,-9.95,0.717,0
1440,cargo_hauler,optimized,28,27,5,27,181,3.683,19.54,23.0,0.552,0.978,regolith_plain,217.0,0.362,14000.0,11025.7,21.24,0.261,0
1441,swarm_builder,naive,46,18,23,30,35,0.821,13.26,43.35,0.61,0.4,regolith_plain,8.1,0.54,1200.0,1503.0,-25.25,0.584,0
1442,cargo_hauler,naive,39,43,11,10,63,1.48,14.11,37.87,0.69,0.587,regolith_plain,537.5,0.896,14000.0,6127.1,56.24,0.444,0
1443,swarm_builder,optimized,46,15,35,54,42,1.027,8.08,22.23,0.619,0.238,regolith_plain,3.8,0.253,1200.0,1364.4,-13.7,0.715,0
1444,cargo_hauler,naive,42,18,49,2,30,0.713,11.84,21.06,0.535,0.6,regolith_plain,111.9,0.186,14000.0,1666.1,88.1,0.479,0
1445,cargo_hauler,naive,10,6,55,8,77,1.893,12.63,28.58,0.643,0.377,regolith_plain,461.2,0.769,14000.0,5922.0,57.7,0.615,1
1446,light_scout,optimized,19,36,47,24,29,0.726,9.67,20.21,0.502,0.069,regolith_plain,30.8,0.77,3500.0,1262.5,63.93,0.814,1
1447,crew_transport,optimized,19,11,49,10,31,0.741,9.31,23.06,0.628,0.194,regolith_plain,186.8,0.747,9500.0,1748.9,81.59,0.75,1
1448,swarm_builder,naive,7,3,36,33,74,1.775,17.16,37.46,0.703,0.568,regolith_plain,12.6,0.84,1200.0,4436.9,-269.74,0.451,0
1449,cargo_hauler,optimized,40,15,28,29,181,4.014,13.88,22.16,0.706,0.149,regolith_plain,117.7,0.196,14000.0,9615.2,31.32,0.736,1
1450,cargo_hauler,naive,32,23,58,31,48,1.164,8.55,23.16,0.521,0.021,regolith_plain,87.7,0.146,14000.0,2137.9,84.73,0.872,1
1451,crew_transport,optimized,33,43,25,12,32,0.786,9.81,27.14,0.68,0.375,regolith_plain,45.4,0.182,9500.0,1685.6,82.26,0.603,1
1452,light_scout,optimized,50,30,36,55,28,0.673,7.85,17.26,0.64,0.0,regolith_plain,39.5,0.988,3500.0,1197.1,65.8,0.897,1
1453,crew_transport,optimized,42,46,0,46,43,1.072,9.2,17.2,0.561,0.116,regolith_plain,191.8,0.767,9500.0,2358.8,75.17,0.794,1
1454,crew_transport,naive,49,15,4,56,80,1.936,10.8,24.34,0.5,0.225,regolith_plain,74.4,0.298,9500.0,3668.5,61.38,0.729,1
1455,crew_transport,naive,7,31,16,12,35,0.829,11.02,21.59,0.604,0.171,regolith_plain,210.0,0.84,9500.0,2085.0,78.05,0.747,1
1456,light_scout,optimized,16,46,46,32,33,0.822,8.11,19.74,0.498,0.091,regolith_plain,25.5,0.638,3500.0,1326.2,62.11,0.8,1
1457,crew_transport,naive,41,45,21,52,43,1.031,15.88,41.99,0.669,0.442,regolith_plain,193.2,0.773,9500.0,3498.6,63.17,0.537,1
1458,cargo_hauler,naive,46,53,22,9,79,1.925,10.31,33.21,0.701,0.367,regolith_plain,571.4,0.952,14000.0,6924.1,50.54,0.608,1
1459,swarm_builder,naive,28,15,3,21,53,1.214,11.62,26.07,0.726,0.434,rock_field,6.2,0.413,1200.0,2375.4,-97.95,0.535,0
1460,crew_transport,optimized,10,36,43,48,34,0.859,9.92,19.33,0.579,0.176,regolith_plain,65.1,0.26,9500.0,1789.0,81.17,0.734,1
1461,cargo_hauler,optimized,26,41,36,8,35,0.904,11.28,23.06,0.55,0.229,regolith_plain,67.5,0.112,14000.0,1854.9,86.75,0.72,1
1462,light_scout,optimized,24,31,51,7,181,4.801,22.27,25.37,0.729,1.0,regolith_plain,13.7,0.342,3500.0,9982.7,-185.22,0.264,0
1463,light_scout,optimized,16,38,54,11,41,1.04,9.63,25.07,0.524,0.22,regolith_plain,20.6,0.515,3500.0,1681.3,51.96,0.728,1
1464,light_scout,naive,42,49,6,59,55,1.312,18.08,41.99,0.584,0.509,regolith_plain,19.4,0.485,3500.0,2842.8,18.78,0.494,0
1465,swarm_builder,naive,9,23,21,9,22,0.528,10.47,21.72,0.606,0.136,regolith_plain,4.3,0.287,1200.0,673.1,43.91,0.805,1
1466,light_scout,optimized,45,26,23,25,181,4.884,5.72,19.28,0.716,0.072,regolith_plain,31.7,0.792,3500.0,8376.4,-139.33,0.816,0
1467,cargo_hauler,optimized,13,40,57,4,64,1.616,11.47,26.38,0.576,0.266,regolith_plain,567.0,0.945,14000.0,4959.7,64.57,0.688,1
1468,swarm_builder,naive,33,11,17,5,27,0.636,7.25,16.19,0.635,0.074,regolith_plain,14.3,0.953,1200.0,1035.5,13.71,0.845,1
1469,crew_transport,optimized,21,30,58,53,41,1.015,12.77,28.79,0.669,0.317,regolith_plain,127.2,0.509,9500.0,2423.9,74.49,0.66,1
1470,cargo_hauler,naive,30,19,55,45,59,1.433,9.63,33.21,0.639,0.237,regolith_plain,372.7,0.621,14000.0,3892.5,72.2,0.721,1
1471,cargo_hauler,naive,19,22,8,53,63,1.538,15.6,37.87,0.511,0.365,regolith_plain,265.2,0.442,14000.0,4585.8,67.24,0.592,1
1472,crew_transport,naive,10,49,39,41,45,1.104,10.48,19.02,0.627,0.311,regolith_plain,127.3,0.509,9500.0,2666.4,71.93,0.643,1
1473,light_scout,optimized,53,3,10,47,181,4.271,13.23,25.81,0.695,0.221,regolith_plain,16.2,0.405,3500.0,7484.5,-113.84,0.699,0
1474,light_scout,naive,57,30,19,28,63,1.555,14.74,43.35,0.543,0.397,regolith_plain,32.7,0.818,3500.0,3406.8,2.66,0.593,0
1475,swarm_builder,naive,7,22,10,58,50,1.229,12.55,23.32,0.476,0.06,regolith_plain,4.4,0.293,1200.0,1498.3,-24.86,0.83,0
1476,cargo_hauler,optimized,46,50,4,42,43,1.039,9.86,23.32,0.527,0.163,regolith_plain,95.1,0.158,14000.0,2134.1,84.76,0.762,1
1477,light_scout,optimized,36,11,14,49,74,1.733,12.97,26.4,0.634,0.257,regolith_plain,34.1,0.852,3500.0,3462.0,1.09,0.684,0
1478,swarm_builder,optimized,5,25,18,14,15,0.363,10.4,18.82,0.642,0.067,regolith_plain,9.7,0.647,1200.0,540.8,54.93,0.836,1
1479,cargo_hauler,naive,59,37,1,43,79,1.908,11.29,28.54,0.584,0.342,regolith_plain,61.8,0.103,14000.0,4353.9,68.9,0.631,1
1480,swarm_builder,naive,47,17,47,51,51,1.232,8.44,26.21,0.578,0.157,regolith_plain,14.9,0.993,1200.0,2093.8,-74.48,0.771,0
1481,cargo_hauler,optimized,1,33,37,12,42,1.052,8.33,19.95,0.672,0.143,regolith_plain,239.9,0.4,14000.0,2610.1,81.36,0.771,1
1482,swarm_builder,naive,59,30,27,23,48,1.139,11.76,35.56,0.548,0.188,regolith_plain,9.8,0.653,1200.0,1907.5,-58.96,0.73,0
1483,light_scout,optimized,2,28,30,25,181,4.064,11.9,27.25,0.616,0.193,regolith_plain,27.6,0.69,3500.0,7417.8,-111.94,0.733,0
1484,light_scout,optimized,21,25,39,19,181,4.569,22.69,27.2,0.721,1.0,regolith_plain,33.3,0.832,3500.0,11295.1,-222.72,0.264,0
1485,cargo_hauler,optimized,0,55,51,33,53,1.313,8.98,21.52,0.513,0.075,regolith_plain,439.3,0.732,14000.0,3230.9,76.92,0.824,1
1486,cargo_hauler,optimized,25,2,10,31,32,0.811,8.59,19.91,0.585,0.0,regolith_plain,102.1,0.17,14000.0,1541.8,88.99,0.887,1
1487,cargo_hauler,optimized,6,15,58,31,69,1.725,9.33,26.93,0.639,0.174,regolith_plain,472.8,0.788,14000.0,5092.4,63.63,0.741,1
1488,swarm_builder,optimized,53,14,41,24,13,0.323,8.86,19.33,0.433,0.231,regolith_plain,3.8,0.253,1200.0,385.6,67.87,0.704,1
1489,swarm_builder,optimized,35,49,46,29,23,0.581,7.22,17.77,0.667,0.0,regolith_plain,11.9,0.793,1200.0,857.4,28.55,0.889,1
1490,swarm_builder,optimized,49,6,22,33,181,4.263,12.86,30.09,0.696,0.227,regolith_plain,8.0,0.533,1200.0,7045.7,-487.14,0.695,0
1491,swarm_builder,naive,31,58,46,36,56,1.299,10.26,36.63,0.779,0.696,rock_field,14.9,0.993,1200.0,3293.4,-174.45,0.384,0
1492,crew_transport,optimized,50,9,2,19,52,1.277,9.4,21.43,0.654,0.115,regolith_plain,106.2,0.425,9500.0,2732.4,71.24,0.789,1
1493,cargo_hauler,naive,23,20,2,46,60,1.445,11.79,32.13,0.546,0.183,regolith_plain,181.8,0.303,14000.0,3574.3,74.47,0.729,1
1494,swarm_builder,optimized,39,53,49,35,19,0.443,8.33,19.17,0.649,0.0,regolith_plain,10.7,0.713,1200.0,643.5,46.38,0.897,1
1495,cargo_hauler,optimized,12,19,43,42,64,1.6,7.95,20.41,0.65,0.094,regolith_plain,259.4,0.432,14000.0,3830.6,72.64,0.809,1
1496,cargo_hauler,optimized,15,14,34,24,25,0.621,10.98,23.24,0.717,0.2,regolith_plain,378.7,0.631,14000.0,1895.3,86.46,0.71,1
1497,swarm_builder,naive,56,22,42,28,23,0.556,9.29,20.72,0.492,0.087,regolith_plain,3.2,0.213,1200.0,633.4,47.22,0.812,1
1498,crew_transport,naive,59,14,4,45,89,2.174,14.12,37.46,0.5,0.393,regolith_plain,30.5,0.122,9500.0,4517.8,52.44,0.585,1
1499,cargo_hauler,naive,58,11,16,36,75,1.836,11.79,35.71,0.504,0.32,regolith_plain,337.2,0.562,14000.0,5189.9,62.93,0.637,1
