cell_id,grid_x,grid_y,elevation_m,slope_deg,terrain_type,rock_density,dust_depth_cm,solar_exposure_pct,surface_temp_c,hazard_prob,safety_score,traversal_energy_wh_per_m
0,0,0,10.65,11.04,rock_field,0.835,3.17,59.7,-30.6,0.255,0.745,2.535
1,1,0,9.52,22.54,rock_field,0.86,2.23,39.0,-31.9,0.316,0.684,3.206
2,2,0,2.05,10.19,rock_field,0.82,4.87,63.3,-38.9,0.239,0.761,2.637
3,3,0,2.37,13.55,rock_field,0.796,5.15,60.7,-28.4,0.273,0.727,2.585
4,4,0,-3.07,15.36,rock_field,0.766,5.58,41.4,-40.8,0.275,0.725,2.776
5,5,0,-6.83,12.77,rock_field,0.771,5.42,48.1,-35.5,0.248,0.752,2.493
6,6,0,-11.93,14.78,rock_field,0.811,4.57,54.5,-43.0,0.268,0.732,2.701
7,7,0,-17.38,14.27,rock_field,0.898,4.1,52.4,-31.2,0.263,0.737,2.767
8,8,0,-22.09,5.92,rock_field,0.912,4.92,63.4,-30.2,0.229,0.771,2.511
9,9,0,-21.28,10.3,rock_field,0.821,3.88,53.6,-36.8,0.235,0.765,2.481
10,10,0,-16.7,8.63,regolith_plain,0.737,3.22,65.8,-29.7,0.092,0.908,1.548
11,11,0,-15.21,5.96,regolith_plain,0.682,2.71,68.1,-34.5,0.066,0.934,1.331
12,12,0,-17.62,5.94,regolith_plain,0.659,1.62,63.9,-35.1,0.057,0.943,1.266
13,13,0,-15.23,7.07,regolith_plain,0.686,0.0,69.0,-32.7,0.064,0.936,1.332
14,14,0,-12.66,8.6,regolith_plain,0.676,0.0,63.3,-40.2,0.076,0.924,1.433
15,15,0,-10.25,14.11,regolith_plain,0.658,0.0,49.3,-34.3,0.111,0.889,1.568
16,16,0,-14.91,11.72,regolith_plain,0.643,0.0,59.3,-29.5,0.096,0.904,1.49
17,17,0,-17.9,7.79,regolith_plain,0.639,0.0,55.7,-38.3,0.055,0.945,1.255
18,18,0,-14.54,6.96,regolith_plain,0.637,0.0,67.6,-29.9,0.068,0.932,1.298
19,19,0,-14.46,13.9,regolith_plain,0.654,0.0,54.4,-37.0,0.1,0.9,1.497
20,20,0,-16.46,20.9,regolith_plain,0.692,0.0,45.9,-37.6,0.144,0.856,1.842
21,21,0,-12.25,9.1,regolith_plain,0.662,0.0,55.9,-37.9,0.063,0.937,1.32
22,22,0,-18.56,17.82,regolith_plain,0.622,0.0,57.7,-38.3,0.096,0.904,1.628
23,23,0,-21.52,13.01,regolith_plain,0.559,0.0,54.8,-31.6,0.093,0.907,1.459
24,24,0,-12.8,16.43,regolith_plain,0.593,0.0,49.4,-38.0,0.113,0.887,1.661
25,25,0,-9.99,6.08,regolith_plain,0.613,2.01,61.2,-25.7,0.051,0.949,1.27
26,26,0,-9.11,4.67,regolith_plain,0.628,2.98,68.1,-31.3,0.049,0.951,1.281
27,27,0,-8.96,6.87,regolith_plain,0.644,2.98,64.6,-36.4,0.067,0.933,1.355
28,28,0,-5.53,13.3,regolith_plain,0.633,2.92,57.8,-30.1,0.102,0.898,1.469
29,29,0,0.37,18.17,regolith_plain,0.63,3.75,52.6,-34.4,0.13,0.87,1.669
30,30,0,-3.5,4.65,regolith_plain,0.632,7.33,77.7,-25.6,0.061,0.939,1.272
31,31,0,0.66,14.59,regolith_plain,0.638,7.4,51.5,-32.9,0.144,0.856,1.728
32,32,0,2.45,14.29,regolith_plain,0.598,7.41,51.2,-40.4,0.121,0.879,1.652
33,33,0,10.82,20.39,regolith_plain,0.609,5.06,42.7,-41.1,0.158,0.842,1.747
34,34,0,10.48,7.75,regolith_plain,0.573,5.63,65.2,-33.4,0.085,0.915,1.351
35,35,0,10.06,9.19,regolith_plain,0.584,4.36,66.7,-37.3,0.087,0.913,1.338
36,36,0,8.71,5.06,regolith_plain,0.597,4.47,63.8,-34.2,0.065,0.935,1.236
37,37,0,8.79,5.34,regolith_plain,0.572,4.28,59.1,-29.4,0.064,0.936,1.286
38,38,0,10.48,8.32,regolith_plain,0.543,3.68,55.9,-34.9,0.069,0.931,1.326
39,39,0,14.16,51.7,rock_field,0.696,0.0,17.0,-54.4,0.459,0.541,4.742
40,40,0,11.07,36.96,rock_field,0.705,0.0,33.8,-49.4,0.386,0.614,3.917
41,41,0,6.11,6.56,regolith_plain,0.64,3.47,66.0,-25.6,0.064,0.936,1.259
42,42,0,6.83,24.28,regolith_plain,0.689,0.65,39.3,-41.7,0.169,0.831,2.082
43,43,0,9.6,10.41,regolith_plain,0.621,2.6,59.9,-36.9,0.091,0.909,1.383
44,44,0,13.58,8.49,regolith_plain,0.566,2.63,61.4,-34.9,0.087,0.913,1.344
45,45,0,14.68,6.84,regolith_plain,0.587,2.58,63.8,-38.8,0.072,0.928,1.227
46,46,0,18.08,12.64,crater_rim,0.602,1.4,61.3,-28.0,0.173,0.827,1.81
47,47,0,20.76,13.92,crater_rim,0.551,0.9,56.0,-37.1,0.191,0.809,1.809
48,48,0,27.34,10.49,regolith_plain,0.586,1.65,62.5,-27.8,0.082,0.918,1.377
49,49,0,28.16,12.34,crater_rim,0.678,1.74,56.8,-35.1,0.188,0.812,1.901
50,50,0,33.98,14.82,crater_rim,0.751,1.73,55.4,-30.1,0.215,0.785,2.114
51,51,0,29.75,11.04,rock_field,0.793,3.04,61.6,-32.7,0.236,0.764,2.559
52,52,0,26.22,7.39,rock_field,0.776,5.31,53.1,-33.5,0.226,0.774,2.389
53,53,0,25.03,5.75,rock_field,0.752,7.36,61.8,-31.2,0.218,0.782,2.142
54,54,0,22.24,8.4,regolith_plain,0.744,8.77,57.9,-33.1,0.095,0.905,1.481
55,55,0,19.15,13.72,crater_rim,0.745,9.78,51.1,-36.7,0.24,0.76,2.316
56,56,0,12.47,18.03,rock_field,0.823,8.46,48.5,-39.8,0.306,0.694,2.948
57,57,0,7.18,25.37,rock_field,0.917,6.52,51.1,-30.1,0.373,0.627,3.699
58,58,0,11.56,43.69,rock_field,1.0,2.93,16.7,-53.1,0.464,0.536,4.865
59,59,0,-6.48,57.1,rock_field,1.0,0.07,13.0,-50.4,0.531,0.469,5.47
60,0,1,6.92,17.45,rock_field,0.84,2.43,40.7,-40.9,0.281,0.719,2.984
61,1,1,2.42,15.35,rock_field,0.818,3.19,51.1,-35.8,0.268,0.732,2.764
62,2,1,2.45,10.59,rock_field,0.789,4.35,59.3,-36.4,0.232,0.768,2.55
63,3,1,-1.71,18.58,rock_field,0.781,3.6,53.1,-35.5,0.296,0.704,3.032
64,4,1,-6.08,15.98,rock_field,0.75,4.38,56.7,-36.3,0.285,0.715,2.772
65,5,1,-7.81,10.59,rock_field,0.772,4.83,63.1,-39.7,0.239,0.761,2.489
66,6,1,-11.82,13.63,rock_field,0.811,4.01,52.9,-36.8,0.275,0.725,2.74
67,7,1,-17.49,14.71,rock_field,0.834,3.48,51.0,-41.9,0.295,0.705,2.773
68,8,1,-21.38,10.04,rock_field,0.831,3.97,64.1,-39.9,0.264,0.736,2.553
69,9,1,-18.84,9.93,rock_field,0.77,4.16,57.9,-34.6,0.25,0.75,2.307
70,10,1,-16.55,2.68,regolith_plain,0.692,4.96,59.4,-32.8,0.047,0.953,1.247
71,11,1,-17.25,6.52,regolith_plain,0.653,4.09,56.0,-33.7,0.062,0.938,1.294
72,12,1,-19.7,3.23,regolith_plain,0.621,4.01,60.9,-31.8,0.055,0.945,1.171
73,13,1,-15.27,14.49,regolith_plain,0.673,0.57,57.0,-42.8,0.108,0.892,1.633
74,14,1,-10.94,0.94,regolith_plain,0.62,0.85,69.8,-36.1,0.003,0.997,1.055
75,15,1,-15.15,12.13,regolith_plain,0.611,0.0,60.8,-25.8,0.081,0.919,1.378
76,16,1,-16.51,9.27,regolith_plain,0.601,0.0,57.2,-39.2,0.072,0.928,1.266
77,17,1,-20.63,7.26,regolith_plain,0.607,0.0,63.0,-30.5,0.053,0.947,1.319
78,18,1,-12.81,15.77,regolith_plain,0.651,0.0,56.4,-38.0,0.111,0.889,1.662
79,19,1,-9.61,16.37,regolith_plain,0.675,0.0,50.1,-37.1,0.107,0.893,1.617
80,20,1,-8.9,10.04,regolith_plain,0.667,0.0,61.7,-35.9,0.075,0.925,1.396
81,21,1,-9.22,7.85,regolith_plain,0.662,0.0,57.4,-32.7,0.071,0.929,1.394
82,22,1,-14.11,14.31,regolith_plain,0.66,0.0,52.1,-36.2,0.099,0.901,1.532
83,23,1,-17.91,8.86,regolith_plain,0.627,0.0,58.0,-36.5,0.079,0.921,1.275
84,24,1,-14.04,13.08,regolith_plain,0.631,0.0,48.4,-42.2,0.093,0.907,1.417
85,25,1,-8.93,4.84,regolith_plain,0.619,2.13,67.6,-30.5,0.054,0.946,1.245
86,26,1,-10.65,5.31,regolith_plain,0.629,2.67,61.3,-38.6,0.062,0.938,1.221
87,27,1,-10.57,8.6,regolith_plain,0.649,2.35,60.6,-32.3,0.083,0.917,1.439
88,28,1,-4.76,8.48,regolith_plain,0.647,3.22,63.6,-22.6,0.071,0.929,1.363
89,29,1,-6.11,17.47,regolith_plain,0.651,3.48,53.5,-31.2,0.128,0.872,1.797
90,30,1,-1.88,10.73,regolith_plain,0.624,6.1,62.2,-31.0,0.083,0.917,1.459
91,31,1,-3.62,18.43,regolith_plain,0.62,6.56,49.1,-38.8,0.147,0.853,1.773
92,32,1,2.83,15.49,regolith_plain,0.6,6.94,50.4,-45.8,0.123,0.877,1.722
93,33,1,4.56,16.98,regolith_plain,0.613,5.21,50.8,-43.0,0.13,0.87,1.724
94,34,1,7.79,9.83,regolith_plain,0.594,4.87,49.1,-33.2,0.087,0.913,1.48
95,35,1,6.95,2.99,regolith_plain,0.577,4.75,58.0,-38.3,0.049,0.951,1.22
96,36,1,7.06,6.16,regolith_plain,0.597,3.92,55.3,-38.8,0.062,0.938,1.256
97,37,1,10.44,5.31,regolith_plain,0.587,4.22,58.2,-35.7,0.058,0.942,1.302
98,38,1,9.32,45.62,rock_field,0.679,0.0,22.2,-51.5,0.427,0.573,4.27
99,39,1,-11.17,53.59,rock_field,0.714,0.0,5.6,-57.9,0.475,0.525,5.024
100,40,1,-3.42,50.09,rock_field,0.719,0.0,12.6,-50.8,0.464,0.536,4.686
101,41,1,6.99,8.19,regolith_plain,0.603,3.44,68.8,-34.8,0.073,0.927,1.349
102,42,1,-2.02,14.2,regolith_plain,0.604,2.07,52.2,-39.9,0.119,0.881,1.485
103,43,1,8.15,23.24,regolith_plain,0.603,0.28,48.9,-41.1,0.142,0.858,1.889
104,44,1,15.15,10.65,regolith_plain,0.536,2.3,52.7,-34.7,0.08,0.92,1.333
105,45,1,15.51,4.21,regolith_plain,0.534,3.59,64.1,-33.8,0.044,0.956,1.186
106,46,1,14.78,9.96,regolith_plain,0.544,3.05,53.3,-37.4,0.084,0.916,1.361
107,47,1,22.52,18.02,crater_rim,0.52,2.17,48.1,-36.0,0.208,0.792,1.975
108,48,1,27.24,12.26,crater_rim,0.547,3.12,61.6,-34.3,0.195,0.805,1.773
109,49,1,31.01,2.73,regolith_plain,0.599,4.57,56.6,-36.7,0.031,0.969,1.236
110,50,1,28.75,4.82,regolith_plain,0.67,4.29,67.3,-30.0,0.057,0.943,1.303
111,51,1,29.35,3.43,regolith_plain,0.727,4.85,67.7,-29.1,0.053,0.947,1.37
112,52,1,27.3,6.66,regolith_plain,0.735,5.7,59.1,-35.5,0.087,0.913,1.481
113,53,1,24.73,7.6,regolith_plain,0.731,6.98,53.0,-36.8,0.101,0.899,1.463
114,54,1,21.99,8.05,regolith_plain,0.73,8.33,61.6,-37.4,0.093,0.907,1.565
115,55,1,19.28,10.06,regolith_plain,0.734,9.45,55.8,-39.9,0.121,0.879,1.642
116,56,1,15.03,6.13,rock_field,0.789,10.32,64.7,-30.3,0.251,0.749,2.367
117,57,1,16.65,33.15,rock_field,0.929,6.46,33.7,-42.1,0.418,0.582,4.048
118,58,1,-6.29,54.09,rock_field,1.0,3.51,20.1,-46.5,0.534,0.466,5.734
119,59,1,-31.59,55.61,rock_field,1.0,3.47,7.4,-51.6,0.514,0.486,5.612
120,0,2,1.87,18.35,rock_field,0.825,2.51,43.7,-39.8,0.288,0.712,2.836
121,1,2,-0.51,17.26,rock_field,0.797,2.78,52.1,-34.3,0.29,0.71,2.83
122,2,2,-4.18,20.52,rock_field,0.78,2.4,48.7,-34.4,0.29,0.71,3.156
123,3,2,-8.02,18.62,rock_field,0.755,2.8,57.7,-31.4,0.27,0.73,2.749
124,4,2,-12.78,11.58,regolith_plain,0.726,3.95,62.3,-34.0,0.121,0.879,1.581
125,5,2,-11.63,6.96,rock_field,0.768,4.46,64.5,-27.3,0.232,0.768,2.355
126,6,2,-11.3,2.84,rock_field,0.784,4.89,75.7,-28.1,0.199,0.801,2.015
127,7,2,-13.05,7.25,rock_field,0.757,4.05,54.9,-33.7,0.207,0.793,2.257
128,8,2,-15.14,10.4,rock_field,0.752,3.58,54.7,-35.1,0.22,0.78,2.429
129,9,2,-16.21,3.66,regolith_plain,0.712,5.32,60.4,-33.4,0.07,0.93,1.256
130,10,2,-17.7,6.47,regolith_plain,0.677,5.24,60.5,-37.3,0.073,0.927,1.352
131,11,2,-18.53,5.58,regolith_plain,0.625,5.7,55.6,-33.3,0.069,0.931,1.332
132,12,2,-16.52,12.41,regolith_plain,0.617,4.61,60.2,-23.0,0.103,0.897,1.456
133,13,2,-9.74,6.88,regolith_plain,0.624,3.76,61.1,-35.5,0.061,0.939,1.296
134,14,2,-12.01,12.6,regolith_plain,0.619,1.23,47.3,-38.3,0.077,0.923,1.528
135,15,2,-16.8,10.52,regolith_plain,0.575,0.0,52.3,-38.5,0.069,0.931,1.35
136,16,2,-18.46,10.08,regolith_plain,0.575,0.0,60.8,-35.7,0.072,0.928,1.293
137,17,2,-21.4,10.43,regolith_plain,0.586,0.0,63.6,-26.6,0.075,0.925,1.393
138,18,2,-12.09,24.3,regolith_plain,0.661,0.0,55.3,-38.4,0.157,0.843,1.887
139,19,2,-3.39,4.23,regolith_plain,0.651,1.57,82.8,-28.1,0.06,0.94,1.216
140,20,2,-9.38,16.31,regolith_plain,0.68,0.35,54.5,-42.3,0.109,0.891,1.688
141,21,2,-14.04,14.79,regolith_plain,0.679,0.0,47.8,-41.3,0.084,0.916,1.542
142,22,2,-13.22,5.09,regolith_plain,0.676,0.84,51.6,-43.9,0.063,0.937,1.298
143,23,2,-15.29,5.5,regolith_plain,0.689,0.18,65.6,-29.5,0.056,0.944,1.296
144,24,2,-15.18,7.42,regolith_plain,0.662,0.15,57.0,-23.9,0.059,0.941,1.383
145,25,2,-10.14,4.26,regolith_plain,0.631,2.16,62.8,-34.7,0.053,0.947,1.269
146,26,2,-12.44,3.09,regolith_plain,0.626,2.79,62.9,-39.9,0.041,0.959,1.182
147,27,2,-10.32,5.36,regolith_plain,0.644,2.47,63.3,-29.5,0.044,0.956,1.239
148,28,2,-9.49,2.31,regolith_plain,0.657,3.72,73.9,-32.4,0.033,0.967,1.254
149,29,2,-11.88,1.7,regolith_plain,0.632,5.47,69.1,-26.2,0.035,0.965,1.25
150,30,2,-10.66,4.87,regolith_plain,0.585,6.66,63.7,-34.5,0.063,0.937,1.256
151,31,2,-11.81,9.55,regolith_plain,0.57,7.62,53.3,-39.6,0.093,0.907,1.354
152,32,2,-5.04,19.26,regolith_plain,0.611,6.09,38.8,-42.8,0.161,0.839,1.801
153,33,2,-0.35,13.43,regolith_plain,0.616,5.38,52.3,-34.2,0.108,0.892,1.551
154,34,2,3.98,15.2,regolith_plain,0.624,3.62,53.0,-37.7,0.112,0.888,1.543
155,35,2,8.1,5.61,regolith_plain,0.591,3.81,74.4,-31.3,0.052,0.948,1.237
156,36,2,6.17,7.92,regolith_plain,0.598,3.26,62.1,-34.4,0.063,0.937,1.291
157,37,2,11.74,37.23,rock_field,0.681,0.0,34.9,-47.9,0.365,0.635,3.837
158,38,2,-24.22,57.74,rock_field,0.742,0.0,5.0,-51.7,0.491,0.509,5.217
159,39,2,-38.56,41.1,rock_field,0.689,0.0,17.7,-56.0,0.399,0.601,4.041
160,40,2,-33.17,52.08,rock_field,0.699,0.0,6.9,-54.4,0.463,0.537,4.989
161,41,2,0.52,38.01,rock_field,0.636,0.0,23.8,-43.6,0.371,0.629,3.87
162,42,2,-3.23,14.21,regolith_plain,0.545,1.98,67.1,-30.5,0.088,0.912,1.439
163,43,2,10.26,20.96,regolith_plain,0.545,0.23,42.0,-38.0,0.14,0.86,1.7
164,44,2,12.08,11.89,regolith_plain,0.5,2.1,62.0,-33.8,0.094,0.906,1.352
165,45,2,17.6,8.0,regolith_plain,0.496,3.64,55.8,-31.2,0.087,0.913,1.232
166,46,2,17.57,14.46,crater_rim,0.505,3.63,59.7,-30.8,0.205,0.795,1.813
167,47,2,24.52,17.53,crater_rim,0.478,4.13,53.0,-35.1,0.239,0.761,1.989
168,48,2,29.2,6.98,regolith_plain,0.493,5.65,61.4,-30.4,0.068,0.932,1.267
169,49,2,29.32,3.51,regolith_plain,0.551,5.85,65.9,-29.5,0.07,0.93,1.141
170,50,2,31.05,3.89,regolith_plain,0.618,5.48,61.8,-35.7,0.062,0.938,1.188
171,51,2,27.84,6.31,regolith_plain,0.695,5.08,65.7,-37.9,0.083,0.917,1.434
172,52,2,26.89,4.96,regolith_plain,0.698,6.23,61.8,-32.3,0.074,0.926,1.308
173,53,2,25.52,9.91,regolith_plain,0.715,6.53,51.7,-35.4,0.105,0.895,1.564
174,54,2,20.69,10.96,regolith_plain,0.723,7.41,50.3,-33.8,0.114,0.886,1.632
175,55,2,17.77,7.57,regolith_plain,0.72,8.96,62.7,-37.7,0.122,0.878,1.483
176,56,2,15.87,6.93,rock_field,0.783,10.27,71.9,-34.5,0.242,0.758,2.5
177,57,2,22.28,38.2,crater_rim,0.93,6.8,28.9,-43.7,0.401,0.599,3.699
178,58,2,-15.35,55.39,rock_field,1.0,5.45,8.4,-52.9,0.549,0.451,5.512
179,59,2,-35.69,45.95,rock_field,1.0,8.09,21.2,-55.9,0.503,0.497,5.144
180,0,3,-5.46,17.35,rock_field,0.764,2.88,58.8,-33.2,0.277,0.723,2.905
181,1,3,-8.43,22.68,rock_field,0.757,1.85,46.4,-46.4,0.318,0.682,3.198
182,2,3,-10.51,15.32,regolith_plain,0.722,2.73,50.7,-41.3,0.131,0.869,1.705
183,3,3,-12.09,10.36,regolith_plain,0.731,3.24,65.2,-27.1,0.095,0.905,1.498
184,4,3,-13.44,2.55,regolith_plain,0.73,4.2,69.8,-23.7,0.054,0.946,1.33
185,5,3,-12.46,6.83,rock_field,0.762,3.56,71.7,-35.1,0.2,0.8,2.322
186,6,3,-13.2,7.91,rock_field,0.779,3.4,62.4,-34.8,0.225,0.775,2.29
187,7,3,-14.16,3.4,rock_field,0.76,4.07,58.9,-34.6,0.201,0.799,1.991
188,8,3,-14.75,6.8,rock_field,0.777,3.79,54.3,-29.2,0.224,0.776,2.222
189,9,3,-18.88,10.52,rock_field,0.769,4.52,68.3,-33.5,0.246,0.754,2.427
190,10,3,-20.45,6.28,regolith_plain,0.713,6.11,73.4,-31.8,0.084,0.916,1.38
191,11,3,-20.98,5.25,regolith_plain,0.649,7.22,63.1,-27.4,0.076,0.924,1.359
192,12,3,-19.32,8.22,regolith_plain,0.622,7.22,58.7,-36.7,0.091,0.909,1.448
193,13,3,-16.99,15.03,regolith_plain,0.653,4.59,62.2,-30.8,0.134,0.866,1.732
194,14,3,-16.42,11.68,regolith_plain,0.645,3.49,50.5,-43.6,0.082,0.918,1.437
195,15,3,-18.84,10.84,regolith_plain,0.638,2.01,52.7,-37.4,0.083,0.917,1.385
196,16,3,-21.93,2.79,regolith_plain,0.594,1.86,70.8,-37.0,0.024,0.976,1.155
197,17,3,-16.93,13.64,regolith_plain,0.584,0.0,52.6,-40.8,0.112,0.888,1.426
198,18,3,-14.11,9.15,regolith_plain,0.587,1.59,59.9,-30.8,0.083,0.917,1.293
199,19,3,-10.8,17.48,regolith_plain,0.628,1.44,49.8,-37.9,0.12,0.88,1.722
200,20,3,-13.74,13.64,regolith_plain,0.621,2.41,57.0,-36.6,0.091,0.909,1.539
201,21,3,-19.06,8.13,regolith_plain,0.626,2.22,69.5,-33.9,0.06,0.94,1.326
202,22,3,-17.45,9.95,regolith_plain,0.661,0.93,59.6,-35.1,0.09,0.91,1.445
203,23,3,-14.59,3.82,regolith_plain,0.674,0.83,69.7,-29.5,0.03,0.97,1.227
204,24,3,-14.86,6.42,regolith_plain,0.697,0.38,50.6,-33.4,0.062,0.938,1.347
205,25,3,-10.1,9.02,regolith_plain,0.701,1.38,59.8,-44.7,0.089,0.911,1.382
206,26,3,-8.51,6.01,regolith_plain,0.678,2.14,58.3,-38.1,0.052,0.948,1.333
207,27,3,-8.26,8.71,regolith_plain,0.682,1.6,53.1,-35.9,0.078,0.922,1.367
208,28,3,-5.16,9.1,regolith_plain,0.691,2.28,54.7,-36.5,0.081,0.919,1.418
209,29,3,-5.93,12.95,regolith_plain,0.663,3.42,53.8,-34.9,0.104,0.896,1.518
210,30,3,-5.28,11.72,regolith_plain,0.579,5.32,62.6,-32.6,0.095,0.905,1.452
211,31,3,-7.32,11.28,regolith_plain,0.555,7.1,49.6,-39.6,0.114,0.886,1.423
212,32,3,-5.17,12.88,regolith_plain,0.603,6.77,56.0,-38.2,0.128,0.872,1.603
213,33,3,1.4,9.03,regolith_plain,0.62,5.67,57.2,-36.5,0.087,0.913,1.482
214,34,3,0.96,6.28,regolith_plain,0.612,4.51,61.1,-29.5,0.071,0.929,1.253
215,35,3,3.69,7.41,regolith_plain,0.599,2.99,67.9,-34.5,0.066,0.934,1.33
216,36,3,2.85,10.06,regolith_plain,0.597,2.55,62.2,-33.8,0.064,0.936,1.396
217,37,3,10.57,38.9,rock_field,0.66,0.0,35.2,-41.9,0.378,0.622,4.014
218,38,3,-29.22,55.2,rock_field,0.689,0.0,8.4,-45.8,0.463,0.537,5.416
219,39,3,-44.9,19.81,regolith_plain,0.575,3.6,44.0,-41.1,0.138,0.862,1.78
220,40,3,-36.72,49.09,rock_field,0.617,0.0,14.7,-46.0,0.436,0.564,4.553
221,41,3,-2.0,44.8,rock_field,0.59,0.0,22.2,-42.3,0.415,0.585,4.51
222,42,3,0.76,16.74,regolith_plain,0.497,1.52,52.6,-37.0,0.119,0.881,1.577
223,43,3,8.76,15.29,regolith_plain,0.466,0.69,46.7,-39.6,0.113,0.887,1.48
224,44,3,11.04,11.41,regolith_plain,0.439,2.16,58.0,-36.2,0.079,0.921,1.349
225,45,3,16.72,15.96,regolith_plain,0.459,3.07,53.8,-37.5,0.13,0.87,1.43
226,46,3,22.43,16.04,crater_rim,0.458,4.64,67.5,-28.4,0.229,0.771,1.916
227,47,3,27.47,7.16,regolith_plain,0.415,7.57,73.4,-29.1,0.064,0.936,1.17
228,48,3,26.3,2.96,regolith_plain,0.46,7.99,61.6,-33.3,0.044,0.956,1.138
229,49,3,29.4,6.82,regolith_plain,0.553,6.75,60.8,-38.9,0.077,0.923,1.347
230,50,3,31.03,4.87,regolith_plain,0.632,6.39,55.9,-40.0,0.063,0.937,1.245
231,51,3,27.83,9.37,regolith_plain,0.735,5.29,56.1,-27.3,0.099,0.901,1.469
232,52,3,24.72,10.46,regolith_plain,0.737,5.68,60.4,-35.1,0.114,0.886,1.577
233,53,3,21.5,8.82,regolith_plain,0.72,6.59,67.5,-35.1,0.113,0.887,1.473
234,54,3,21.75,0.35,regolith_plain,0.677,8.51,65.2,-27.3,0.047,0.953,1.249
235,55,3,21.52,9.82,regolith_plain,0.675,7.75,55.3,-35.3,0.12,0.88,1.541
236,56,3,16.86,4.87,regolith_plain,0.72,10.65,51.8,-35.6,0.089,0.911,1.409
237,57,3,20.73,30.91,crater_rim,0.851,9.0,35.0,-44.2,0.373,0.627,3.077
238,58,3,-5.97,53.93,rock_field,0.963,7.81,5.0,-55.3,0.551,0.449,5.837
239,59,3,-24.23,50.21,rock_field,1.0,10.63,11.6,-52.7,0.526,0.474,5.56
240,0,4,-9.12,24.45,regolith_plain,0.729,2.14,37.8,-47.5,0.168,0.832,1.98
241,1,4,-16.45,17.5,regolith_plain,0.695,2.61,50.2,-38.0,0.131,0.869,1.672
242,2,4,-14.51,15.59,regolith_plain,0.682,2.33,42.3,-39.2,0.115,0.885,1.681
243,3,4,-14.72,7.81,regolith_plain,0.716,2.93,52.6,-29.5,0.088,0.912,1.356
244,4,4,-14.52,7.21,rock_field,0.756,2.5,74.8,-28.7,0.193,0.807,2.166
245,5,4,-16.41,9.89,rock_field,0.763,2.25,51.4,-46.6,0.213,0.787,2.377
246,6,4,-16.59,11.67,rock_field,0.772,2.13,50.6,-37.9,0.244,0.756,2.514
247,7,4,-14.85,8.07,rock_field,0.781,2.82,72.1,-19.1,0.214,0.786,2.415
248,8,4,-14.51,10.4,rock_field,0.812,2.89,76.0,-25.2,0.235,0.765,2.422
249,9,4,-20.98,10.8,rock_field,0.8,4.61,51.1,-40.8,0.255,0.745,2.482
250,10,4,-21.56,5.95,regolith_plain,0.742,6.86,61.2,-31.9,0.1,0.9,1.378
251,11,4,-22.03,5.41,regolith_plain,0.677,8.47,66.1,-35.7,0.097,0.903,1.362
252,12,4,-20.71,5.07,regolith_plain,0.633,9.43,74.8,-35.2,0.089,0.911,1.381
253,13,4,-20.08,5.78,regolith_plain,0.637,7.76,57.7,-37.0,0.078,0.922,1.36
254,14,4,-20.08,3.69,regolith_plain,0.647,6.51,64.5,-32.7,0.061,0.939,1.228
255,15,4,-22.12,3.06,regolith_plain,0.667,5.04,71.3,-38.0,0.052,0.948,1.241
256,16,4,-18.87,13.47,regolith_plain,0.653,2.11,57.8,-39.6,0.094,0.906,1.57
257,17,4,-15.65,7.02,regolith_plain,0.564,2.54,60.0,-34.2,0.053,0.947,1.31
258,18,4,-14.08,0.58,regolith_plain,0.539,4.57,68.6,-33.1,0.042,0.958,1.051
259,19,4,-15.98,5.38,regolith_plain,0.551,4.91,55.8,-34.4,0.055,0.945,1.276
260,20,4,-14.48,3.7,regolith_plain,0.554,5.41,64.5,-37.8,0.042,0.958,1.232
261,21,4,-18.38,10.23,regolith_plain,0.605,3.03,57.2,-32.4,0.095,0.905,1.426
262,22,4,-18.63,5.96,regolith_plain,0.632,2.26,64.8,-37.3,0.045,0.955,1.275
263,23,4,-15.95,6.68,regolith_plain,0.676,0.75,59.3,-27.7,0.064,0.936,1.379
264,24,4,-15.37,9.16,regolith_plain,0.728,0.05,62.8,-39.9,0.06,0.94,1.424
265,25,4,-10.06,9.7,regolith_plain,0.738,1.24,65.4,-36.6,0.106,0.894,1.543
266,26,4,-8.65,7.43,regolith_plain,0.711,1.77,62.8,-31.5,0.09,0.91,1.44
267,27,4,-5.19,10.27,regolith_plain,0.707,1.1,60.8,-27.2,0.078,0.922,1.536
268,28,4,-3.52,3.7,regolith_plain,0.69,2.75,66.2,-30.8,0.053,0.947,1.28
269,29,4,-2.69,3.02,regolith_plain,0.641,4.57,66.7,-29.9,0.042,0.958,1.262
270,30,4,-2.47,2.7,regolith_plain,0.544,6.33,62.7,-33.6,0.042,0.958,1.193
271,31,4,-3.83,4.66,regolith_plain,0.533,7.76,66.8,-36.5,0.065,0.935,1.186
272,32,4,-2.3,7.38,regolith_plain,0.603,7.25,61.3,-36.2,0.089,0.911,1.303
273,33,4,1.32,4.2,regolith_plain,0.626,6.04,77.9,-33.2,0.068,0.932,1.243
274,34,4,0.21,2.83,regolith_plain,0.616,4.65,76.3,-33.9,0.052,0.948,1.146
275,35,4,3.26,6.05,regolith_plain,0.597,2.79,65.7,-30.7,0.055,0.945,1.269
276,36,4,4.44,8.0,regolith_plain,0.582,2.62,56.6,-39.9,0.075,0.925,1.266
277,37,4,8.13,19.34,regolith_plain,0.586,2.05,42.1,-39.2,0.123,0.877,1.673
278,38,4,-8.91,52.98,rock_field,0.647,0.0,18.9,-53.6,0.465,0.535,4.789
279,39,4,-26.26,56.63,rock_field,0.621,0.0,9.3,-50.6,0.482,0.518,5.229
280,40,4,-16.14,58.48,rock_field,0.577,0.0,8.6,-54.0,0.488,0.512,5.478
281,41,4,13.67,28.07,rock_field,0.487,1.17,28.7,-39.5,0.315,0.685,2.994
282,42,4,2.15,16.16,regolith_plain,0.438,1.64,57.8,-33.6,0.094,0.906,1.481
283,43,4,6.53,16.08,regolith_plain,0.403,0.33,55.0,-30.8,0.098,0.902,1.459
284,44,4,13.45,18.28,regolith_plain,0.398,1.21,43.2,-43.0,0.129,0.871,1.549
285,45,4,18.59,14.29,crater_rim,0.402,3.95,51.4,-37.2,0.201,0.799,1.712
286,46,4,21.66,13.99,crater_rim,0.408,6.13,56.2,-39.9,0.194,0.806,1.701
287,47,4,27.73,9.63,regolith_plain,0.391,8.92,59.7,-36.6,0.103,0.897,1.237
288,48,4,28.45,3.05,regolith_plain,0.439,9.56,64.9,-34.3,0.061,0.939,1.14
289,49,4,28.63,0.82,regolith_plain,0.527,8.94,68.5,-34.8,0.061,0.939,1.087
290,50,4,28.02,5.05,regolith_plain,0.635,7.34,62.9,-38.6,0.063,0.937,1.324
291,51,4,25.88,7.06,regolith_plain,0.746,6.27,63.2,-39.2,0.084,0.916,1.413
292,52,4,23.09,8.33,regolith_plain,0.744,6.27,69.7,-40.6,0.106,0.894,1.536
293,53,4,20.07,4.41,regolith_plain,0.707,7.16,49.8,-42.5,0.076,0.924,1.368
294,54,4,20.94,4.25,regolith_plain,0.663,7.49,63.9,-30.9,0.071,0.929,1.362
295,55,4,22.67,3.81,regolith_plain,0.611,7.86,66.9,-38.8,0.087,0.913,1.314
296,56,4,19.18,10.85,regolith_plain,0.681,9.77,59.8,-40.5,0.13,0.87,1.665
297,57,4,15.02,15.09,rock_field,0.753,12.29,51.2,-31.2,0.294,0.706,2.855
298,58,4,16.18,30.81,rock_field,0.849,13.1,25.6,-49.9,0.392,0.608,4.192
299,59,4,-4.5,52.31,rock_field,0.959,13.03,14.4,-50.0,0.545,0.455,5.796
300,0,5,-16.23,14.71,regolith_plain,0.68,5.47,64.2,-30.5,0.118,0.882,1.754
301,1,5,-19.83,10.94,regolith_plain,0.659,5.07,48.8,-35.8,0.094,0.906,1.539
302,2,5,-21.53,18.17,regolith_plain,0.671,3.03,55.2,-42.1,0.131,0.869,1.695
303,3,5,-17.58,13.49,regolith_plain,0.695,2.77,53.2,-37.6,0.123,0.877,1.534
304,4,5,-18.21,9.48,regolith_plain,0.716,2.47,59.2,-41.0,0.077,0.923,1.42
305,5,5,-19.12,8.19,regolith_plain,0.728,2.54,54.7,-26.3,0.093,0.907,1.402
306,6,5,-21.32,8.76,regolith_plain,0.743,2.32,58.4,-41.2,0.093,0.907,1.479
307,7,5,-19.44,10.1,rock_field,0.757,2.0,66.7,-36.0,0.231,0.769,2.312
308,8,5,-18.79,9.67,rock_field,0.777,2.19,62.9,-37.4,0.219,0.781,2.439
309,9,5,-21.8,8.51,rock_field,0.779,3.88,71.0,-36.5,0.235,0.765,2.363
310,10,5,-24.48,5.35,rock_field,0.754,5.67,71.2,-25.2,0.186,0.814,2.268
311,11,5,-24.67,4.4,regolith_plain,0.731,7.14,67.8,-22.3,0.07,0.93,1.45
312,12,5,-22.28,5.26,regolith_plain,0.697,7.69,74.7,-31.5,0.098,0.902,1.416
313,13,5,-20.99,6.11,regolith_plain,0.661,5.65,65.9,-37.8,0.086,0.914,1.288
314,14,5,-18.0,3.31,regolith_plain,0.647,4.17,71.3,-39.4,0.068,0.932,1.264
315,15,5,-20.6,5.89,regolith_plain,0.663,1.87,61.7,-34.6,0.06,0.94,1.272
316,16,5,-14.86,8.5,regolith_plain,0.636,0.0,61.0,-34.9,0.063,0.937,1.29
317,17,5,-15.77,4.79,regolith_plain,0.583,0.5,60.5,-36.5,0.036,0.964,1.218
318,18,5,-13.87,2.58,regolith_plain,0.57,2.49,73.1,-28.8,0.057,0.943,1.088
319,19,5,-14.55,3.42,regolith_plain,0.568,4.03,59.2,-33.1,0.052,0.948,1.149
320,20,5,-12.8,4.85,regolith_plain,0.585,4.51,69.4,-29.9,0.045,0.955,1.286
321,21,5,-13.16,13.94,regolith_plain,0.629,1.9,53.5,-37.7,0.117,0.883,1.564
322,22,5,-14.05,12.7,regolith_plain,0.651,0.85,63.1,-37.4,0.093,0.907,1.517
323,23,5,-11.22,9.95,regolith_plain,0.664,0.03,63.6,-30.1,0.054,0.946,1.337
324,24,5,-12.22,6.98,regolith_plain,0.649,0.38,73.2,-29.4,0.052,0.948,1.287
325,25,5,-11.34,8.35,regolith_plain,0.647,1.82,65.2,-28.8,0.083,0.917,1.306
326,26,5,-6.65,11.63,regolith_plain,0.679,1.88,47.8,-35.3,0.101,0.899,1.459
327,27,5,-3.15,4.8,regolith_plain,0.687,3.02,64.3,-38.5,0.067,0.933,1.341
328,28,5,-4.49,6.66,regolith_plain,0.707,3.26,55.6,-41.6,0.088,0.912,1.44
329,29,5,-7.77,5.08,regolith_plain,0.678,4.47,61.3,-37.0,0.051,0.949,1.348
330,30,5,-3.78,7.85,regolith_plain,0.622,5.02,70.4,-35.1,0.072,0.928,1.377
331,31,5,-4.07,1.2,regolith_plain,0.604,6.99,72.5,-27.3,0.046,0.954,1.163
332,32,5,-4.62,5.63,regolith_plain,0.667,6.37,59.6,-33.4,0.088,0.912,1.412
333,33,5,-0.13,7.43,regolith_plain,0.684,5.33,55.7,-31.6,0.076,0.924,1.478
334,34,5,0.58,7.87,regolith_plain,0.662,4.57,61.5,-32.3,0.079,0.921,1.411
335,35,5,4.01,8.41,regolith_plain,0.605,4.0,53.5,-35.9,0.077,0.923,1.388
336,36,5,5.65,6.51,regolith_plain,0.559,4.65,58.8,-30.1,0.06,0.94,1.281
337,37,5,6.23,9.81,regolith_plain,0.564,5.08,61.1,-32.3,0.089,0.911,1.394
338,38,5,11.15,33.48,rock_field,0.626,2.45,40.1,-40.9,0.352,0.648,3.798
339,39,5,15.41,46.24,rock_field,0.619,1.46,22.8,-41.2,0.42,0.58,4.308
340,40,5,14.84,37.67,rock_field,0.535,2.33,14.8,-49.6,0.382,0.618,3.648
341,41,5,8.97,7.04,regolith_plain,0.429,5.83,64.1,-34.4,0.081,0.919,1.172
342,42,5,9.9,17.67,regolith_plain,0.424,3.15,51.0,-40.8,0.136,0.864,1.486
343,43,5,11.07,16.77,regolith_plain,0.391,2.19,54.0,-33.5,0.128,0.872,1.518
344,44,5,16.44,19.55,regolith_plain,0.393,2.54,58.2,-29.9,0.153,0.847,1.487
345,45,5,22.75,17.66,crater_rim,0.418,4.28,38.2,-42.3,0.208,0.792,2.015
346,46,5,26.4,12.86,crater_rim,0.423,6.46,52.3,-32.1,0.189,0.811,1.69
347,47,5,27.42,2.64,regolith_plain,0.388,9.45,70.6,-39.1,0.07,0.93,1.013
348,48,5,28.23,2.3,regolith_plain,0.435,9.18,58.0,-35.8,0.056,0.944,1.046
349,49,5,29.02,4.18,regolith_plain,0.508,8.14,74.3,-30.0,0.062,0.938,1.245
350,50,5,28.8,6.01,regolith_plain,0.586,7.1,65.6,-35.7,0.067,0.933,1.302
351,51,5,27.4,7.21,regolith_plain,0.673,6.3,67.1,-22.6,0.095,0.905,1.391
352,52,5,25.43,9.08,regolith_plain,0.682,6.28,56.6,-36.1,0.12,0.88,1.451
353,53,5,23.71,12.19,crater_rim,0.681,6.17,61.5,-35.7,0.216,0.784,1.904
354,54,5,23.2,7.72,regolith_plain,0.646,7.21,67.9,-31.8,0.085,0.915,1.36
355,55,5,23.53,8.58,regolith_plain,0.62,7.44,62.0,-42.1,0.101,0.899,1.423
356,56,5,17.39,18.36,crater_rim,0.687,8.0,51.2,-40.9,0.239,0.761,2.26
357,57,5,10.37,16.43,regolith_plain,0.731,10.44,53.6,-33.4,0.141,0.859,1.911
358,58,5,7.74,17.59,rock_field,0.79,12.41,45.5,-42.8,0.315,0.685,3.149
359,59,5,6.91,2.41,rock_field,0.807,16.84,66.5,-36.7,0.23,0.77,2.329
360,0,6,-16.76,17.02,regolith_plain,0.649,6.99,50.4,-32.8,0.141,0.859,1.78
361,1,6,-22.08,16.08,regolith_plain,0.645,5.78,54.6,-31.1,0.136,0.864,1.669
362,2,6,-27.45,10.56,regolith_plain,0.633,5.26,64.4,-30.9,0.121,0.879,1.546
363,3,6,-23.73,17.59,regolith_plain,0.682,2.85,44.3,-41.6,0.148,0.852,1.686
364,4,6,-21.01,9.41,regolith_plain,0.69,2.79,58.9,-35.6,0.072,0.928,1.465
365,5,6,-21.26,3.14,regolith_plain,0.694,3.33,75.4,-32.1,0.037,0.963,1.244
366,6,6,-22.74,2.73,regolith_plain,0.706,2.99,62.5,-37.4,0.043,0.957,1.235
367,7,6,-21.51,2.63,regolith_plain,0.704,2.6,62.2,-37.7,0.066,0.934,1.266
368,8,6,-20.91,2.35,regolith_plain,0.721,2.48,68.6,-33.7,0.032,0.968,1.3
369,9,6,-22.85,4.64,rock_field,0.759,3.39,70.0,-35.0,0.193,0.807,2.095
370,10,6,-23.97,2.05,rock_field,0.759,4.89,67.8,-38.0,0.184,0.816,2.047
371,11,6,-24.18,5.28,rock_field,0.77,5.52,72.2,-29.4,0.218,0.782,2.242
372,12,6,-20.76,6.17,regolith_plain,0.748,5.84,68.4,-30.7,0.096,0.904,1.482
373,13,6,-19.89,4.23,regolith_plain,0.684,3.88,70.4,-23.9,0.066,0.934,1.259
374,14,6,-17.8,1.22,regolith_plain,0.648,2.08,72.0,-32.7,0.033,0.967,1.148
375,15,6,-19.44,3.59,regolith_plain,0.64,0.0,80.0,-25.8,0.022,0.978,1.203
376,16,6,-15.33,9.96,regolith_plain,0.626,0.0,57.8,-33.5,0.073,0.927,1.343
377,17,6,-12.45,6.44,regolith_plain,0.601,0.0,50.9,-38.2,0.062,0.938,1.202
378,18,6,-12.76,2.02,regolith_plain,0.582,0.8,77.4,-25.0,0.042,0.958,1.096
379,19,6,-13.85,3.0,regolith_plain,0.574,2.91,64.0,-29.8,0.043,0.957,1.11
380,20,6,-11.38,8.48,regolith_plain,0.606,3.23,61.3,-32.6,0.058,0.942,1.395
381,21,6,-8.54,2.87,regolith_plain,0.599,3.0,74.7,-30.2,0.043,0.957,1.159
382,22,6,-9.83,5.95,regolith_plain,0.616,1.46,53.8,-37.7,0.051,0.949,1.256
383,23,6,-9.18,7.17,regolith_plain,0.618,0.2,54.6,-41.4,0.041,0.959,1.287
384,24,6,-10.48,8.07,regolith_plain,0.581,0.23,51.5,-40.2,0.048,0.952,1.317
385,25,6,-11.92,3.76,regolith_plain,0.562,2.89,61.1,-36.4,0.035,0.965,1.121
386,26,6,-7.9,13.28,regolith_plain,0.641,2.38,58.0,-39.4,0.11,0.89,1.527
387,27,6,-2.61,7.69,regolith_plain,0.678,3.69,64.7,-31.0,0.096,0.904,1.358
388,28,6,-2.83,6.5,regolith_plain,0.705,4.23,64.5,-28.1,0.083,0.917,1.371
389,29,6,-6.17,7.53,regolith_plain,0.705,4.3,53.2,-40.4,0.092,0.908,1.45
390,30,6,-6.56,3.36,regolith_plain,0.667,5.15,52.4,-36.0,0.057,0.943,1.228
391,31,6,-3.84,6.06,regolith_plain,0.685,4.97,63.7,-37.4,0.07,0.93,1.43
392,32,6,-2.41,13.07,regolith_plain,0.738,4.11,52.8,-38.2,0.126,0.874,1.664
393,33,6,1.86,10.22,regolith_plain,0.726,4.68,61.5,-36.7,0.107,0.893,1.477
394,34,6,3.88,7.94,regolith_plain,0.686,5.24,65.5,-30.2,0.08,0.92,1.452
395,35,6,6.29,8.21,regolith_plain,0.608,5.6,61.8,-36.6,0.084,0.916,1.384
396,36,6,8.44,11.94,regolith_plain,0.567,5.64,61.4,-30.0,0.104,0.896,1.439
397,37,6,12.33,15.5,regolith_plain,0.581,5.82,54.3,-37.6,0.123,0.877,1.626
398,38,6,15.9,7.66,regolith_plain,0.573,7.72,64.8,-35.7,0.08,0.92,1.347
399,39,6,15.35,3.41,regolith_plain,0.531,9.08,62.0,-39.2,0.07,0.93,1.189
400,40,6,14.06,2.65,regolith_plain,0.469,8.86,66.0,-31.8,0.055,0.945,1.137
401,41,6,13.55,7.11,regolith_plain,0.437,7.34,63.4,-30.0,0.102,0.898,1.234
402,42,6,14.72,9.94,regolith_plain,0.401,6.05,64.0,-32.1,0.098,0.902,1.211
403,43,6,16.65,16.7,regolith_plain,0.392,4.16,49.3,-29.2,0.13,0.87,1.535
404,44,6,21.53,16.33,crater_rim,0.393,4.55,55.2,-30.4,0.214,0.786,1.857
405,45,6,26.54,11.77,regolith_plain,0.418,6.0,55.5,-37.4,0.1,0.9,1.334
406,46,6,29.51,5.1,regolith_plain,0.42,7.78,63.7,-34.8,0.053,0.947,1.084
407,47,6,27.94,3.78,regolith_plain,0.4,8.75,70.8,-29.2,0.06,0.94,1.066
408,48,6,28.62,8.59,regolith_plain,0.443,7.74,48.6,-42.1,0.076,0.924,1.251
409,49,6,31.5,9.77,regolith_plain,0.496,7.0,51.5,-33.0,0.08,0.92,1.34
410,50,6,31.91,9.52,regolith_plain,0.552,6.48,50.6,-36.5,0.081,0.919,1.407
411,51,6,29.65,10.74,regolith_plain,0.623,5.83,44.2,-39.1,0.112,0.888,1.475
412,52,6,28.3,9.15,regolith_plain,0.634,6.39,55.9,-33.3,0.106,0.894,1.471
413,53,6,28.42,9.79,regolith_plain,0.641,6.72,63.7,-26.5,0.093,0.907,1.442
414,54,6,26.36,8.34,regolith_plain,0.63,7.35,59.1,-34.4,0.078,0.922,1.48
415,55,6,24.29,13.57,crater_rim,0.631,6.99,56.3,-36.5,0.208,0.792,2.001
416,56,6,17.4,21.96,crater_rim,0.69,6.82,52.4,-31.3,0.276,0.724,2.442
417,57,6,8.24,18.79,regolith_plain,0.724,8.43,57.3,-31.9,0.18,0.82,1.887
418,58,6,3.98,17.74,rock_field,0.771,9.73,50.1,-39.7,0.307,0.693,2.938
419,59,6,-4.33,23.9,rock_field,0.837,9.94,51.8,-37.8,0.355,0.645,3.555
420,0,7,-22.3,14.64,regolith_plain,0.571,9.22,54.5,-36.1,0.137,0.863,1.707
421,1,7,-24.16,12.95,regolith_plain,0.592,7.73,50.7,-36.6,0.102,0.898,1.525
422,2,7,-28.8,6.44,regolith_plain,0.603,6.96,59.3,-40.4,0.063,0.937,1.391
423,3,7,-28.5,12.43,regolith_plain,0.672,4.32,47.4,-45.0,0.127,0.873,1.631
424,4,7,-24.37,17.34,regolith_plain,0.731,1.91,45.6,-42.8,0.139,0.861,1.847
425,5,7,-20.48,8.09,regolith_plain,0.707,2.62,59.0,-38.5,0.061,0.939,1.443
426,6,7,-19.42,1.64,regolith_plain,0.682,2.91,73.0,-32.3,0.045,0.955,1.144
427,7,7,-19.38,2.37,regolith_plain,0.657,2.12,77.7,-25.5,0.03,0.97,1.241
428,8,7,-17.84,5.49,regolith_plain,0.68,1.21,55.7,-36.3,0.067,0.933,1.343
429,9,7,-22.89,10.3,rock_field,0.775,1.46,61.0,-33.0,0.238,0.762,2.307
430,10,7,-24.99,5.61,rock_field,0.783,3.08,57.6,-40.1,0.214,0.786,2.163
431,11,7,-26.51,3.9,rock_field,0.756,4.25,68.6,-33.3,0.2,0.8,2.07
432,12,7,-22.75,8.28,rock_field,0.764,3.8,60.1,-32.0,0.237,0.763,2.371
433,13,7,-20.87,7.71,regolith_plain,0.736,1.3,50.5,-35.1,0.092,0.908,1.439
434,14,7,-18.73,5.18,regolith_plain,0.676,0.0,69.9,-33.4,0.041,0.959,1.288
435,15,7,-20.13,8.42,regolith_plain,0.619,0.0,57.1,-34.4,0.068,0.932,1.295
436,16,7,-14.24,11.77,regolith_plain,0.593,0.0,53.8,-27.4,0.074,0.926,1.454
437,17,7,-12.07,3.66,regolith_plain,0.581,0.0,59.6,-34.2,0.021,0.979,1.139
438,18,7,-13.65,7.88,regolith_plain,0.577,0.0,57.4,-37.7,0.071,0.929,1.31
439,19,7,-16.12,3.6,regolith_plain,0.544,1.64,68.6,-31.8,0.045,0.955,1.136
440,20,7,-15.51,11.55,regolith_plain,0.588,2.04,56.2,-35.2,0.089,0.911,1.425
441,21,7,-11.9,11.95,regolith_plain,0.583,1.07,58.8,-35.1,0.077,0.923,1.489
442,22,7,-9.94,8.05,regolith_plain,0.556,0.74,63.3,-33.0,0.075,0.925,1.224
443,23,7,-6.24,7.86,regolith_plain,0.534,0.0,69.3,-36.5,0.082,0.918,1.207
444,24,7,-7.25,9.66,regolith_plain,0.521,0.0,57.3,-38.8,0.058,0.942,1.322
445,25,7,-10.8,3.77,regolith_plain,0.526,3.26,57.0,-36.0,0.034,0.966,1.121
446,26,7,-8.22,8.91,regolith_plain,0.589,3.77,66.6,-32.7,0.078,0.922,1.344
447,27,7,-5.01,11.57,regolith_plain,0.65,4.22,55.3,-38.3,0.108,0.892,1.456
448,28,7,-1.64,1.97,regolith_plain,0.665,5.86,74.5,-30.2,0.049,0.951,1.222
449,29,7,-4.02,6.64,regolith_plain,0.696,4.64,65.0,-32.5,0.12,0.88,1.37
450,30,7,-4.06,6.19,regolith_plain,0.708,4.19,62.4,-30.0,0.078,0.922,1.373
451,31,7,-3.13,10.1,regolith_plain,0.737,3.08,61.0,-34.4,0.093,0.907,1.553
452,32,7,2.71,10.04,regolith_plain,0.742,3.41,70.7,-29.0,0.096,0.904,1.558
453,33,7,3.39,2.87,regolith_plain,0.706,5.55,79.3,-30.0,0.08,0.92,1.228
454,34,7,3.97,7.72,regolith_plain,0.685,5.95,61.9,-31.6,0.089,0.911,1.466
455,35,7,7.55,11.68,regolith_plain,0.622,6.65,58.1,-33.8,0.123,0.877,1.488
456,36,7,11.57,10.62,regolith_plain,0.59,7.64,64.8,-29.6,0.087,0.913,1.516
457,37,7,14.44,7.22,regolith_plain,0.565,8.67,57.0,-33.1,0.098,0.902,1.378
458,38,7,15.6,7.0,regolith_plain,0.545,9.22,64.3,-31.1,0.081,0.919,1.317
459,39,7,16.93,4.88,regolith_plain,0.549,10.06,64.5,-33.8,0.087,0.913,1.332
460,40,7,15.29,7.88,regolith_plain,0.535,9.36,63.2,-32.8,0.086,0.914,1.295
461,41,7,13.91,6.69,regolith_plain,0.476,8.91,57.6,-31.5,0.081,0.919,1.22
462,42,7,16.18,11.68,regolith_plain,0.434,7.53,47.6,-41.7,0.099,0.901,1.433
463,43,7,20.95,14.13,crater_rim,0.424,6.5,42.0,-43.5,0.218,0.782,1.767
464,44,7,22.73,9.26,regolith_plain,0.418,7.13,53.1,-36.4,0.103,0.897,1.209
465,45,7,25.16,10.01,regolith_plain,0.442,7.11,56.2,-34.4,0.091,0.909,1.258
466,46,7,29.68,7.2,regolith_plain,0.439,7.62,60.3,-37.9,0.068,0.932,1.267
467,47,7,29.91,5.77,regolith_plain,0.4,7.93,75.3,-29.7,0.09,0.91,1.167
468,48,7,33.11,11.26,regolith_plain,0.43,6.84,64.3,-33.6,0.098,0.902,1.386
469,49,7,35.07,7.54,regolith_plain,0.47,7.04,55.9,-45.0,0.081,0.919,1.215
470,50,7,35.25,8.17,regolith_plain,0.526,6.59,63.1,-34.5,0.076,0.924,1.263
471,51,7,34.08,10.6,regolith_plain,0.596,5.92,55.9,-36.7,0.104,0.896,1.415
472,52,7,31.75,9.46,regolith_plain,0.622,6.47,57.9,-36.0,0.102,0.898,1.496
473,53,7,30.33,8.65,regolith_plain,0.637,7.07,61.6,-28.5,0.11,0.89,1.428
474,54,7,27.36,6.08,regolith_plain,0.627,7.93,67.0,-37.2,0.092,0.908,1.313
475,55,7,27.14,12.77,crater_rim,0.632,7.4,53.9,-40.2,0.22,0.78,2.023
476,56,7,18.98,20.3,crater_rim,0.692,6.42,54.1,-47.2,0.257,0.743,2.481
477,57,7,12.62,20.08,regolith_plain,0.742,6.58,41.1,-43.2,0.171,0.829,1.984
478,58,7,5.32,16.58,rock_field,0.762,7.24,51.8,-39.2,0.294,0.706,2.732
479,59,7,0.72,16.87,rock_field,0.79,7.32,67.0,-34.3,0.292,0.708,3.045
480,0,8,-26.52,13.41,regolith_plain,0.523,11.05,56.6,-31.9,0.146,0.854,1.62
481,1,8,-28.58,10.25,regolith_plain,0.554,9.51,67.3,-28.9,0.099,0.901,1.464
482,2,8,-28.69,3.98,regolith_plain,0.579,8.44,66.2,-32.4,0.05,0.95,1.278
483,3,8,-31.35,7.71,regolith_plain,0.656,5.86,65.0,-34.3,0.092,0.908,1.465
484,4,8,-30.59,20.08,regolith_plain,0.745,2.06,47.6,-34.5,0.15,0.85,1.832
485,5,8,-24.06,18.93,regolith_plain,0.733,1.24,48.2,-38.3,0.133,0.867,1.823
486,6,8,-22.42,15.38,regolith_plain,0.707,0.77,48.4,-41.4,0.14,0.86,1.666
487,7,8,-21.02,8.03,regolith_plain,0.648,0.88,63.7,-39.6,0.067,0.933,1.287
488,8,8,-19.35,5.66,regolith_plain,0.654,0.46,58.7,-36.3,0.039,0.961,1.236
489,9,8,-24.19,9.04,rock_field,0.77,0.64,64.0,-29.6,0.21,0.79,2.276
490,10,8,-25.51,2.28,rock_field,0.779,2.34,74.0,-20.2,0.181,0.819,1.945
491,11,8,-25.75,4.74,rock_field,0.753,2.66,67.0,-31.6,0.202,0.798,2.12
492,12,8,-22.2,6.72,rock_field,0.764,2.35,60.9,-37.0,0.203,0.797,2.249
493,13,8,-23.52,6.22,regolith_plain,0.739,0.0,65.9,-36.7,0.062,0.938,1.333
494,14,8,-21.35,9.99,regolith_plain,0.684,0.0,57.2,-32.8,0.082,0.918,1.425
495,15,8,-23.31,11.13,regolith_plain,0.601,0.0,63.4,-39.9,0.081,0.919,1.338
496,16,8,-17.45,16.35,regolith_plain,0.571,0.0,41.0,-38.4,0.107,0.893,1.509
497,17,8,-14.94,7.44,regolith_plain,0.566,0.0,59.8,-30.8,0.072,0.928,1.288
498,18,8,-16.53,2.13,regolith_plain,0.543,0.0,55.7,-33.8,0.029,0.971,1.034
499,19,8,-15.54,6.43,regolith_plain,0.537,0.05,54.0,-37.0,0.055,0.945,1.191
500,20,8,-18.38,1.13,regolith_plain,0.553,2.8,76.9,-26.1,0.034,0.966,1.06
501,21,8,-14.91,13.08,regolith_plain,0.568,0.31,61.0,-33.0,0.101,0.899,1.376
502,22,8,-9.67,15.64,regolith_plain,0.542,0.0,48.5,-41.1,0.105,0.895,1.514
503,23,8,-4.35,10.47,regolith_plain,0.494,0.0,49.5,-30.3,0.062,0.938,1.334
504,24,8,-5.42,7.83,regolith_plain,0.479,0.38,43.6,-41.2,0.062,0.938,1.171
505,25,8,-9.48,7.11,regolith_plain,0.513,3.19,58.9,-31.6,0.07,0.93,1.23
506,26,8,-10.3,8.26,regolith_plain,0.57,4.61,75.4,-38.7,0.091,0.909,1.389
507,27,8,-7.48,15.42,regolith_plain,0.646,4.69,55.6,-30.9,0.116,0.884,1.611
508,28,8,-3.79,11.62,regolith_plain,0.674,5.35,53.9,-30.8,0.101,0.899,1.615
509,29,8,-2.19,2.37,regolith_plain,0.68,5.6,70.2,-30.9,0.056,0.944,1.279
510,30,8,-2.31,3.25,regolith_plain,0.721,4.33,57.1,-33.2,0.067,0.933,1.317
511,31,8,-1.63,4.11,rock_field,0.755,3.06,63.7,-30.8,0.183,0.817,1.988
512,32,8,0.33,13.85,rock_field,0.777,2.03,55.4,-38.4,0.241,0.759,2.722
513,33,8,0.29,14.75,regolith_plain,0.749,3.68,53.3,-34.5,0.14,0.86,1.687
514,34,8,0.4,14.08,regolith_plain,0.703,5.64,59.3,-38.1,0.117,0.883,1.641
515,35,8,3.05,16.41,regolith_plain,0.639,7.3,54.0,-39.3,0.133,0.867,1.761
516,36,8,5.46,20.36,regolith_plain,0.637,7.72,51.6,-33.2,0.177,0.823,1.863
517,37,8,9.25,17.7,regolith_plain,0.603,8.45,46.4,-35.7,0.156,0.844,1.82
518,38,8,11.67,15.92,regolith_plain,0.561,9.06,57.9,-38.5,0.135,0.865,1.748
519,39,8,18.75,9.99,regolith_plain,0.579,10.28,68.8,-34.9,0.116,0.884,1.412
520,40,8,18.71,6.99,regolith_plain,0.57,10.6,56.5,-38.9,0.097,0.903,1.43
521,41,8,18.16,12.23,crater_rim,0.526,9.44,51.2,-35.1,0.21,0.79,1.933
522,42,8,19.07,13.14,crater_rim,0.474,8.93,63.6,-37.6,0.21,0.79,1.843
523,43,8,24.3,15.32,crater_rim,0.464,8.2,52.0,-36.2,0.229,0.771,2.019
524,44,8,26.51,11.12,regolith_plain,0.459,8.37,66.2,-29.7,0.098,0.902,1.427
525,45,8,25.31,2.47,regolith_plain,0.454,9.2,64.6,-33.7,0.066,0.934,1.089
526,46,8,27.8,10.75,regolith_plain,0.472,7.5,66.9,-28.3,0.106,0.894,1.425
527,47,8,30.07,10.61,regolith_plain,0.423,7.05,59.1,-36.2,0.104,0.896,1.31
528,48,8,34.68,11.52,regolith_plain,0.425,6.59,58.9,-35.9,0.096,0.904,1.295
529,49,8,36.35,4.16,regolith_plain,0.451,7.41,74.8,-33.5,0.078,0.922,1.18
530,50,8,37.56,1.63,regolith_plain,0.49,7.51,66.0,-28.6,0.043,0.957,1.054
531,51,8,36.26,6.32,regolith_plain,0.554,6.52,57.4,-38.6,0.069,0.931,1.241
532,52,8,33.81,6.92,regolith_plain,0.59,6.94,59.7,-33.4,0.077,0.923,1.399
533,53,8,32.63,8.54,regolith_plain,0.619,7.32,63.3,-33.9,0.099,0.901,1.448
534,54,8,29.17,9.18,regolith_plain,0.629,7.85,50.5,-42.3,0.102,0.898,1.527
535,55,8,27.76,17.25,crater_rim,0.652,7.26,54.9,-39.0,0.223,0.777,2.257
536,56,8,20.28,20.64,crater_rim,0.694,6.09,44.1,-34.7,0.259,0.741,2.451
537,57,8,13.44,21.56,regolith_plain,0.737,5.19,53.2,-36.1,0.177,0.823,1.971
538,58,8,4.54,13.94,regolith_plain,0.733,5.57,40.3,-45.5,0.145,0.855,1.703
539,59,8,3.6,3.5,regolith_plain,0.72,6.37,61.4,-32.9,0.067,0.933,1.329
540,0,9,-30.9,8.46,regolith_plain,0.539,10.7,50.6,-39.0,0.108,0.892,1.39
541,1,9,-31.06,4.06,regolith_plain,0.559,10.0,60.6,-21.0,0.102,0.898,1.236
542,2,9,-29.14,3.7,regolith_plain,0.592,8.69,67.4,-31.1,0.078,0.922,1.3
543,3,9,-33.57,11.72,regolith_plain,0.673,6.12,56.0,-37.5,0.104,0.896,1.536
544,4,9,-37.05,10.22,crater_floor,0.723,4.98,57.2,-29.8,0.153,0.847,1.69
545,5,9,-31.5,18.78,rock_field,0.753,2.23,48.4,-45.7,0.284,0.716,2.965
546,6,9,-30.0,19.35,rock_field,0.753,0.68,49.9,-37.2,0.273,0.727,2.948
547,7,9,-24.11,18.16,regolith_plain,0.722,0.0,44.0,-31.6,0.141,0.859,1.845
548,8,9,-20.23,8.1,regolith_plain,0.704,0.0,65.3,-32.6,0.061,0.939,1.419
549,9,9,-24.48,6.69,rock_field,0.766,0.25,66.6,-38.6,0.195,0.805,2.09
550,10,9,-24.66,4.49,rock_field,0.763,1.02,67.4,-33.1,0.189,0.811,2.035
551,11,9,-26.42,7.91,regolith_plain,0.734,0.95,64.6,-26.7,0.073,0.927,1.427
552,12,9,-26.91,13.75,regolith_plain,0.731,0.04,56.7,-33.7,0.114,0.886,1.552
553,13,9,-25.14,10.02,regolith_plain,0.674,0.0,71.2,-33.4,0.078,0.922,1.426
554,14,9,-25.77,10.61,regolith_plain,0.632,0.0,57.8,-37.5,0.072,0.928,1.334
555,15,9,-26.97,6.41,regolith_plain,0.578,0.0,61.1,-35.8,0.06,0.94,1.166
556,16,9,-22.46,14.98,regolith_plain,0.554,0.0,49.0,-36.4,0.106,0.894,1.52
557,17,9,-17.2,11.78,regolith_plain,0.542,0.0,50.8,-31.9,0.067,0.933,1.372
558,18,9,-15.01,7.48,regolith_plain,0.538,0.0,54.3,-31.8,0.041,0.959,1.261
559,19,9,-12.01,2.52,regolith_plain,0.53,0.29,61.9,-31.5,0.021,0.979,1.023
560,20,9,-15.98,4.97,regolith_plain,0.576,1.53,64.1,-38.0,0.033,0.967,1.181
561,21,9,-15.14,5.05,regolith_plain,0.591,1.32,66.5,-37.2,0.055,0.945,1.181
562,22,9,-13.66,12.94,regolith_plain,0.61,0.0,56.1,-33.2,0.083,0.917,1.53
563,23,9,-12.28,19.32,regolith_plain,0.622,0.0,44.2,-44.9,0.133,0.867,1.731
564,24,9,-9.25,11.44,regolith_plain,0.589,0.89,62.8,-34.0,0.102,0.898,1.423
565,25,9,-11.85,8.11,regolith_plain,0.585,3.99,65.5,-31.3,0.082,0.918,1.393
566,26,9,-13.68,7.28,regolith_plain,0.624,5.68,61.0,-38.8,0.061,0.939,1.313
567,27,9,-13.91,13.19,regolith_plain,0.666,5.97,51.6,-41.6,0.115,0.885,1.668
568,28,9,-7.94,15.44,regolith_plain,0.666,5.84,56.3,-36.3,0.132,0.868,1.742
569,29,9,-4.78,9.31,regolith_plain,0.664,5.88,60.9,-32.3,0.099,0.901,1.492
570,30,9,-1.85,2.41,regolith_plain,0.679,6.03,58.7,-30.8,0.067,0.933,1.224
571,31,9,-4.25,15.34,rock_field,0.755,3.21,52.7,-34.4,0.286,0.714,2.755
572,32,9,-6.96,21.15,rock_field,0.795,2.67,48.3,-38.1,0.317,0.683,2.965
573,33,9,-7.14,16.19,rock_field,0.751,4.8,46.8,-42.1,0.274,0.726,2.665
574,34,9,-5.68,17.28,regolith_plain,0.691,6.07,52.1,-41.6,0.148,0.852,1.739
575,35,9,-3.09,19.9,regolith_plain,0.642,7.19,39.4,-44.0,0.178,0.822,1.837
576,36,9,-1.91,20.17,regolith_plain,0.651,7.92,55.8,-34.6,0.168,0.832,1.871
577,37,9,3.28,21.43,regolith_plain,0.629,7.99,53.9,-35.6,0.168,0.832,1.98
578,38,9,9.28,21.58,regolith_plain,0.592,8.23,44.7,-48.6,0.182,0.818,1.955
579,39,9,17.18,18.02,crater_rim,0.608,9.02,52.4,-40.7,0.248,0.752,2.267
580,40,9,20.16,8.57,regolith_plain,0.58,10.55,46.1,-35.1,0.089,0.911,1.484
581,41,9,22.58,8.33,regolith_plain,0.549,10.64,53.9,-36.9,0.099,0.901,1.446
582,42,9,23.22,14.46,crater_rim,0.533,9.76,52.3,-43.3,0.213,0.787,2.037
583,43,9,28.99,13.14,crater_rim,0.509,10.03,49.1,-29.4,0.195,0.805,1.88
584,44,9,30.53,6.29,regolith_plain,0.491,10.94,67.4,-32.6,0.109,0.891,1.255
585,45,9,26.3,9.68,regolith_plain,0.528,10.25,71.3,-29.5,0.11,0.89,1.392
586,46,9,23.77,8.0,regolith_plain,0.525,10.32,54.1,-35.5,0.096,0.904,1.35
587,47,9,26.94,10.86,regolith_plain,0.475,9.71,53.0,-38.9,0.109,0.891,1.409
588,48,9,27.91,18.42,crater_rim,0.487,7.75,51.1,-40.8,0.241,0.759,2.164
589,49,9,34.71,16.55,crater_rim,0.521,7.03,61.5,-25.7,0.222,0.778,2.127
590,50,9,36.39,13.66,crater_rim,0.548,6.47,47.6,-35.0,0.198,0.802,1.899
591,51,9,31.72,20.09,crater_rim,0.599,4.46,49.4,-34.9,0.234,0.766,2.255
592,52,9,28.53,18.78,crater_rim,0.61,5.7,60.3,-32.2,0.251,0.749,2.167
593,53,9,26.53,20.05,crater_rim,0.619,6.9,38.0,-46.4,0.259,0.741,2.236
594,54,9,23.12,23.18,crater_rim,0.643,7.81,36.8,-37.8,0.271,0.729,2.481
595,55,9,18.47,27.38,crater_rim,0.673,8.57,37.3,-46.2,0.327,0.673,2.641
596,56,9,14.28,18.06,regolith_plain,0.663,9.27,47.0,-38.3,0.162,0.838,1.823
597,57,9,14.14,11.93,regolith_plain,0.657,9.35,61.8,-40.9,0.118,0.882,1.602
598,58,9,6.6,17.21,regolith_plain,0.694,7.71,52.5,-45.6,0.159,0.841,1.845
599,59,9,2.27,12.96,regolith_plain,0.708,7.5,45.1,-38.7,0.146,0.854,1.593
600,0,10,-32.46,4.86,regolith_plain,0.555,9.18,67.7,-35.4,0.089,0.911,1.268
601,1,10,-30.82,7.99,regolith_plain,0.602,8.09,57.7,-43.6,0.083,0.917,1.441
602,2,10,-28.08,5.29,regolith_plain,0.635,7.88,71.8,-28.5,0.066,0.934,1.359
603,3,10,-33.84,14.23,crater_floor,0.704,5.92,50.6,-29.4,0.168,0.832,1.925
604,4,10,-37.5,2.84,crater_floor,0.719,6.93,63.1,-28.1,0.114,0.886,1.454
605,5,10,-35.68,7.96,crater_floor,0.744,4.32,64.5,-33.9,0.14,0.86,1.777
606,6,10,-34.37,12.1,crater_floor,0.759,1.86,61.3,-33.7,0.161,0.839,1.822
607,7,10,-29.79,17.94,rock_field,0.757,0.0,53.0,-32.9,0.268,0.732,2.843
608,8,10,-25.03,14.44,regolith_plain,0.749,0.0,44.0,-35.1,0.116,0.884,1.593
609,9,10,-25.76,7.86,rock_field,0.756,0.0,64.6,-33.8,0.207,0.793,2.245
610,10,10,-27.99,10.87,rock_field,0.752,0.0,51.8,-36.7,0.234,0.766,2.253
611,11,10,-30.83,13.57,regolith_plain,0.732,0.0,56.5,-34.0,0.115,0.885,1.622
612,12,10,-31.9,11.9,regolith_plain,0.702,0.0,48.4,-35.9,0.086,0.914,1.54
613,13,10,-30.5,4.79,regolith_plain,0.63,0.0,67.4,-31.9,0.049,0.951,1.228
614,14,10,-28.62,6.14,regolith_plain,0.604,0.0,58.4,-35.0,0.057,0.943,1.234
615,15,10,-26.34,10.68,regolith_plain,0.598,0.0,50.6,-31.8,0.084,0.916,1.398
616,16,10,-21.82,12.33,regolith_plain,0.557,0.0,60.7,-28.9,0.087,0.913,1.334
617,17,10,-18.69,9.03,regolith_plain,0.534,0.0,61.5,-31.6,0.066,0.934,1.308
618,18,10,-15.72,7.5,regolith_plain,0.543,0.0,58.1,-27.8,0.054,0.946,1.256
619,19,10,-14.07,17.09,regolith_plain,0.58,0.0,59.9,-35.6,0.113,0.887,1.601
620,20,10,-16.86,11.79,regolith_plain,0.613,0.29,54.4,-29.5,0.101,0.899,1.452
621,21,10,-17.58,9.19,regolith_plain,0.649,0.91,60.1,-31.9,0.075,0.925,1.377
622,22,10,-18.41,13.0,regolith_plain,0.698,0.57,57.3,-21.9,0.095,0.905,1.54
623,23,10,-17.66,18.16,regolith_plain,0.743,0.03,46.3,-43.6,0.139,0.861,1.699
624,24,10,-13.5,17.11,regolith_plain,0.717,1.29,54.0,-39.0,0.139,0.861,1.827
625,25,10,-13.06,7.26,regolith_plain,0.656,5.2,58.8,-33.3,0.091,0.909,1.358
626,26,10,-14.98,3.65,regolith_plain,0.654,7.3,63.5,-31.9,0.058,0.942,1.28
627,27,10,-14.9,7.16,regolith_plain,0.655,7.98,70.3,-23.4,0.106,0.894,1.385
628,28,10,-10.0,14.43,regolith_plain,0.653,7.25,47.9,-41.6,0.139,0.861,1.695
629,29,10,-4.63,9.1,regolith_plain,0.654,7.45,45.5,-36.2,0.115,0.885,1.546
630,30,10,-3.91,14.58,regolith_plain,0.701,6.03,63.6,-28.7,0.12,0.88,1.636
631,31,10,-11.35,21.46,rock_field,0.757,4.4,61.7,-31.0,0.316,0.684,3.002
632,32,10,-14.87,11.61,rock_field,0.753,6.14,54.8,-40.3,0.242,0.758,2.538
633,33,10,-11.25,12.1,regolith_plain,0.719,7.08,45.1,-34.3,0.122,0.878,1.628
634,34,10,-11.37,12.18,regolith_plain,0.653,8.07,54.7,-31.7,0.129,0.871,1.563
635,35,10,-10.93,14.65,regolith_plain,0.625,8.7,52.2,-35.2,0.125,0.875,1.746
636,36,10,-7.78,19.34,regolith_plain,0.667,8.5,47.6,-38.4,0.163,0.837,1.921
637,37,10,-1.76,23.06,regolith_plain,0.653,8.1,37.9,-41.6,0.174,0.826,2.06
638,38,10,4.1,22.27,regolith_plain,0.612,8.37,49.0,-39.0,0.186,0.814,2.033
639,39,10,11.61,21.64,regolith_plain,0.638,8.63,49.3,-36.0,0.171,0.829,1.929
640,40,10,16.02,18.59,regolith_plain,0.634,9.43,40.6,-41.6,0.163,0.837,1.787
641,41,10,23.15,15.55,crater_rim,0.614,10.32,57.1,-39.4,0.24,0.76,2.204
642,42,10,27.15,10.76,regolith_plain,0.586,11.47,70.5,-35.7,0.123,0.877,1.564
643,43,10,30.12,4.07,regolith_plain,0.544,13.06,66.6,-36.0,0.089,0.911,1.321
644,44,10,29.99,7.84,regolith_plain,0.544,12.76,59.4,-34.6,0.11,0.89,1.431
645,45,10,26.19,11.3,regolith_plain,0.578,12.39,56.7,-36.5,0.114,0.886,1.621
646,46,10,22.21,4.03,regolith_plain,0.562,13.62,69.3,-31.3,0.086,0.914,1.27
647,47,10,23.61,5.4,regolith_plain,0.522,13.56,53.7,-35.6,0.099,0.901,1.294
648,48,10,23.85,9.34,regolith_plain,0.522,11.67,60.7,-37.4,0.114,0.886,1.478
649,49,10,28.01,18.14,crater_rim,0.559,8.69,47.7,-33.3,0.242,0.758,2.149
650,50,10,28.31,25.93,crater_rim,0.601,5.86,52.6,-38.3,0.272,0.728,2.453
651,51,10,23.92,26.25,crater_rim,0.636,4.03,40.1,-43.1,0.281,0.719,2.592
652,52,10,21.24,25.69,crater_rim,0.638,5.72,51.7,-35.5,0.286,0.714,2.563
653,53,10,19.07,26.86,crater_rim,0.634,7.71,33.8,-51.3,0.292,0.708,2.589
654,54,10,14.05,28.23,rock_field,0.647,9.66,42.5,-44.3,0.363,0.637,3.508
655,55,10,9.02,26.38,regolith_plain,0.658,12.1,42.9,-37.3,0.238,0.762,2.187
656,56,10,7.97,16.38,regolith_plain,0.637,12.9,46.8,-46.9,0.165,0.835,1.8
657,57,10,9.91,16.56,regolith_plain,0.633,11.96,52.9,-33.2,0.154,0.846,1.721
658,58,10,8.09,13.97,regolith_plain,0.661,11.44,61.9,-28.4,0.136,0.864,1.697
659,59,10,0.49,21.03,regolith_plain,0.717,9.48,44.9,-41.7,0.185,0.815,1.944
660,0,11,-30.05,7.24,regolith_plain,0.564,6.76,51.9,-36.3,0.08,0.92,1.352
661,1,11,-27.55,4.45,regolith_plain,0.623,7.31,65.0,-28.5,0.057,0.943,1.232
662,2,11,-27.0,4.1,regolith_plain,0.684,7.48,60.1,-36.6,0.071,0.929,1.28
663,3,11,-29.79,13.19,regolith_plain,0.738,6.25,53.4,-33.5,0.14,0.86,1.608
664,4,11,-36.31,9.14,crater_floor,0.758,6.82,59.5,-37.6,0.131,0.869,1.798
665,5,11,-36.14,1.77,crater_floor,0.746,5.72,57.8,-37.2,0.102,0.898,1.532
666,6,11,-36.22,6.34,crater_floor,0.762,2.82,53.3,-39.8,0.113,0.887,1.692
667,7,11,-33.08,12.31,rock_field,0.774,0.0,59.4,-32.9,0.235,0.765,2.432
668,8,11,-29.71,12.8,rock_field,0.771,0.0,52.8,-31.9,0.253,0.747,2.456
669,9,11,-29.15,9.63,regolith_plain,0.742,0.0,44.0,-40.3,0.084,0.916,1.47
670,10,11,-30.43,11.01,regolith_plain,0.726,0.0,62.6,-38.2,0.089,0.911,1.498
671,11,11,-35.24,9.86,crater_floor,0.722,0.0,60.8,-38.1,0.13,0.87,1.636
672,12,11,-35.33,14.95,crater_floor,0.716,0.0,49.3,-36.2,0.157,0.843,1.853
673,13,11,-25.79,15.06,regolith_plain,0.67,0.0,45.5,-31.7,0.11,0.89,1.623
674,14,11,-24.66,9.39,regolith_plain,0.63,0.0,64.7,-30.8,0.073,0.927,1.378
675,15,11,-23.69,14.99,regolith_plain,0.628,0.0,55.6,-37.1,0.115,0.885,1.595
676,16,11,-18.24,15.39,regolith_plain,0.587,0.0,67.4,-28.4,0.111,0.889,1.523
677,17,11,-15.42,10.87,regolith_plain,0.558,0.0,60.6,-34.8,0.073,0.927,1.392
678,18,11,-17.55,12.46,regolith_plain,0.567,0.0,58.6,-36.0,0.1,0.9,1.417
679,19,11,-24.26,15.19,regolith_plain,0.578,0.0,52.3,-40.5,0.096,0.904,1.51
680,20,11,-23.56,10.5,regolith_plain,0.614,0.27,63.3,-27.2,0.077,0.923,1.431
681,21,11,-21.43,9.24,regolith_plain,0.677,1.12,63.6,-43.0,0.081,0.919,1.373
682,22,11,-22.89,9.44,rock_field,0.766,1.74,67.1,-28.5,0.221,0.779,2.257
683,23,11,-24.45,11.49,rock_field,0.845,2.1,54.2,-38.1,0.26,0.74,2.489
684,24,11,-20.67,18.66,rock_field,0.821,2.32,46.9,-40.5,0.284,0.716,2.844
685,25,11,-16.73,15.27,regolith_plain,0.724,5.09,50.3,-31.1,0.136,0.864,1.762
686,26,11,-15.45,5.02,regolith_plain,0.652,8.16,69.2,-34.4,0.089,0.911,1.339
687,27,11,-14.61,9.71,regolith_plain,0.623,8.7,68.3,-34.7,0.101,0.899,1.564
688,28,11,-8.61,11.11,regolith_plain,0.626,9.01,55.0,-37.2,0.104,0.896,1.484
689,29,11,-6.76,8.11,regolith_plain,0.658,9.14,58.5,-33.8,0.103,0.897,1.543
690,30,11,-9.8,18.4,regolith_plain,0.727,7.28,51.6,-39.4,0.155,0.845,1.937
691,31,11,-15.53,9.35,regolith_plain,0.726,8.32,58.2,-41.7,0.104,0.896,1.515
692,32,11,-15.18,2.21,regolith_plain,0.695,9.58,73.3,-33.8,0.053,0.947,1.364
693,33,11,-14.97,8.1,regolith_plain,0.673,9.34,47.6,-34.2,0.086,0.914,1.45
694,34,11,-14.31,7.79,regolith_plain,0.62,9.98,56.5,-35.9,0.081,0.919,1.391
695,35,11,-12.92,10.13,regolith_plain,0.619,10.11,54.2,-35.3,0.13,0.87,1.486
696,36,11,-12.55,14.3,regolith_plain,0.685,9.71,40.3,-42.9,0.127,0.873,1.684
697,37,11,-8.92,23.66,regolith_plain,0.685,8.36,38.2,-45.1,0.186,0.814,2.112
698,38,11,-0.19,24.24,regolith_plain,0.643,8.33,37.8,-35.9,0.193,0.807,2.13
699,39,11,6.69,22.41,regolith_plain,0.678,8.66,44.1,-41.2,0.194,0.806,2.098
700,40,11,13.25,23.99,regolith_plain,0.704,8.99,50.3,-40.1,0.21,0.79,2.171
701,41,11,22.76,18.84,crater_rim,0.687,10.59,47.8,-34.9,0.258,0.742,2.424
702,42,11,26.27,9.09,regolith_plain,0.653,12.87,53.8,-40.3,0.123,0.877,1.574
703,43,11,28.86,7.62,regolith_plain,0.62,14.19,61.3,-37.3,0.113,0.887,1.485
704,44,11,26.67,12.92,crater_rim,0.611,14.05,62.1,-34.6,0.235,0.765,2.051
705,45,11,24.44,7.91,regolith_plain,0.605,15.27,55.4,-37.1,0.121,0.879,1.467
706,46,11,22.65,5.65,regolith_plain,0.601,16.08,58.3,-35.2,0.112,0.888,1.45
707,47,11,23.53,6.98,regolith_plain,0.596,16.36,65.7,-25.3,0.112,0.888,1.53
708,48,11,23.01,5.43,regolith_plain,0.583,14.82,62.7,-33.2,0.113,0.887,1.454
709,49,11,22.39,20.46,crater_rim,0.59,10.24,51.4,-47.6,0.282,0.718,2.482
710,50,11,17.37,28.58,crater_rim,0.62,6.69,38.5,-40.9,0.297,0.703,2.875
711,51,11,13.31,26.16,regolith_plain,0.666,4.53,45.4,-39.4,0.215,0.785,2.067
712,52,11,9.91,24.71,regolith_plain,0.666,6.92,36.6,-42.7,0.189,0.811,2.143
713,53,11,7.58,23.78,regolith_plain,0.65,10.0,43.8,-39.7,0.2,0.8,2.158
714,54,11,4.15,24.0,regolith_plain,0.638,12.91,42.3,-41.6,0.209,0.791,2.097
715,55,11,-0.42,19.32,regolith_plain,0.614,16.54,41.5,-42.4,0.194,0.806,2.01
716,56,11,2.56,14.97,regolith_plain,0.609,16.49,44.2,-38.7,0.177,0.823,1.857
717,57,11,2.25,21.97,regolith_plain,0.628,14.46,49.9,-41.1,0.201,0.799,2.144
718,58,11,3.4,9.96,regolith_plain,0.645,15.29,56.9,-40.4,0.125,0.875,1.692
719,59,11,-0.07,9.92,regolith_plain,0.697,14.33,53.0,-25.8,0.133,0.867,1.659
720,0,12,-33.35,11.3,regolith_plain,0.593,4.38,57.0,-38.4,0.093,0.907,1.467
721,1,12,-30.22,10.55,regolith_plain,0.656,5.18,65.2,-32.3,0.103,0.897,1.436
722,2,12,-29.87,10.21,regolith_plain,0.715,5.92,45.1,-45.8,0.101,0.899,1.587
723,3,12,-34.93,12.69,crater_floor,0.747,6.24,47.1,-38.7,0.162,0.838,1.963
724,4,12,-36.41,6.42,crater_floor,0.759,7.66,57.4,-39.4,0.14,0.86,1.645
725,5,12,-36.92,4.34,crater_floor,0.767,5.44,74.0,-31.4,0.12,0.88,1.615
726,6,12,-37.59,3.34,crater_floor,0.774,3.07,68.0,-27.3,0.112,0.888,1.545
727,7,12,-35.61,6.79,crater_floor,0.782,0.02,67.1,-29.6,0.107,0.893,1.629
728,8,12,-33.22,5.7,rock_field,0.775,0.0,56.9,-32.8,0.2,0.8,2.208
729,9,12,-32.51,4.46,regolith_plain,0.74,0.0,58.4,-41.7,0.052,0.948,1.244
730,10,12,-32.83,6.59,regolith_plain,0.709,0.0,65.4,-24.7,0.058,0.942,1.344
731,11,12,-35.76,6.88,crater_floor,0.681,0.0,62.8,-37.8,0.1,0.9,1.465
732,12,12,-36.87,9.47,crater_floor,0.662,0.0,62.9,-26.9,0.115,0.885,1.669
733,13,12,-29.14,20.24,regolith_plain,0.664,0.0,46.6,-34.6,0.127,0.873,1.744
734,14,12,-22.34,15.88,regolith_plain,0.639,0.0,54.2,-33.7,0.099,0.901,1.586
735,15,12,-17.76,12.87,regolith_plain,0.623,0.0,56.8,-38.5,0.096,0.904,1.491
736,16,12,-14.55,9.62,regolith_plain,0.592,0.47,64.1,-32.0,0.066,0.934,1.333
737,17,12,-11.04,6.45,regolith_plain,0.579,0.0,67.7,-33.2,0.051,0.949,1.198
738,18,12,-16.01,20.68,regolith_plain,0.61,0.0,37.5,-41.7,0.141,0.859,1.791
739,19,12,-23.11,10.92,regolith_plain,0.574,0.0,44.5,-40.4,0.075,0.925,1.412
740,20,12,-23.72,6.46,regolith_plain,0.602,0.72,68.9,-39.1,0.057,0.943,1.275
741,21,12,-24.05,1.24,regolith_plain,0.664,2.41,75.8,-24.2,0.035,0.965,1.139
742,22,12,-24.33,3.27,rock_field,0.78,3.01,60.3,-34.5,0.194,0.806,2.106
743,23,12,-25.48,7.69,rock_field,0.89,3.26,50.4,-39.6,0.245,0.755,2.502
744,24,12,-24.59,4.41,rock_field,0.856,5.16,65.7,-34.7,0.216,0.784,2.307
745,25,12,-22.66,10.14,rock_field,0.772,6.47,64.4,-31.7,0.254,0.746,2.492
746,26,12,-17.77,10.51,regolith_plain,0.702,8.0,69.2,-35.1,0.104,0.896,1.509
747,27,12,-15.26,11.09,regolith_plain,0.639,9.28,60.9,-43.6,0.12,0.88,1.607
748,28,12,-10.0,8.12,regolith_plain,0.624,10.42,58.8,-33.8,0.117,0.883,1.504
749,29,12,-10.2,6.4,regolith_plain,0.657,10.62,57.6,-33.8,0.121,0.879,1.473
750,30,12,-13.92,8.69,regolith_plain,0.695,10.21,60.5,-35.6,0.101,0.899,1.527
751,31,12,-15.14,6.8,regolith_plain,0.699,10.44,60.7,-39.4,0.101,0.899,1.447
752,32,12,-16.31,5.61,regolith_plain,0.673,10.82,57.7,-35.5,0.086,0.914,1.402
753,33,12,-16.87,7.65,regolith_plain,0.656,10.95,73.9,-36.1,0.105,0.895,1.437
754,34,12,-16.44,12.98,regolith_plain,0.648,10.49,66.4,-36.9,0.144,0.856,1.707
755,35,12,-17.86,14.91,regolith_plain,0.639,10.34,60.4,-37.9,0.157,0.843,1.799
756,36,12,-17.16,9.98,regolith_plain,0.654,11.11,53.5,-34.0,0.133,0.867,1.551
757,37,12,-14.19,19.54,regolith_plain,0.669,9.63,53.6,-38.6,0.16,0.84,1.907
758,38,12,-4.88,29.24,rock_field,0.672,8.13,41.7,-43.0,0.357,0.643,3.509
759,39,12,2.04,27.8,regolith_plain,0.709,8.3,42.1,-33.3,0.217,0.783,2.297
760,40,12,8.35,28.76,rock_field,0.738,8.88,45.9,-38.4,0.363,0.637,3.61
761,41,12,19.05,27.87,crater_rim,0.729,10.13,43.2,-39.6,0.319,0.681,2.909
762,42,12,25.24,14.32,crater_rim,0.685,13.28,58.7,-37.3,0.236,0.764,2.314
763,43,12,24.78,20.0,crater_rim,0.685,13.96,51.8,-40.6,0.298,0.702,2.496
764,44,12,21.95,17.46,crater_rim,0.658,15.25,52.8,-46.8,0.265,0.735,2.271
765,45,12,22.35,13.08,crater_rim,0.645,16.58,44.9,-37.1,0.244,0.756,2.177
766,46,12,18.36,12.02,crater_rim,0.638,17.4,57.3,-34.9,0.26,0.74,2.202
767,47,12,18.73,8.11,regolith_plain,0.616,18.66,57.7,-37.4,0.12,0.88,1.56
768,48,12,20.23,12.99,crater_rim,0.617,15.95,48.0,-40.3,0.248,0.752,2.167
769,49,12,14.2,23.0,regolith_plain,0.613,11.81,54.8,-34.1,0.206,0.794,1.966
770,50,12,8.5,19.2,regolith_plain,0.608,9.74,59.2,-41.5,0.178,0.822,1.909
771,51,12,5.75,12.43,regolith_plain,0.634,7.85,64.5,-35.6,0.123,0.877,1.542
772,52,12,3.75,8.46,regolith_plain,0.628,10.92,62.2,-38.9,0.114,0.886,1.476
773,53,12,2.42,9.84,regolith_plain,0.626,14.07,67.3,-25.8,0.138,0.862,1.523
774,54,12,-1.86,10.84,regolith_plain,0.602,17.29,58.2,-32.9,0.143,0.857,1.571
775,55,12,-4.92,2.53,regolith_plain,0.545,21.89,68.4,-42.0,0.104,0.896,1.423
776,56,12,-2.38,5.87,regolith_plain,0.558,20.65,57.0,-43.2,0.143,0.857,1.415
777,57,12,-6.2,10.32,regolith_plain,0.574,18.94,61.0,-36.1,0.153,0.847,1.614
778,58,12,1.46,10.63,regolith_plain,0.63,17.85,58.7,-38.1,0.149,0.851,1.634
779,59,12,1.3,3.89,regolith_plain,0.674,17.83,57.9,-41.8,0.1,0.9,1.453
780,0,13,-35.04,3.71,crater_floor,0.591,4.88,65.6,-24.7,0.07,0.93,1.382
781,1,13,-34.14,8.36,crater_floor,0.647,4.72,60.3,-33.1,0.128,0.872,1.645
782,2,13,-32.45,11.21,regolith_plain,0.696,4.84,68.5,-29.6,0.086,0.914,1.476
783,3,13,-35.98,13.57,crater_floor,0.73,5.03,60.4,-37.1,0.167,0.833,1.876
784,4,13,-40.35,10.12,crater_floor,0.755,5.88,58.9,-32.1,0.146,0.854,1.857
785,5,13,-38.94,6.53,crater_floor,0.773,3.8,64.3,-34.4,0.12,0.88,1.638
786,6,13,-38.15,7.59,crater_floor,0.793,1.03,61.9,-34.6,0.135,0.865,1.675
787,7,13,-34.97,8.47,crater_floor,0.787,0.0,59.5,-31.7,0.116,0.884,1.755
788,8,13,-32.23,4.89,rock_field,0.776,0.0,58.1,-41.2,0.191,0.809,2.145
789,9,13,-32.24,4.8,rock_field,0.764,0.0,63.8,-26.3,0.182,0.818,2.114
790,10,13,-33.71,9.91,regolith_plain,0.724,0.0,54.6,-35.2,0.087,0.913,1.43
791,11,13,-37.87,3.57,crater_floor,0.619,0.0,58.6,-29.4,0.075,0.925,1.263
792,12,13,-36.16,14.5,crater_floor,0.61,0.0,57.1,-39.3,0.138,0.862,1.793
793,13,13,-28.31,15.83,regolith_plain,0.624,0.0,54.9,-39.5,0.117,0.883,1.594
794,14,13,-24.93,16.0,regolith_plain,0.635,0.0,41.7,-45.1,0.095,0.905,1.628
795,15,13,-18.91,11.32,regolith_plain,0.634,0.46,56.8,-34.2,0.067,0.933,1.45
796,16,13,-17.38,11.54,regolith_plain,0.643,0.8,63.3,-32.7,0.076,0.924,1.425
797,17,13,-19.7,21.59,regolith_plain,0.682,0.0,52.6,-38.4,0.151,0.849,1.78
798,18,13,-26.61,14.4,regolith_plain,0.638,0.0,60.3,-37.9,0.105,0.895,1.606
799,19,13,-24.6,10.64,regolith_plain,0.593,0.02,58.5,-39.6,0.047,0.953,1.319
800,20,13,-19.13,4.14,regolith_plain,0.586,1.16,60.4,-34.2,0.044,0.956,1.149
801,21,13,-22.04,6.1,regolith_plain,0.633,1.3,56.8,-37.1,0.073,0.927,1.308
802,22,13,-21.11,9.51,regolith_plain,0.727,1.23,61.6,-36.3,0.084,0.916,1.535
803,23,13,-19.06,10.05,rock_field,0.808,1.59,61.2,-27.5,0.247,0.753,2.514
804,24,13,-19.44,8.57,rock_field,0.818,3.03,68.3,-31.7,0.233,0.767,2.387
805,25,13,-18.9,8.69,rock_field,0.775,5.38,67.0,-27.0,0.249,0.751,2.274
806,26,13,-16.06,9.91,regolith_plain,0.737,7.14,58.3,-37.4,0.126,0.874,1.518
807,27,13,-13.63,8.47,regolith_plain,0.685,9.13,53.2,-36.3,0.104,0.896,1.54
808,28,13,-11.26,6.76,regolith_plain,0.663,10.38,60.7,-35.0,0.108,0.892,1.443
809,29,13,-8.95,4.58,regolith_plain,0.67,10.81,66.3,-39.7,0.086,0.914,1.446
810,30,13,-13.4,16.7,regolith_plain,0.706,9.1,50.4,-32.6,0.176,0.824,1.919
811,31,13,-19.66,13.67,regolith_plain,0.694,9.66,51.5,-38.5,0.139,0.861,1.74
812,32,13,-18.7,15.01,regolith_plain,0.674,9.99,55.0,-33.8,0.154,0.846,1.789
813,33,13,-20.34,19.32,regolith_plain,0.687,10.26,45.7,-43.0,0.196,0.804,1.897
814,34,13,-23.47,18.85,regolith_plain,0.701,11.13,45.5,-40.9,0.185,0.815,2.022
815,35,13,-23.54,14.58,regolith_plain,0.64,12.25,55.8,-40.2,0.147,0.853,1.777
816,36,13,-18.56,12.03,regolith_plain,0.591,12.73,54.4,-32.3,0.121,0.879,1.649
817,37,13,-16.04,9.32,regolith_plain,0.592,12.99,61.2,-33.6,0.103,0.897,1.442
818,38,13,-15.61,24.58,regolith_plain,0.646,10.55,44.6,-39.0,0.209,0.791,2.079
819,39,13,-9.73,29.57,rock_field,0.687,9.65,30.6,-39.8,0.365,0.635,3.597
820,40,13,-0.64,30.09,rock_field,0.708,10.22,34.0,-39.5,0.363,0.637,3.696
821,41,13,10.02,27.49,regolith_plain,0.683,11.66,48.4,-36.2,0.238,0.762,2.375
822,42,13,17.81,14.18,crater_rim,0.633,14.7,47.4,-45.6,0.255,0.745,2.162
823,43,13,14.68,14.23,regolith_plain,0.642,16.28,41.6,-44.8,0.164,0.836,1.719
824,44,13,14.32,18.43,regolith_plain,0.643,16.34,38.6,-47.2,0.205,0.795,1.925
825,45,13,15.87,18.96,regolith_plain,0.639,16.59,49.3,-36.5,0.178,0.822,1.935
826,46,13,14.94,9.98,regolith_plain,0.597,18.27,59.2,-35.4,0.139,0.861,1.584
827,47,13,18.14,15.04,crater_rim,0.563,17.84,52.7,-43.9,0.267,0.733,2.323
828,48,13,14.98,20.07,regolith_plain,0.558,15.93,55.2,-38.0,0.184,0.816,1.855
829,49,13,10.1,17.24,regolith_plain,0.554,14.83,35.0,-50.2,0.181,0.819,1.878
830,50,13,6.29,7.65,regolith_plain,0.534,14.74,64.0,-34.3,0.126,0.874,1.479
831,51,13,5.88,4.3,regolith_plain,0.539,13.38,74.6,-36.8,0.065,0.935,1.321
832,52,13,4.98,3.85,regolith_plain,0.56,15.19,59.0,-33.8,0.109,0.891,1.273
833,53,13,3.49,4.54,regolith_plain,0.596,17.46,62.7,-33.3,0.112,0.888,1.474
834,54,13,1.95,4.68,regolith_plain,0.58,19.81,60.3,-28.2,0.112,0.888,1.446
835,55,13,1.27,8.99,regolith_plain,0.555,21.54,54.7,-34.6,0.136,0.864,1.549
836,56,13,-1.35,7.55,regolith_plain,0.542,20.87,59.7,-37.9,0.148,0.852,1.505
837,57,13,-3.94,8.78,regolith_plain,0.537,19.58,68.9,-29.6,0.129,0.871,1.572
838,58,13,3.16,11.89,regolith_plain,0.593,17.99,67.9,-38.6,0.158,0.842,1.635
839,59,13,2.63,2.76,regolith_plain,0.623,18.25,65.0,-37.9,0.091,0.909,1.428
840,0,14,-35.22,1.68,crater_floor,0.592,4.55,79.6,-26.3,0.078,0.922,1.343
841,1,14,-35.51,11.49,crater_floor,0.665,3.47,57.6,-43.8,0.15,0.85,1.797
842,2,14,-37.58,22.01,regolith_plain,0.736,2.28,56.3,-35.7,0.162,0.838,1.875
843,3,14,-40.49,12.43,crater_floor,0.728,4.12,55.8,-40.0,0.171,0.829,1.852
844,4,14,-42.91,2.35,crater_floor,0.728,5.81,68.2,-31.3,0.108,0.892,1.439
845,5,14,-40.93,7.39,crater_floor,0.777,2.37,64.1,-37.1,0.115,0.885,1.593
846,6,14,-41.15,10.0,crater_floor,0.805,0.0,78.1,-26.0,0.121,0.879,1.724
847,7,14,-36.27,13.5,crater_floor,0.797,0.0,60.3,-33.8,0.147,0.853,1.91
848,8,14,-35.28,14.04,crater_floor,0.786,0.0,50.3,-31.8,0.156,0.844,1.948
849,9,14,-35.52,9.3,crater_floor,0.748,0.0,65.6,-32.0,0.139,0.861,1.631
850,10,14,-36.96,5.27,crater_floor,0.689,0.0,62.0,-36.4,0.11,0.89,1.474
851,11,14,-35.26,6.88,crater_floor,0.624,0.0,59.5,-35.2,0.089,0.911,1.437
852,12,14,-32.93,8.59,regolith_plain,0.601,0.0,66.0,-37.3,0.056,0.944,1.363
853,13,14,-30.77,11.31,regolith_plain,0.634,0.0,57.8,-33.2,0.089,0.911,1.432
854,14,14,-28.92,18.2,regolith_plain,0.671,0.0,51.7,-34.6,0.135,0.865,1.76
855,15,14,-20.44,17.45,regolith_plain,0.685,0.06,50.9,-27.3,0.138,0.862,1.745
856,16,14,-22.68,13.59,regolith_plain,0.688,1.1,57.1,-37.6,0.119,0.881,1.57
857,17,14,-23.9,14.75,regolith_plain,0.692,0.03,56.3,-36.4,0.101,0.899,1.59
858,18,14,-25.04,3.97,regolith_plain,0.63,1.51,54.0,-38.5,0.028,0.972,1.18
859,19,14,-23.82,4.36,regolith_plain,0.588,1.31,69.2,-30.1,0.047,0.953,1.165
860,20,14,-22.37,9.01,regolith_plain,0.614,0.52,54.2,-34.6,0.07,0.93,1.382
861,21,14,-20.26,7.61,regolith_plain,0.652,0.7,53.0,-36.7,0.045,0.955,1.333
862,22,14,-18.33,2.4,regolith_plain,0.672,1.45,67.0,-27.3,0.02,0.98,1.229
863,23,14,-18.6,2.59,regolith_plain,0.711,1.4,67.6,-33.9,0.029,0.971,1.283
864,24,14,-18.57,3.97,regolith_plain,0.749,2.21,61.5,-29.8,0.066,0.934,1.294
865,25,14,-17.56,12.79,rock_field,0.772,3.47,60.9,-31.9,0.25,0.75,2.689
866,26,14,-13.18,8.43,rock_field,0.752,6.42,52.7,-37.3,0.24,0.76,2.395
867,27,14,-11.74,4.41,regolith_plain,0.707,9.21,62.7,-35.2,0.075,0.925,1.417
868,28,14,-10.72,3.34,regolith_plain,0.658,10.66,62.8,-24.4,0.086,0.914,1.371
869,29,14,-12.58,12.55,regolith_plain,0.665,9.54,55.9,-39.7,0.134,0.866,1.659
870,30,14,-19.33,22.21,regolith_plain,0.679,8.36,47.2,-38.1,0.193,0.807,2.054
871,31,14,-23.3,19.41,regolith_plain,0.665,9.04,42.6,-44.0,0.166,0.834,1.924
872,32,14,-27.01,17.89,regolith_plain,0.646,10.14,54.7,-29.7,0.157,0.843,1.775
873,33,14,-30.06,21.33,regolith_plain,0.662,11.03,46.9,-36.1,0.175,0.825,2.093
874,34,14,-29.72,19.0,regolith_plain,0.676,12.62,37.8,-45.8,0.18,0.82,1.982
875,35,14,-27.03,15.67,regolith_plain,0.62,13.95,41.0,-40.0,0.173,0.827,1.827
876,36,14,-21.21,13.76,regolith_plain,0.567,14.41,54.8,-36.2,0.164,0.836,1.667
877,37,14,-20.06,13.79,regolith_plain,0.583,14.15,53.5,-39.8,0.138,0.862,1.622
878,38,14,-22.05,12.41,regolith_plain,0.606,14.1,55.7,-33.9,0.141,0.859,1.63
879,39,14,-15.01,24.75,regolith_plain,0.648,11.99,42.6,-39.7,0.228,0.772,2.246
880,40,14,-3.77,31.79,rock_field,0.674,11.5,36.4,-42.6,0.403,0.597,3.961
881,41,14,9.44,28.11,rock_field,0.648,13.03,44.8,-40.8,0.363,0.637,3.423
882,42,14,16.27,12.94,regolith_plain,0.598,16.29,49.1,-37.7,0.164,0.836,1.685
883,43,14,15.26,16.91,regolith_plain,0.643,17.34,44.4,-40.3,0.195,0.805,1.977
884,44,14,8.68,14.72,regolith_plain,0.634,18.13,47.2,-40.0,0.184,0.816,1.841
885,45,14,8.63,17.73,regolith_plain,0.611,17.67,52.2,-41.0,0.172,0.828,1.896
886,46,14,11.7,13.22,regolith_plain,0.565,18.34,62.9,-28.0,0.157,0.843,1.648
887,47,14,7.98,22.51,regolith_plain,0.546,16.94,42.7,-46.0,0.211,0.789,1.995
888,48,14,8.02,20.64,regolith_plain,0.529,16.89,32.3,-43.7,0.199,0.801,1.979
889,49,14,5.32,14.95,regolith_plain,0.523,17.33,43.3,-42.8,0.168,0.832,1.665
890,50,14,5.18,4.88,regolith_plain,0.494,18.43,59.6,-28.9,0.132,0.868,1.425
891,51,14,3.04,5.01,regolith_plain,0.486,17.59,61.1,-39.0,0.107,0.893,1.341
892,52,14,2.51,2.32,regolith_plain,0.506,19.01,65.0,-37.1,0.104,0.896,1.238
893,53,14,1.47,4.08,regolith_plain,0.556,20.12,65.7,-37.9,0.118,0.882,1.356
894,54,14,0.54,5.83,regolith_plain,0.549,21.25,61.7,-34.2,0.129,0.871,1.552
895,55,14,0.49,4.7,dune_field,0.513,22.8,71.1,-37.9,0.168,0.832,2.03
896,56,14,-1.38,3.89,regolith_plain,0.502,21.9,61.7,-37.5,0.122,0.878,1.4
897,57,14,-1.97,10.23,regolith_plain,0.514,19.76,53.6,-46.8,0.13,0.87,1.603
898,58,14,-3.81,8.73,regolith_plain,0.542,18.8,63.3,-33.8,0.142,0.858,1.504
899,59,14,-0.31,13.6,regolith_plain,0.59,16.88,45.8,-42.6,0.138,0.862,1.685
900,0,15,-34.01,21.86,regolith_plain,0.643,0.88,48.3,-44.1,0.154,0.846,1.79
901,1,15,-41.92,20.87,regolith_plain,0.705,1.28,47.7,-34.1,0.146,0.854,1.83
902,2,15,-47.84,14.45,crater_floor,0.747,2.48,53.2,-41.9,0.154,0.846,1.937
903,3,15,-43.0,11.7,crater_floor,0.737,3.14,66.7,-28.8,0.157,0.843,1.904
904,4,15,-41.93,2.07,crater_floor,0.724,4.63,64.0,-35.9,0.091,0.909,1.44
905,5,15,-43.82,3.97,crater_floor,0.77,1.57,78.0,-21.5,0.101,0.899,1.575
906,6,15,-43.44,1.93,crater_floor,0.788,0.0,66.5,-28.7,0.068,0.932,1.432
907,7,15,-42.57,8.99,crater_floor,0.781,0.0,52.5,-40.7,0.14,0.86,1.741
908,8,15,-42.21,13.47,crater_floor,0.763,0.0,55.6,-39.2,0.151,0.849,1.846
909,9,15,-38.57,14.76,crater_floor,0.71,0.0,47.3,-36.0,0.153,0.847,1.796
910,10,15,-37.4,9.38,crater_floor,0.662,0.0,55.2,-36.7,0.126,0.874,1.631
911,11,15,-35.21,7.59,crater_floor,0.646,0.0,64.0,-33.3,0.106,0.894,1.578
912,12,15,-32.1,2.88,regolith_plain,0.627,0.0,70.2,-25.4,0.005,0.995,1.1
913,13,15,-35.22,2.27,crater_floor,0.657,0.64,63.8,-35.7,0.089,0.911,1.308
914,14,15,-33.06,11.55,regolith_plain,0.7,0.35,63.2,-32.5,0.089,0.911,1.53
915,15,15,-29.82,19.29,regolith_plain,0.734,0.3,55.7,-31.7,0.158,0.842,1.886
916,16,15,-26.41,15.49,regolith_plain,0.73,1.43,61.6,-30.4,0.12,0.88,1.739
917,17,15,-29.97,16.2,regolith_plain,0.705,0.5,55.4,-36.3,0.116,0.884,1.665
918,18,15,-29.38,9.0,regolith_plain,0.648,1.28,68.3,-32.4,0.079,0.921,1.418
919,19,15,-26.07,8.14,regolith_plain,0.603,1.1,49.8,-44.6,0.085,0.915,1.358
920,20,15,-24.38,11.79,regolith_plain,0.65,0.19,55.1,-40.0,0.099,0.901,1.435
921,21,15,-18.53,4.9,regolith_plain,0.687,0.73,59.4,-33.0,0.058,0.942,1.29
922,22,15,-20.95,3.81,regolith_plain,0.656,0.4,66.5,-32.3,0.045,0.955,1.254
923,23,15,-20.86,6.65,regolith_plain,0.648,0.0,59.3,-34.0,0.056,0.944,1.276
924,24,15,-16.87,13.71,regolith_plain,0.712,0.0,53.9,-32.0,0.12,0.88,1.567
925,25,15,-11.59,6.21,regolith_plain,0.73,3.15,74.5,-34.0,0.083,0.917,1.38
926,26,15,-14.95,6.56,rock_field,0.758,5.75,61.8,-34.9,0.207,0.793,2.29
927,27,15,-15.5,8.57,regolith_plain,0.74,8.05,63.1,-33.0,0.101,0.899,1.507
928,28,15,-9.08,6.13,regolith_plain,0.65,10.0,61.9,-37.2,0.098,0.902,1.441
929,29,15,-11.22,22.64,regolith_plain,0.644,7.95,45.5,-34.1,0.171,0.829,2.059
930,30,15,-25.72,26.92,regolith_plain,0.637,7.74,40.4,-38.0,0.208,0.792,2.168
931,31,15,-31.48,14.46,regolith_plain,0.598,10.03,56.8,-35.0,0.145,0.855,1.646
932,32,15,-29.7,8.04,regolith_plain,0.58,12.2,68.1,-25.2,0.111,0.889,1.517
933,33,15,-35.73,10.26,crater_floor,0.59,13.76,68.6,-38.4,0.154,0.846,1.827
934,34,15,-36.91,7.43,crater_floor,0.591,15.87,63.7,-34.3,0.149,0.851,1.655
935,35,15,-30.85,16.37,regolith_plain,0.587,15.7,55.5,-35.7,0.176,0.824,1.806
936,36,15,-25.45,10.4,regolith_plain,0.549,16.84,51.7,-42.3,0.16,0.84,1.636
937,37,15,-25.83,6.81,regolith_plain,0.559,17.02,62.0,-33.8,0.118,0.882,1.395
938,38,15,-22.82,18.85,regolith_plain,0.616,14.85,54.9,-41.7,0.193,0.807,2.002
939,39,15,-12.23,24.36,regolith_plain,0.62,13.66,48.4,-36.7,0.218,0.782,2.15
940,40,15,-4.74,20.92,regolith_plain,0.606,14.67,48.3,-35.3,0.188,0.812,2.062
941,41,15,2.62,23.17,regolith_plain,0.603,15.24,49.8,-38.0,0.219,0.781,2.049
942,42,15,10.7,17.73,regolith_plain,0.588,16.97,53.4,-45.4,0.168,0.832,1.969
943,43,15,5.18,16.76,regolith_plain,0.646,18.82,58.8,-40.2,0.2,0.8,1.921
944,44,15,6.16,8.87,regolith_plain,0.626,20.24,62.0,-33.1,0.152,0.848,1.636
945,45,15,3.45,12.87,regolith_plain,0.571,19.29,53.7,-38.0,0.159,0.841,1.783
946,46,15,5.57,21.06,regolith_plain,0.542,17.72,48.9,-50.5,0.196,0.804,1.966
947,47,15,1.98,17.64,regolith_plain,0.513,17.89,33.0,-40.3,0.182,0.818,1.81
948,48,15,0.15,12.92,regolith_plain,0.5,19.09,58.1,-36.0,0.156,0.844,1.687
949,49,15,-0.19,9.32,regolith_plain,0.492,20.33,37.9,-47.1,0.144,0.856,1.482
950,50,15,3.75,12.7,regolith_plain,0.486,20.52,45.7,-37.1,0.164,0.836,1.588
951,51,15,8.15,3.32,dune_field,0.437,22.15,69.1,-35.8,0.163,0.837,1.8
952,52,15,5.36,9.75,regolith_plain,0.478,21.47,62.1,-38.2,0.137,0.863,1.599
953,53,15,1.43,10.54,regolith_plain,0.523,21.75,51.4,-37.7,0.148,0.852,1.585
954,54,15,-2.02,4.06,dune_field,0.498,23.12,61.3,-28.7,0.188,0.812,1.804
955,55,15,-1.4,5.81,dune_field,0.473,23.25,71.8,-25.7,0.182,0.818,2.012
956,56,15,-0.19,6.1,dune_field,0.472,22.05,60.4,-34.6,0.182,0.818,1.902
957,57,15,2.85,3.67,regolith_plain,0.473,21.15,79.4,-27.5,0.112,0.888,1.305
958,58,15,-2.75,9.79,regolith_plain,0.501,18.97,59.2,-33.0,0.159,0.841,1.501
959,59,15,-4.04,3.68,regolith_plain,0.497,18.62,68.4,-37.9,0.099,0.901,1.282
960,0,16,-37.93,18.06,regolith_plain,0.646,0.85,59.8,-31.6,0.119,0.881,1.773
961,1,16,-41.95,14.54,crater_floor,0.71,1.58,54.8,-38.9,0.162,0.838,1.939
962,2,16,-47.83,6.32,crater_floor,0.755,3.02,57.0,-34.1,0.12,0.88,1.658
963,3,16,-46.29,7.89,crater_floor,0.765,2.99,60.7,-35.0,0.135,0.865,1.629
964,4,16,-44.1,5.8,crater_floor,0.772,3.31,63.4,-31.1,0.124,0.876,1.618
965,5,16,-43.26,8.17,crater_floor,0.792,0.08,52.8,-36.0,0.132,0.868,1.682
966,6,16,-41.65,6.51,crater_floor,0.791,0.0,61.3,-45.8,0.099,0.901,1.539
967,7,16,-42.47,3.37,crater_floor,0.762,0.0,61.8,-32.6,0.094,0.906,1.484
968,8,16,-43.98,3.47,crater_floor,0.733,0.0,71.7,-27.3,0.078,0.922,1.421
969,9,16,-44.9,9.34,crater_floor,0.687,0.0,59.9,-32.2,0.097,0.903,1.641
970,10,16,-42.65,16.37,regolith_plain,0.667,0.0,50.3,-37.8,0.121,0.879,1.635
971,11,16,-35.87,16.76,regolith_plain,0.647,0.0,50.9,-30.6,0.12,0.88,1.658
972,12,16,-30.92,10.91,regolith_plain,0.623,0.0,59.3,-33.0,0.078,0.922,1.341
973,13,16,-32.04,12.73,regolith_plain,0.669,0.0,59.7,-32.4,0.104,0.896,1.563
974,14,16,-35.05,3.6,crater_floor,0.68,1.83,60.0,-30.0,0.08,0.92,1.439
975,15,16,-32.76,4.17,regolith_plain,0.711,2.88,59.2,-33.1,0.066,0.934,1.284
976,16,16,-33.77,15.22,rock_field,0.756,1.89,59.9,-37.8,0.256,0.744,2.706
977,17,16,-35.14,13.34,crater_floor,0.725,1.57,52.9,-46.4,0.15,0.85,1.902
978,18,16,-30.03,16.03,regolith_plain,0.702,0.87,43.9,-41.6,0.103,0.897,1.654
979,19,16,-26.58,11.13,regolith_plain,0.656,1.3,60.4,-30.9,0.098,0.902,1.488
980,20,16,-25.95,11.65,regolith_plain,0.682,0.74,60.0,-35.5,0.096,0.904,1.567
981,21,16,-20.31,12.74,regolith_plain,0.721,0.0,46.8,-35.4,0.107,0.893,1.576
982,22,16,-17.03,9.61,regolith_plain,0.673,0.0,60.8,-33.1,0.067,0.933,1.372
983,23,16,-16.34,6.78,regolith_plain,0.638,0.0,67.0,-26.4,0.058,0.942,1.29
984,24,16,-15.52,6.39,regolith_plain,0.677,0.0,65.2,-33.4,0.056,0.944,1.329
985,25,16,-13.66,0.78,regolith_plain,0.71,3.4,72.9,-27.9,0.046,0.954,1.231
986,26,16,-15.59,8.19,rock_field,0.758,5.2,52.6,-35.1,0.231,0.769,2.398
987,27,16,-13.13,10.95,rock_field,0.755,7.71,59.9,-28.8,0.272,0.728,2.64
988,28,16,-10.33,3.06,regolith_plain,0.678,10.69,64.8,-40.2,0.093,0.907,1.377
989,29,16,-13.81,14.87,regolith_plain,0.658,9.42,50.8,-40.0,0.155,0.845,1.737
990,30,16,-20.88,26.95,regolith_plain,0.644,8.12,45.6,-36.5,0.207,0.793,2.282
991,31,16,-32.81,15.34,regolith_plain,0.599,10.37,62.0,-28.2,0.148,0.852,1.675
992,32,16,-30.73,5.32,regolith_plain,0.579,13.27,74.9,-29.1,0.091,0.909,1.366
993,33,16,-30.77,17.55,regolith_plain,0.609,13.61,58.6,-37.0,0.18,0.82,1.844
994,34,16,-31.58,16.87,regolith_plain,0.604,15.64,50.8,-35.8,0.173,0.827,1.841
995,35,16,-29.63,12.12,regolith_plain,0.568,17.66,58.8,-32.7,0.148,0.852,1.728
996,36,16,-26.56,8.03,regolith_plain,0.536,18.54,65.8,-35.3,0.135,0.865,1.463
997,37,16,-24.05,5.42,regolith_plain,0.538,18.49,64.8,-32.9,0.128,0.872,1.434
998,38,16,-23.34,11.29,regolith_plain,0.566,17.18,58.4,-31.6,0.157,0.843,1.633
999,39,16,-16.06,22.16,regolith_plain,0.579,15.11,50.6,-31.2,0.199,0.801,2.072
1000,40,16,-7.4,24.43,regolith_plain,0.581,15.19,42.8,-38.6,0.233,0.767,2.132
1001,41,16,2.04,16.63,regolith_plain,0.57,17.21,47.3,-40.0,0.17,0.83,1.881
1002,42,16,3.74,11.75,regolith_plain,0.571,18.78,54.6,-38.0,0.149,0.851,1.697
1003,43,16,4.1,7.28,regolith_plain,0.606,21.22,65.8,-31.9,0.148,0.852,1.583
1004,44,16,2.69,15.92,regolith_plain,0.614,20.04,52.5,-39.1,0.168,0.832,1.923
1005,45,16,-0.49,14.73,regolith_plain,0.539,19.69,55.8,-36.7,0.177,0.823,1.764
1006,46,16,-3.63,15.5,regolith_plain,0.491,19.04,57.0,-41.2,0.176,0.824,1.777
1007,47,16,-3.53,12.02,regolith_plain,0.478,19.03,54.5,-32.6,0.175,0.825,1.575
1008,48,16,-0.89,8.98,regolith_plain,0.469,20.68,64.7,-39.0,0.136,0.864,1.469
1009,49,16,-0.17,5.9,dune_field,0.442,22.75,65.8,-36.0,0.177,0.823,1.883
1010,50,16,1.76,13.35,regolith_plain,0.432,23.25,47.9,-40.2,0.201,0.799,1.675
1011,51,16,4.71,18.92,regolith_plain,0.413,23.47,57.8,-29.1,0.215,0.785,1.787
1012,52,16,3.92,16.61,regolith_plain,0.444,23.49,48.7,-42.0,0.215,0.785,1.821
1013,53,16,2.44,7.51,dune_field,0.48,24.43,51.8,-42.0,0.198,0.802,2.076
1014,54,16,0.82,7.96,dune_field,0.49,23.94,55.0,-40.4,0.197,0.803,2.003
1015,55,16,-3.14,9.2,regolith_plain,0.482,23.33,53.7,-31.9,0.171,0.829,1.596
1016,56,16,-1.8,6.21,dune_field,0.469,22.6,63.5,-46.3,0.209,0.791,1.944
1017,57,16,-1.84,6.44,regolith_plain,0.473,21.33,61.3,-39.7,0.147,0.853,1.445
1018,58,16,-3.38,4.1,regolith_plain,0.443,20.44,63.5,-23.9,0.111,0.889,1.353
1019,59,16,-0.16,11.52,regolith_plain,0.436,18.09,61.0,-33.1,0.151,0.849,1.496
1020,0,17,-44.29,15.38,regolith_plain,0.67,0.77,55.1,-40.2,0.105,0.895,1.627
1021,1,17,-45.01,10.24,crater_floor,0.726,2.06,60.6,-34.2,0.127,0.873,1.74
1022,2,17,-46.98,4.78,crater_floor,0.777,3.39,67.2,-31.6,0.105,0.895,1.623
1023,3,17,-47.09,4.74,crater_floor,0.79,3.91,68.5,-28.0,0.113,0.887,1.646
1024,4,17,-44.64,11.97,crater_floor,0.819,3.11,44.2,-32.5,0.162,0.838,1.924
1025,5,17,-38.62,9.94,crater_floor,0.788,0.45,56.9,-33.6,0.112,0.888,1.708
1026,6,17,-38.95,8.08,crater_floor,0.761,0.0,48.0,-40.3,0.118,0.882,1.715
1027,7,17,-42.85,7.08,crater_floor,0.745,0.0,62.4,-30.0,0.117,0.883,1.634
1028,8,17,-42.22,9.29,crater_floor,0.726,0.0,59.8,-36.9,0.123,0.877,1.661
1029,9,17,-45.01,7.64,crater_floor,0.672,0.0,67.9,-35.4,0.111,0.889,1.487
1030,10,17,-44.92,17.9,regolith_plain,0.658,0.0,57.4,-41.9,0.132,0.868,1.714
1031,11,17,-32.47,26.0,regolith_plain,0.638,0.0,42.6,-46.3,0.166,0.834,2.082
1032,12,17,-25.41,7.65,regolith_plain,0.577,0.0,58.6,-38.1,0.054,0.946,1.219
1033,13,17,-27.19,7.48,regolith_plain,0.618,0.39,64.7,-37.1,0.091,0.909,1.345
1034,14,17,-30.65,9.09,regolith_plain,0.661,1.13,56.8,-34.0,0.071,0.929,1.349
1035,15,17,-32.44,9.68,regolith_plain,0.701,2.02,59.3,-39.2,0.095,0.905,1.469
1036,16,17,-37.03,10.47,crater_floor,0.733,2.63,64.4,-45.3,0.127,0.873,1.786
1037,17,17,-38.68,13.58,crater_floor,0.743,2.23,51.7,-41.3,0.166,0.834,1.8
1038,18,17,-37.06,18.83,rock_field,0.756,1.57,54.1,-38.1,0.271,0.729,2.825
1039,19,17,-32.8,18.62,rock_field,0.752,1.74,53.6,-38.8,0.277,0.723,2.863
1040,20,17,-29.73,19.95,rock_field,0.773,1.34,42.3,-34.2,0.272,0.728,2.898
1041,21,17,-20.04,19.64,rock_field,0.788,0.53,54.2,-38.5,0.267,0.733,3.07
1042,22,17,-15.46,6.93,regolith_plain,0.727,1.57,66.6,-28.3,0.073,0.927,1.451
1043,23,17,-16.35,9.21,regolith_plain,0.713,0.37,60.5,-33.9,0.08,0.92,1.466
1044,24,17,-13.29,11.95,regolith_plain,0.746,0.54,52.3,-36.9,0.099,0.901,1.584
1045,25,17,-11.04,9.2,rock_field,0.776,3.7,54.7,-39.6,0.235,0.765,2.489
1046,26,17,-9.21,16.71,rock_field,0.803,5.45,48.4,-38.8,0.297,0.703,2.861
1047,27,17,-9.83,10.91,rock_field,0.778,9.25,61.3,-37.5,0.254,0.746,2.708
1048,28,17,-11.11,3.12,regolith_plain,0.743,12.12,60.8,-34.2,0.093,0.907,1.372
1049,29,17,-10.04,12.81,regolith_plain,0.729,10.98,58.5,-36.6,0.133,0.867,1.661
1050,30,17,-18.46,25.27,regolith_plain,0.687,9.42,34.8,-47.6,0.192,0.808,2.266
1051,31,17,-26.64,20.73,regolith_plain,0.652,10.42,46.0,-36.0,0.184,0.816,2.0
1052,32,17,-26.59,11.26,regolith_plain,0.643,12.97,58.3,-34.2,0.124,0.876,1.65
1053,33,17,-23.1,14.4,regolith_plain,0.642,14.33,68.8,-34.1,0.159,0.841,1.78
1054,34,17,-24.83,17.08,regolith_plain,0.633,15.5,42.9,-40.9,0.18,0.82,1.891
1055,35,17,-23.88,13.47,regolith_plain,0.596,16.96,64.0,-34.6,0.142,0.858,1.767
1056,36,17,-26.33,7.21,regolith_plain,0.551,18.03,63.0,-38.2,0.129,0.871,1.493
1057,37,17,-23.81,12.27,regolith_plain,0.555,16.88,59.0,-35.8,0.162,0.838,1.605
1058,38,17,-22.82,21.85,regolith_plain,0.575,15.06,46.7,-42.7,0.207,0.793,1.942
1059,39,17,-15.55,25.81,regolith_plain,0.566,14.07,44.3,-44.7,0.212,0.788,2.227
1060,40,17,-6.22,21.17,regolith_plain,0.55,15.18,45.8,-47.0,0.197,0.803,1.921
1061,41,17,-1.68,12.84,regolith_plain,0.55,17.23,64.6,-35.5,0.156,0.844,1.737
1062,42,17,2.64,8.0,regolith_plain,0.557,18.76,58.5,-34.1,0.132,0.868,1.452
1063,43,17,0.19,12.61,regolith_plain,0.585,19.86,62.9,-37.7,0.152,0.848,1.659
1064,44,17,-4.28,13.27,regolith_plain,0.557,20.03,51.5,-28.9,0.162,0.838,1.734
1065,45,17,-4.96,6.17,regolith_plain,0.477,20.76,62.9,-31.5,0.128,0.872,1.464
1066,46,17,-5.1,2.99,regolith_plain,0.434,20.9,60.3,-30.8,0.113,0.887,1.287
1067,47,17,-6.09,3.3,regolith_plain,0.456,20.51,69.1,-29.7,0.106,0.894,1.365
1068,48,17,-5.2,8.58,regolith_plain,0.469,21.19,69.2,-25.5,0.122,0.878,1.563
1069,49,17,-3.36,8.06,regolith_plain,0.425,23.2,60.7,-39.2,0.132,0.868,1.525
1070,50,17,-4.4,10.74,regolith_plain,0.389,24.73,57.0,-47.8,0.168,0.832,1.591
1071,51,17,-5.39,19.25,regolith_plain,0.374,24.79,42.1,-44.5,0.241,0.759,1.959
1072,52,17,-6.36,18.7,regolith_plain,0.416,24.28,48.1,-38.4,0.223,0.777,1.866
1073,53,17,-2.84,14.45,regolith_plain,0.477,24.17,44.6,-41.2,0.195,0.805,1.783
1074,54,17,-1.68,12.54,regolith_plain,0.492,23.7,50.7,-38.5,0.172,0.828,1.731
1075,55,17,-7.32,9.45,regolith_plain,0.483,23.4,61.0,-30.7,0.156,0.844,1.581
1076,56,17,-4.34,11.12,regolith_plain,0.48,22.27,65.7,-32.7,0.146,0.854,1.685
1077,57,17,-1.38,5.79,dune_field,0.467,22.19,80.5,-25.9,0.175,0.825,1.94
1078,58,17,-0.43,7.96,regolith_plain,0.415,20.97,57.7,-40.7,0.145,0.855,1.377
1079,59,17,0.98,5.58,regolith_plain,0.346,20.44,72.5,-36.1,0.127,0.873,1.259
1080,0,18,-48.84,8.65,crater_floor,0.684,1.51,61.9,-27.0,0.111,0.889,1.615
1081,1,18,-48.65,7.69,crater_floor,0.734,2.73,60.6,-33.6,0.122,0.878,1.674
1082,2,18,-45.21,6.73,crater_floor,0.78,3.95,65.2,-35.1,0.128,0.872,1.603
1083,3,18,-43.96,3.16,crater_floor,0.78,5.56,66.9,-34.6,0.107,0.893,1.598
1084,4,18,-43.71,9.31,crater_floor,0.803,5.46,60.4,-37.0,0.156,0.844,1.784
1085,5,18,-39.17,8.48,crater_floor,0.781,2.79,58.2,-37.7,0.135,0.865,1.654
1086,6,18,-37.86,1.78,crater_floor,0.745,0.99,59.7,-39.4,0.078,0.922,1.359
1087,7,18,-38.73,7.59,crater_floor,0.742,0.0,52.4,-42.7,0.1,0.9,1.59
1088,8,18,-37.81,12.66,crater_floor,0.733,0.0,60.0,-34.8,0.137,0.863,1.721
1089,9,18,-40.26,14.39,crater_floor,0.703,0.0,52.5,-39.0,0.143,0.857,1.78
1090,10,18,-39.58,10.11,crater_floor,0.655,0.0,55.3,-31.2,0.111,0.889,1.553
1091,11,18,-36.14,15.1,regolith_plain,0.615,0.0,53.4,-35.1,0.086,0.914,1.585
1092,12,18,-31.93,21.18,regolith_plain,0.606,0.0,51.5,-35.9,0.151,0.849,1.733
1093,13,18,-32.43,11.9,regolith_plain,0.608,1.58,58.0,-37.8,0.102,0.898,1.496
1094,14,18,-31.39,11.58,regolith_plain,0.632,2.27,53.3,-37.0,0.09,0.91,1.445
1095,15,18,-35.18,10.3,crater_floor,0.651,3.1,66.0,-30.8,0.132,0.868,1.718
1096,16,18,-37.73,13.77,crater_floor,0.705,3.21,64.3,-29.9,0.162,0.838,1.918
1097,17,18,-44.8,10.26,crater_floor,0.735,4.29,61.7,-34.2,0.143,0.857,1.851
1098,18,18,-42.34,13.47,crater_floor,0.758,4.34,61.0,-29.8,0.17,0.83,1.936
1099,19,18,-37.89,18.97,rock_field,0.782,4.04,56.6,-35.6,0.297,0.703,2.92
1100,20,18,-32.88,23.96,rock_field,0.827,3.34,50.4,-34.5,0.325,0.675,3.336
1101,21,18,-20.13,26.07,rock_field,0.849,2.11,45.0,-41.4,0.342,0.658,3.352
1102,22,18,-13.86,14.82,rock_field,0.782,2.87,57.3,-42.5,0.255,0.745,2.661
1103,23,18,-10.23,13.05,regolith_plain,0.749,2.22,58.8,-33.6,0.114,0.886,1.702
1104,24,18,-8.92,5.68,rock_field,0.76,3.79,57.2,-32.5,0.235,0.765,2.181
1105,25,18,-8.62,7.71,rock_field,0.794,6.04,65.7,-30.3,0.243,0.757,2.349
1106,26,18,-3.64,10.59,rock_field,0.77,8.19,50.2,-36.6,0.258,0.742,2.604
1107,27,18,-5.66,14.16,rock_field,0.758,10.25,49.7,-40.0,0.275,0.725,2.715
1108,28,18,-8.16,14.37,rock_field,0.78,11.5,62.0,-37.7,0.294,0.706,2.844
1109,29,18,-8.45,11.8,rock_field,0.759,11.67,62.1,-32.2,0.285,0.715,2.714
1110,30,18,-11.88,21.06,regolith_plain,0.719,10.07,55.8,-34.8,0.197,0.803,1.963
1111,31,18,-20.04,26.4,regolith_plain,0.716,9.05,39.3,-44.4,0.2,0.8,2.329
1112,32,18,-23.6,16.56,regolith_plain,0.707,11.06,44.9,-36.0,0.151,0.849,1.91
1113,33,18,-20.65,12.98,regolith_plain,0.689,12.76,54.3,-40.8,0.134,0.866,1.683
1114,34,18,-19.31,17.94,regolith_plain,0.68,13.04,50.9,-40.8,0.183,0.817,2.002
1115,35,18,-20.16,16.15,regolith_plain,0.634,13.96,52.7,-31.4,0.152,0.848,1.872
1116,36,18,-21.5,19.07,regolith_plain,0.593,13.67,55.8,-33.4,0.169,0.831,1.841
1117,37,18,-16.09,29.32,rock_field,0.609,11.94,35.6,-45.2,0.363,0.637,3.614
1118,38,18,-9.59,34.44,rock_field,0.62,10.97,34.2,-43.0,0.404,0.596,3.92
1119,39,18,-6.12,27.32,regolith_plain,0.562,11.84,34.0,-43.7,0.226,0.774,2.195
1120,40,18,-0.48,11.17,regolith_plain,0.499,14.81,60.4,-46.3,0.133,0.867,1.559
1121,41,18,-0.12,3.57,regolith_plain,0.506,16.85,66.1,-37.2,0.106,0.894,1.354
1122,42,18,-1.56,8.15,regolith_plain,0.54,17.07,56.5,-37.1,0.147,0.853,1.542
1123,43,18,-1.59,8.68,regolith_plain,0.551,18.62,59.0,-37.6,0.136,0.864,1.529
1124,44,18,-5.22,4.51,regolith_plain,0.517,19.43,63.9,-33.6,0.102,0.898,1.339
1125,45,18,-4.74,3.67,regolith_plain,0.472,19.16,64.3,-29.9,0.099,0.901,1.356
1126,46,18,-5.39,1.99,regolith_plain,0.438,19.02,78.4,-30.7,0.088,0.912,1.187
1127,47,18,-5.83,1.79,regolith_plain,0.437,18.66,67.4,-37.5,0.088,0.912,1.207
1128,48,18,-6.28,3.88,regolith_plain,0.427,19.87,64.3,-33.2,0.109,0.891,1.343
1129,49,18,-5.77,4.04,regolith_plain,0.39,21.84,53.0,-40.0,0.124,0.876,1.27
1130,50,18,-5.55,6.57,dune_field,0.362,23.47,57.4,-37.9,0.179,0.821,1.805
1131,51,18,-9.12,8.57,regolith_plain,0.336,24.7,59.0,-38.0,0.147,0.853,1.373
1132,52,18,-9.38,8.67,regolith_plain,0.355,24.01,56.4,-28.7,0.163,0.837,1.51
1133,53,18,-6.74,14.29,regolith_plain,0.396,22.24,62.6,-44.3,0.179,0.821,1.72
1134,54,18,-6.86,15.11,regolith_plain,0.437,21.19,52.4,-40.3,0.177,0.823,1.79
1135,55,18,-9.25,7.17,regolith_plain,0.461,21.46,69.8,-32.7,0.136,0.864,1.454
1136,56,18,-6.94,9.71,regolith_plain,0.446,20.66,59.7,-39.3,0.163,0.837,1.453
1137,57,18,-2.93,12.76,regolith_plain,0.425,19.83,56.2,-33.7,0.173,0.827,1.623
1138,58,18,1.7,8.26,regolith_plain,0.364,20.13,60.4,-32.6,0.146,0.854,1.366
1139,59,18,2.55,10.28,regolith_plain,0.318,19.45,58.7,-36.6,0.166,0.834,1.333
1140,0,19,-50.36,4.16,crater_floor,0.706,1.9,75.7,-29.8,0.098,0.902,1.438
1141,1,19,-49.01,4.87,crater_floor,0.74,3.44,50.7,-38.0,0.127,0.873,1.479
1142,2,19,-47.52,5.06,crater_floor,0.77,5.05,52.4,-37.6,0.139,0.861,1.681
1143,3,19,-45.47,10.82,crater_floor,0.789,5.83,54.8,-36.7,0.147,0.853,1.818
1144,4,19,-40.15,8.59,crater_floor,0.787,7.53,60.6,-35.3,0.138,0.862,1.762
1145,5,19,-39.77,3.41,crater_floor,0.766,5.67,70.4,-29.9,0.103,0.897,1.5
1146,6,19,-37.79,5.03,crater_floor,0.758,2.79,67.3,-28.7,0.122,0.878,1.551
1147,7,19,-37.53,13.66,crater_floor,0.755,0.0,52.7,-41.5,0.148,0.852,1.854
1148,8,19,-33.37,11.91,regolith_plain,0.729,0.0,63.0,-37.1,0.093,0.907,1.493
1149,9,19,-34.9,11.23,crater_floor,0.711,0.0,63.8,-39.7,0.138,0.862,1.653
1150,10,19,-39.09,7.53,crater_floor,0.668,0.67,62.8,-29.6,0.1,0.9,1.502
1151,11,19,-40.08,6.51,crater_floor,0.602,2.51,68.6,-30.2,0.101,0.899,1.405
1152,12,19,-40.46,15.28,regolith_plain,0.589,2.61,54.8,-34.0,0.117,0.883,1.642
1153,13,19,-35.6,4.31,crater_floor,0.571,4.56,61.9,-39.5,0.085,0.915,1.396
1154,14,19,-38.37,6.49,crater_floor,0.582,4.54,67.1,-24.8,0.095,0.905,1.459
1155,15,19,-36.01,2.58,crater_floor,0.576,5.44,67.8,-34.2,0.087,0.913,1.38
1156,16,19,-38.9,11.7,crater_floor,0.66,4.58,57.1,-34.8,0.147,0.853,1.763
1157,17,19,-44.27,7.54,crater_floor,0.727,6.26,70.5,-27.5,0.142,0.858,1.623
1158,18,19,-43.7,4.91,crater_floor,0.75,7.58,49.9,-42.2,0.146,0.854,1.559
1159,19,19,-42.77,19.16,rock_field,0.808,6.37,40.4,-43.7,0.295,0.705,3.218
1160,20,19,-30.22,35.83,rock_field,0.902,4.17,23.5,-46.5,0.4,0.6,4.166
1161,21,19,-15.41,25.49,rock_field,0.896,4.74,39.8,-30.1,0.366,0.634,3.656
1162,22,19,-11.71,9.86,rock_field,0.806,6.1,57.6,-34.2,0.258,0.742,2.453
1163,23,19,-8.5,4.69,rock_field,0.756,5.89,55.8,-29.6,0.209,0.791,2.263
1164,24,19,-9.65,9.9,rock_field,0.805,5.46,53.2,-32.1,0.257,0.743,2.471
1165,25,19,-9.86,15.43,rock_field,0.843,6.99,47.9,-37.5,0.279,0.721,2.812
1166,26,19,-2.34,16.31,rock_field,0.769,9.15,66.8,-36.5,0.292,0.708,2.933
1167,27,19,-0.81,5.5,regolith_plain,0.706,13.04,74.8,-25.9,0.08,0.92,1.44
1168,28,19,-1.25,4.41,rock_field,0.76,14.06,62.7,-40.5,0.243,0.757,2.388
1169,29,19,-2.56,11.85,rock_field,0.79,12.21,54.8,-30.6,0.279,0.721,2.714
1170,30,19,-8.32,16.57,rock_field,0.753,10.76,44.9,-39.6,0.297,0.703,2.979
1171,31,19,-10.61,23.81,rock_field,0.761,8.93,32.4,-55.2,0.344,0.656,3.448
1172,32,19,-14.71,24.7,rock_field,0.78,8.72,42.1,-42.5,0.354,0.646,3.563
1173,33,19,-14.94,15.97,regolith_plain,0.746,10.52,46.4,-37.2,0.16,0.84,1.793
1174,34,19,-11.89,15.11,regolith_plain,0.716,11.12,52.9,-38.6,0.146,0.854,1.882
1175,35,19,-12.51,21.52,regolith_plain,0.678,10.56,36.7,-40.3,0.175,0.825,1.922
1176,36,19,-13.11,25.48,regolith_plain,0.619,10.13,37.4,-46.3,0.186,0.814,2.107
1177,37,19,-4.76,28.45,rock_field,0.618,9.68,39.6,-47.3,0.368,0.632,3.319
1178,38,19,2.74,19.67,regolith_plain,0.599,10.99,50.6,-38.7,0.178,0.822,1.953
1179,39,19,3.0,11.13,regolith_plain,0.517,12.27,60.3,-35.0,0.13,0.87,1.536
1180,40,19,-1.08,10.33,regolith_plain,0.473,13.06,50.7,-39.9,0.118,0.882,1.437
1181,41,19,-3.94,6.84,regolith_plain,0.494,14.59,67.6,-27.9,0.103,0.897,1.33
1182,42,19,-2.9,3.62,regolith_plain,0.511,16.08,61.2,-38.6,0.106,0.894,1.323
1183,43,19,-4.7,1.89,regolith_plain,0.514,17.82,71.7,-30.4,0.076,0.924,1.259
1184,44,19,-4.13,3.94,regolith_plain,0.504,17.59,65.6,-33.5,0.099,0.901,1.353
1185,45,19,-2.4,4.87,regolith_plain,0.483,17.01,56.4,-43.2,0.119,0.881,1.363
1186,46,19,-5.96,6.51,regolith_plain,0.462,16.32,60.9,-40.6,0.11,0.89,1.299
1187,47,19,-6.96,2.85,regolith_plain,0.423,16.42,69.1,-32.4,0.099,0.901,1.223
1188,48,19,-7.92,2.63,regolith_plain,0.39,18.02,70.8,-24.1,0.096,0.904,1.15
1189,49,19,-6.09,2.61,regolith_plain,0.362,20.1,66.3,-31.5,0.08,0.92,1.212
1190,50,19,-7.56,7.15,regolith_plain,0.349,21.49,71.3,-39.1,0.137,0.863,1.35
1191,51,19,-10.05,7.35,dune_field,0.327,23.2,68.0,-46.0,0.197,0.803,1.784
1192,52,19,-11.97,7.41,dune_field,0.315,22.42,60.3,-33.2,0.192,0.808,1.758
1193,53,19,-12.71,11.68,regolith_plain,0.3,20.68,61.6,-35.9,0.151,0.849,1.414
1194,54,19,-12.19,7.2,regolith_plain,0.349,20.26,73.7,-26.7,0.132,0.868,1.269
1195,55,19,-12.36,7.98,regolith_plain,0.446,19.05,73.0,-34.9,0.114,0.886,1.383
1196,56,19,-6.99,11.68,regolith_plain,0.418,18.55,49.8,-38.0,0.15,0.85,1.453
1197,57,19,-4.09,11.95,regolith_plain,0.359,18.64,51.3,-35.5,0.163,0.837,1.419
1198,58,19,1.48,18.49,regolith_plain,0.341,17.79,58.6,-38.1,0.208,0.792,1.627
1199,59,19,8.03,18.24,regolith_plain,0.308,17.97,43.6,-43.2,0.205,0.795,1.699
1200,0,20,-47.76,17.26,rock_field,0.768,0.0,43.1,-39.8,0.253,0.747,2.673
1201,1,20,-46.76,13.47,crater_floor,0.773,2.09,52.3,-34.7,0.145,0.855,1.951
1202,2,20,-45.03,12.55,crater_floor,0.781,4.21,58.7,-34.9,0.165,0.835,1.909
1203,3,20,-45.99,10.66,crater_floor,0.755,6.48,57.7,-31.6,0.158,0.842,1.818
1204,4,20,-41.71,9.58,crater_floor,0.737,8.35,55.6,-38.2,0.162,0.838,1.846
1205,5,20,-39.47,10.61,crater_floor,0.749,5.92,54.3,-41.9,0.148,0.852,1.92
1206,6,20,-35.16,15.67,rock_field,0.752,2.89,48.5,-30.4,0.264,0.736,2.571
1207,7,20,-30.08,17.62,regolith_plain,0.702,0.32,45.3,-41.6,0.128,0.872,1.715
1208,8,20,-29.79,12.41,regolith_plain,0.658,0.0,70.0,-32.8,0.087,0.913,1.539
1209,9,20,-34.75,12.38,crater_floor,0.674,0.56,58.2,-35.0,0.118,0.882,1.745
1210,10,20,-38.49,8.19,crater_floor,0.653,2.65,66.3,-31.8,0.123,0.877,1.562
1211,11,20,-40.49,5.53,crater_floor,0.594,4.52,61.0,-35.7,0.102,0.898,1.508
1212,12,20,-41.89,8.39,crater_floor,0.586,5.3,59.7,-34.7,0.129,0.871,1.611
1213,13,20,-34.6,8.51,crater_floor,0.614,5.45,56.4,-36.0,0.134,0.866,1.635
1214,14,20,-35.92,7.95,crater_floor,0.625,5.71,45.3,-39.0,0.122,0.878,1.65
1215,15,20,-36.9,3.49,crater_floor,0.619,6.56,57.9,-44.8,0.106,0.894,1.388
1216,16,20,-37.06,11.67,crater_floor,0.676,5.83,46.3,-31.9,0.168,0.832,1.865
1217,17,20,-42.57,17.22,regolith_plain,0.742,6.37,37.6,-43.1,0.175,0.825,1.862
1218,18,20,-39.25,24.89,rock_field,0.785,6.37,35.4,-40.9,0.339,0.661,3.285
1219,19,20,-34.53,31.68,rock_field,0.82,6.5,43.1,-46.1,0.386,0.614,3.772
1220,20,20,-23.64,26.93,rock_field,0.871,7.65,40.1,-43.6,0.367,0.633,3.796
1221,21,20,-15.51,18.44,rock_field,0.872,7.92,57.5,-38.4,0.32,0.68,3.111
1222,22,20,-13.11,19.29,rock_field,0.809,6.79,51.2,-31.9,0.317,0.683,3.011
1223,23,20,-12.78,24.29,rock_field,0.77,5.03,48.0,-41.1,0.328,0.672,3.256
1224,24,20,-15.77,25.04,rock_field,0.796,5.14,37.1,-39.5,0.353,0.647,3.256
1225,25,20,-16.91,26.19,rock_field,0.828,7.01,44.3,-42.8,0.369,0.631,3.608
1226,26,20,-11.07,34.83,rock_field,0.832,7.6,36.1,-45.0,0.407,0.593,4.143
1227,27,20,-9.36,32.08,rock_field,0.818,9.83,31.3,-46.0,0.398,0.602,3.846
1228,28,20,-5.62,24.11,rock_field,0.825,11.52,46.8,-34.6,0.353,0.647,3.363
1229,29,20,-3.93,8.86,rock_field,0.786,12.77,63.6,-41.6,0.272,0.728,2.473
1230,30,20,-3.11,7.7,regolith_plain,0.747,11.91,58.2,-41.1,0.118,0.882,1.502
1231,31,20,-3.58,15.39,regolith_plain,0.745,9.72,46.3,-47.5,0.153,0.847,1.766
1232,32,20,-5.72,17.61,regolith_plain,0.736,8.77,43.5,-45.0,0.172,0.828,1.803
1233,33,20,-9.56,10.87,regolith_plain,0.711,9.53,58.6,-38.7,0.115,0.885,1.651
1234,34,20,-8.78,9.02,regolith_plain,0.702,9.66,62.0,-40.7,0.125,0.875,1.531
1235,35,20,-4.43,14.99,regolith_plain,0.681,8.83,48.8,-41.8,0.15,0.85,1.803
1236,36,20,-4.09,18.18,regolith_plain,0.635,8.58,50.2,-46.4,0.174,0.826,1.791
1237,37,20,-1.31,10.25,regolith_plain,0.576,10.09,62.2,-38.3,0.114,0.886,1.433
1238,38,20,2.41,9.86,regolith_plain,0.54,10.46,62.9,-29.2,0.118,0.882,1.427
1239,39,20,0.76,11.19,regolith_plain,0.508,10.58,67.0,-31.0,0.096,0.904,1.523
1240,40,20,-2.71,7.94,regolith_plain,0.488,11.88,68.9,-31.3,0.114,0.886,1.393
1241,41,20,-4.56,1.95,regolith_plain,0.47,13.84,61.9,-38.7,0.089,0.911,1.226
1242,42,20,-3.97,4.58,regolith_plain,0.472,14.5,75.1,-36.3,0.097,0.903,1.27
1243,43,20,-2.07,3.15,regolith_plain,0.48,15.97,63.3,-39.0,0.088,0.912,1.304
1244,44,20,-3.71,8.38,regolith_plain,0.483,15.17,67.0,-33.2,0.124,0.876,1.462
1245,45,20,-7.61,6.87,regolith_plain,0.458,14.91,62.8,-31.0,0.12,0.88,1.377
1246,46,20,-5.45,3.1,regolith_plain,0.422,14.98,64.1,-30.4,0.1,0.9,1.236
1247,47,20,-5.49,4.07,regolith_plain,0.39,14.34,54.7,-34.8,0.075,0.925,1.141
1248,48,20,-7.89,5.58,regolith_plain,0.364,15.63,62.8,-37.5,0.135,0.865,1.221
1249,49,20,-7.56,1.07,regolith_plain,0.335,18.32,59.5,-35.9,0.084,0.916,1.123
1250,50,20,-8.63,7.49,regolith_plain,0.334,19.36,67.6,-34.6,0.14,0.86,1.352
1251,51,20,-11.8,9.29,regolith_plain,0.313,20.9,68.9,-33.8,0.163,0.837,1.431
1252,52,20,-13.84,7.48,regolith_plain,0.322,20.38,57.0,-28.9,0.136,0.864,1.335
1253,53,20,-15.01,7.15,regolith_plain,0.339,19.29,63.9,-41.6,0.142,0.858,1.274
1254,54,20,-11.9,15.72,regolith_plain,0.398,16.85,48.4,-40.7,0.155,0.845,1.602
1255,55,20,-7.14,19.99,regolith_plain,0.452,15.06,44.2,-36.2,0.17,0.83,1.806
1256,56,20,-7.25,9.14,regolith_plain,0.382,17.1,64.6,-40.0,0.145,0.855,1.435
1257,57,20,-3.22,7.14,regolith_plain,0.325,17.91,61.9,-37.7,0.135,0.865,1.277
1258,58,20,-3.96,12.7,regolith_plain,0.296,17.59,66.5,-35.6,0.181,0.819,1.373
1259,59,20,3.99,25.88,regolith_plain,0.287,16.13,38.6,-44.0,0.234,0.766,2.018
1260,0,21,-38.09,25.24,rock_field,0.847,0.0,48.2,-44.5,0.331,0.669,3.197
1261,1,21,-39.83,20.6,rock_field,0.828,0.25,47.9,-35.9,0.309,0.691,3.044
1262,2,21,-38.65,19.1,rock_field,0.812,2.37,53.8,-33.8,0.304,0.696,3.031
1263,3,21,-38.71,16.07,rock_field,0.754,4.71,49.6,-36.1,0.273,0.727,2.686
1264,4,21,-38.4,5.91,crater_floor,0.69,7.89,63.2,-37.2,0.13,0.87,1.586
1265,5,21,-36.14,10.73,crater_floor,0.721,5.65,57.5,-35.1,0.149,0.851,1.765
1266,6,21,-31.65,14.7,regolith_plain,0.72,3.53,48.8,-41.9,0.123,0.877,1.72
1267,7,21,-26.01,8.21,regolith_plain,0.618,2.98,64.9,-33.9,0.082,0.918,1.313
1268,8,21,-25.9,11.41,regolith_plain,0.587,1.31,61.4,-25.0,0.082,0.918,1.42
1269,9,21,-33.76,19.91,regolith_plain,0.658,1.07,51.7,-36.6,0.149,0.851,1.711
1270,10,21,-38.75,13.36,crater_floor,0.656,3.13,64.5,-37.5,0.148,0.852,1.76
1271,11,21,-38.23,9.44,crater_floor,0.608,4.79,68.3,-30.8,0.127,0.873,1.629
1272,12,21,-40.65,10.64,crater_floor,0.619,5.55,56.0,-41.3,0.13,0.87,1.779
1273,13,21,-36.02,10.7,crater_floor,0.669,5.99,60.5,-39.2,0.155,0.845,1.755
1274,14,21,-33.29,7.57,regolith_plain,0.684,6.91,57.9,-39.6,0.076,0.924,1.442
1275,15,21,-33.86,6.44,crater_floor,0.691,7.53,63.1,-35.5,0.142,0.858,1.575
1276,16,21,-32.89,7.52,regolith_plain,0.705,8.06,58.1,-31.7,0.123,0.877,1.455
1277,17,21,-32.06,21.68,rock_field,0.755,7.27,55.9,-33.9,0.319,0.681,3.155
1278,18,21,-26.98,27.58,rock_field,0.772,7.4,41.8,-39.0,0.356,0.644,3.741
1279,19,21,-23.65,20.12,rock_field,0.753,9.54,46.6,-44.1,0.302,0.698,2.971
1280,20,21,-23.06,8.04,rock_field,0.786,11.72,68.3,-34.4,0.252,0.748,2.549
1281,21,21,-23.59,27.89,rock_field,0.866,7.79,26.3,-45.5,0.38,0.62,3.743
1282,22,21,-25.44,33.12,rock_field,0.805,6.06,21.5,-50.6,0.399,0.601,3.788
1283,23,21,-26.35,35.48,rock_field,0.749,4.76,35.7,-44.1,0.392,0.608,3.932
1284,24,21,-27.87,34.78,rock_field,0.761,4.9,32.1,-42.5,0.397,0.603,3.816
1285,25,21,-28.96,33.2,rock_field,0.793,6.64,35.0,-44.8,0.381,0.619,4.085
1286,26,21,-29.13,36.8,rock_field,0.843,7.34,21.6,-47.3,0.424,0.576,4.117
1287,27,21,-25.28,33.61,rock_field,0.86,8.96,32.9,-38.0,0.424,0.576,3.923
1288,28,21,-18.31,35.42,rock_field,0.864,8.9,43.1,-41.5,0.426,0.574,4.292
1289,29,21,-8.27,27.12,rock_field,0.831,9.28,45.1,-35.4,0.385,0.615,3.836
1290,30,21,-2.92,17.07,rock_field,0.781,9.93,52.2,-35.5,0.321,0.679,3.079
1291,31,21,0.09,1.42,regolith_plain,0.706,11.42,65.8,-39.0,0.082,0.918,1.317
1292,32,21,-3.51,14.66,regolith_plain,0.694,8.42,51.5,-42.2,0.112,0.888,1.706
1293,33,21,-7.9,14.01,regolith_plain,0.689,7.37,41.8,-44.4,0.145,0.855,1.628
1294,34,21,-8.14,8.31,regolith_plain,0.692,7.3,62.4,-37.3,0.088,0.912,1.475
1295,35,21,-2.88,11.2,regolith_plain,0.678,6.46,62.8,-34.0,0.087,0.913,1.509
1296,36,21,-0.35,4.35,regolith_plain,0.621,7.86,55.8,-33.8,0.051,0.949,1.294
1297,37,21,-1.59,6.61,regolith_plain,0.564,8.43,58.8,-30.3,0.095,0.905,1.355
1298,38,21,-3.9,3.97,regolith_plain,0.491,9.74,58.7,-34.2,0.078,0.922,1.14
1299,39,21,-3.03,2.54,regolith_plain,0.48,10.86,61.4,-36.4,0.071,0.929,1.119
1300,40,21,-2.77,5.01,regolith_plain,0.508,11.46,64.8,-41.8,0.092,0.908,1.331
1301,41,21,-4.45,5.33,regolith_plain,0.478,12.4,51.6,-37.9,0.073,0.927,1.244
1302,42,21,-4.91,2.78,regolith_plain,0.444,13.78,70.6,-31.6,0.08,0.92,1.179
1303,43,21,-2.51,6.61,regolith_plain,0.475,14.15,67.2,-32.1,0.1,0.9,1.288
1304,44,21,-2.11,6.71,regolith_plain,0.466,14.0,61.1,-26.6,0.108,0.892,1.273
1305,45,21,-6.89,7.03,regolith_plain,0.437,13.43,47.4,-34.8,0.108,0.892,1.34
1306,46,21,-6.38,3.22,regolith_plain,0.391,13.48,60.5,-32.0,0.089,0.911,1.164
1307,47,21,-5.51,6.07,regolith_plain,0.349,12.53,70.7,-35.3,0.104,0.896,1.152
1308,48,21,-4.6,12.28,regolith_plain,0.346,12.84,39.8,-44.4,0.117,0.883,1.467
1309,49,21,-5.99,15.73,regolith_plain,0.361,14.0,50.6,-39.1,0.158,0.842,1.5
1310,50,21,-4.45,19.09,regolith_plain,0.369,15.18,41.9,-44.9,0.185,0.815,1.655
1311,51,21,-6.09,23.06,regolith_plain,0.363,16.19,49.5,-37.3,0.201,0.799,1.91
1312,52,21,-7.82,23.55,regolith_plain,0.403,15.48,40.0,-41.1,0.2,0.8,1.976
1313,53,21,-8.08,21.32,regolith_plain,0.462,14.83,49.0,-43.7,0.178,0.822,1.807
1314,54,21,-4.14,20.52,regolith_plain,0.472,13.98,50.8,-33.8,0.174,0.826,1.918
1315,55,21,1.43,13.84,regolith_plain,0.446,14.0,65.8,-33.0,0.158,0.842,1.566
1316,56,21,-1.88,14.79,regolith_plain,0.404,14.39,52.5,-45.0,0.14,0.86,1.491
1317,57,21,-0.31,7.4,regolith_plain,0.344,16.13,64.1,-34.4,0.104,0.896,1.291
1318,58,21,-3.94,6.49,regolith_plain,0.294,16.9,54.0,-36.7,0.118,0.882,1.203
1319,59,21,-3.09,7.71,regolith_plain,0.248,17.34,68.7,-28.8,0.13,0.87,1.205
1320,0,22,-29.23,21.25,rock_field,0.927,0.0,42.1,-41.6,0.307,0.693,3.281
1321,1,22,-31.74,24.1,rock_field,0.91,0.0,40.1,-37.6,0.311,0.689,3.209
1322,2,22,-31.22,22.32,rock_field,0.878,1.02,45.3,-38.5,0.298,0.702,3.207
1323,3,22,-34.47,15.89,rock_field,0.793,3.78,43.1,-45.5,0.274,0.726,2.698
1324,4,22,-38.46,2.96,crater_floor,0.699,7.33,68.1,-37.6,0.14,0.86,1.496
1325,5,22,-36.01,8.71,crater_floor,0.698,5.7,66.2,-27.9,0.136,0.864,1.781
1326,6,22,-32.38,7.68,regolith_plain,0.668,5.08,63.3,-28.6,0.081,0.919,1.404
1327,7,22,-30.62,10.27,regolith_plain,0.616,3.92,49.2,-36.9,0.098,0.902,1.372
1328,8,22,-27.52,5.12,regolith_plain,0.574,4.15,63.6,-27.2,0.055,0.945,1.274
1329,9,22,-28.04,14.17,regolith_plain,0.641,3.58,58.9,-30.5,0.1,0.9,1.668
1330,10,22,-30.11,21.72,regolith_plain,0.672,3.12,34.8,-40.4,0.158,0.842,1.835
1331,11,22,-34.12,15.26,regolith_plain,0.616,4.77,46.8,-42.8,0.128,0.872,1.698
1332,12,22,-34.71,16.42,regolith_plain,0.643,5.28,57.2,-28.6,0.132,0.868,1.759
1333,13,22,-32.89,13.09,regolith_plain,0.709,6.5,57.2,-33.5,0.133,0.867,1.7
1334,14,22,-31.07,9.14,regolith_plain,0.72,7.81,62.4,-35.5,0.118,0.882,1.496
1335,15,22,-32.41,3.04,regolith_plain,0.702,9.45,77.8,-31.4,0.076,0.924,1.381
1336,16,22,-32.09,6.77,regolith_plain,0.734,9.78,65.4,-32.1,0.106,0.894,1.464
1337,17,22,-27.81,18.14,rock_field,0.791,9.37,54.0,-43.7,0.306,0.694,3.192
1338,18,22,-20.12,15.31,rock_field,0.781,10.68,69.4,-29.0,0.302,0.698,2.989
1339,19,22,-20.41,12.93,rock_field,0.768,11.93,54.5,-40.9,0.282,0.718,2.863
1340,20,22,-29.29,27.4,rock_field,0.834,10.05,35.1,-42.2,0.377,0.623,3.707
1341,21,22,-36.55,32.13,rock_field,0.848,8.45,37.2,-44.9,0.399,0.601,3.84
1342,22,22,-39.05,33.02,rock_field,0.799,7.42,36.3,-44.1,0.373,0.627,4.017
1343,23,22,-41.19,34.48,rock_field,0.75,6.31,28.9,-48.5,0.395,0.605,4.032
1344,24,22,-43.44,33.41,rock_field,0.707,6.32,27.1,-46.8,0.38,0.62,4.017
1345,25,22,-43.05,28.35,rock_field,0.693,8.04,52.7,-29.8,0.366,0.634,3.431
1346,26,22,-40.76,25.67,regolith_plain,0.742,9.05,43.7,-35.1,0.205,0.795,2.283
1347,27,22,-33.63,24.25,rock_field,0.78,9.73,38.9,-40.9,0.348,0.652,3.529
1348,28,22,-28.42,29.22,rock_field,0.802,8.91,43.4,-40.8,0.37,0.63,3.674
1349,29,22,-17.46,31.97,rock_field,0.804,7.81,34.2,-40.4,0.37,0.63,4.086
1350,30,22,-12.11,29.6,rock_field,0.782,7.48,35.9,-38.7,0.349,0.651,3.665
1351,31,22,-2.78,19.28,regolith_plain,0.735,8.34,52.2,-40.9,0.19,0.81,1.908
1352,32,22,1.03,9.81,regolith_plain,0.683,8.35,51.5,-38.1,0.115,0.885,1.6
1353,33,22,-0.72,19.17,regolith_plain,0.72,4.91,51.0,-44.9,0.157,0.843,1.866
1354,34,22,-5.79,12.13,regolith_plain,0.73,4.26,68.1,-27.1,0.1,0.9,1.616
1355,35,22,-5.86,2.26,regolith_plain,0.667,4.85,70.3,-22.6,0.065,0.935,1.206
1356,36,22,-6.84,7.21,regolith_plain,0.615,4.65,59.8,-34.2,0.066,0.934,1.3
1357,37,22,-4.3,9.84,regolith_plain,0.569,5.75,56.1,-44.4,0.095,0.905,1.351
1358,38,22,0.04,18.16,regolith_plain,0.541,6.0,47.6,-36.5,0.144,0.856,1.661
1359,39,22,2.12,17.16,regolith_plain,0.516,7.64,49.6,-42.0,0.163,0.837,1.732
1360,40,22,0.49,12.78,regolith_plain,0.514,9.43,53.7,-39.8,0.124,0.876,1.498
1361,41,22,-1.51,10.2,regolith_plain,0.463,10.75,64.3,-31.1,0.109,0.891,1.341
1362,42,22,-3.9,6.21,regolith_plain,0.415,12.28,52.8,-36.7,0.099,0.901,1.28
1363,43,22,-5.77,9.88,regolith_plain,0.461,12.35,64.3,-35.7,0.122,0.878,1.366
1364,44,22,-5.43,7.42,regolith_plain,0.453,12.47,59.6,-38.0,0.132,0.868,1.339
1365,45,22,-5.15,3.28,regolith_plain,0.426,12.54,68.7,-31.7,0.079,0.921,1.105
1366,46,22,-3.68,8.92,regolith_plain,0.411,11.14,53.4,-39.1,0.096,0.904,1.352
1367,47,22,-1.63,12.55,regolith_plain,0.362,10.04,64.2,-38.0,0.122,0.878,1.33
1368,48,22,0.8,14.14,regolith_plain,0.356,10.77,61.9,-35.7,0.14,0.86,1.506
1369,49,22,3.71,22.63,regolith_plain,0.395,10.85,50.9,-36.9,0.193,0.807,1.733
1370,50,22,5.21,24.85,regolith_plain,0.406,11.87,33.6,-45.1,0.19,0.81,1.962
1371,51,22,4.9,27.76,regolith_plain,0.391,12.85,44.4,-46.4,0.223,0.777,2.132
1372,52,22,3.48,27.78,regolith_plain,0.429,12.34,41.9,-37.6,0.245,0.755,2.045
1373,53,22,0.16,25.33,regolith_plain,0.498,11.91,32.5,-55.8,0.2,0.8,1.999
1374,54,22,-0.33,18.09,regolith_plain,0.488,12.19,50.0,-40.5,0.176,0.824,1.787
1375,55,22,2.46,8.22,regolith_plain,0.444,12.86,63.1,-36.7,0.107,0.893,1.374
1376,56,22,3.17,11.23,regolith_plain,0.39,13.06,61.0,-34.4,0.13,0.87,1.41
1377,57,22,1.55,12.42,regolith_plain,0.33,13.63,57.4,-34.0,0.124,0.876,1.406
1378,58,22,-0.37,11.61,regolith_plain,0.297,14.5,59.0,-31.3,0.135,0.865,1.415
1379,59,22,-1.16,5.63,regolith_plain,0.254,16.15,72.7,-34.0,0.111,0.889,1.168
1380,0,23,-23.37,12.71,rock_field,0.988,0.0,63.4,-30.5,0.262,0.738,2.689
1381,1,23,-22.04,20.56,rock_field,0.966,0.0,30.2,-43.7,0.305,0.695,3.167
1382,2,23,-22.46,25.1,rock_field,0.931,0.0,40.5,-47.7,0.336,0.664,3.354
1383,3,23,-29.93,26.09,rock_field,0.848,1.28,40.3,-33.4,0.318,0.682,3.503
1384,4,23,-37.01,20.75,rock_field,0.753,3.66,36.7,-48.3,0.3,0.7,3.096
1385,5,23,-35.35,17.48,regolith_plain,0.703,4.13,51.3,-35.8,0.122,0.878,1.814
1386,6,23,-31.77,11.61,regolith_plain,0.648,4.99,64.7,-31.3,0.117,0.883,1.544
1387,7,23,-31.4,5.74,regolith_plain,0.597,5.85,57.2,-34.5,0.066,0.934,1.231
1388,8,23,-28.39,10.61,regolith_plain,0.586,5.22,60.4,-36.4,0.102,0.898,1.379
1389,9,23,-24.0,8.82,regolith_plain,0.619,6.02,54.8,-33.1,0.062,0.938,1.395
1390,10,23,-24.02,11.81,regolith_plain,0.638,5.86,53.0,-43.3,0.115,0.885,1.496
1391,11,23,-28.34,14.09,regolith_plain,0.611,5.8,63.4,-33.7,0.111,0.889,1.537
1392,12,23,-28.93,11.06,regolith_plain,0.644,6.68,54.6,-38.8,0.108,0.892,1.525
1393,13,23,-27.46,8.53,regolith_plain,0.729,8.05,63.4,-36.3,0.115,0.885,1.601
1394,14,23,-26.87,8.89,rock_field,0.751,8.99,49.0,-37.0,0.247,0.753,2.497
1395,15,23,-31.99,11.64,regolith_plain,0.745,9.57,68.4,-27.7,0.141,0.859,1.736
1396,16,23,-31.71,12.75,rock_field,0.779,10.49,59.6,-36.6,0.276,0.724,2.816
1397,17,23,-26.71,18.74,rock_field,0.83,10.85,48.3,-36.1,0.336,0.664,3.174
1398,18,23,-18.9,4.21,rock_field,0.788,13.79,68.8,-32.1,0.241,0.759,2.389
1399,19,23,-24.23,27.49,rock_field,0.839,11.05,31.3,-48.7,0.376,0.624,3.633
1400,20,23,-36.08,34.34,rock_field,0.851,10.24,39.3,-43.3,0.416,0.584,4.131
1401,21,23,-46.74,28.72,rock_field,0.811,10.25,36.5,-44.5,0.378,0.622,3.734
1402,22,23,-51.02,25.64,rock_field,0.771,9.88,40.6,-44.6,0.341,0.659,3.525
1403,23,23,-53.47,25.18,regolith_plain,0.727,9.11,39.4,-40.4,0.203,0.797,2.204
1404,24,23,-54.18,25.18,regolith_plain,0.645,8.78,38.8,-41.4,0.211,0.789,2.005
1405,25,23,-50.38,26.1,regolith_plain,0.617,9.06,45.5,-46.4,0.213,0.787,2.17
1406,26,23,-45.9,25.01,regolith_plain,0.681,9.19,44.0,-47.1,0.214,0.786,2.189
1407,27,23,-38.41,24.04,regolith_plain,0.733,9.12,47.5,-37.6,0.211,0.789,2.193
1408,28,23,-33.77,24.03,rock_field,0.751,8.77,43.5,-43.9,0.332,0.668,3.422
1409,29,23,-27.16,31.01,rock_field,0.772,7.21,39.0,-40.9,0.369,0.631,3.628
1410,30,23,-20.27,35.56,rock_field,0.778,6.01,28.4,-42.5,0.398,0.602,4.015
1411,31,23,-4.73,33.21,rock_field,0.766,5.85,46.8,-44.3,0.394,0.606,3.997
1412,32,23,3.09,12.61,regolith_plain,0.703,7.14,46.7,-45.0,0.128,0.872,1.608
1413,33,23,4.22,16.53,regolith_plain,0.735,3.62,59.4,-27.9,0.13,0.87,1.726
1414,34,23,-1.26,22.24,rock_field,0.781,0.27,53.7,-34.8,0.282,0.718,2.979
1415,35,23,-1.71,20.88,regolith_plain,0.726,0.0,41.9,-42.0,0.159,0.841,1.859
1416,36,23,-5.17,20.03,regolith_plain,0.643,0.0,61.3,-37.3,0.15,0.85,1.682
1417,37,23,-0.7,23.16,regolith_plain,0.604,1.56,50.5,-39.5,0.139,0.861,1.852
1418,38,23,7.55,18.56,regolith_plain,0.553,4.33,55.4,-40.8,0.147,0.853,1.744
1419,39,23,9.32,13.2,regolith_plain,0.502,7.22,55.6,-32.7,0.122,0.878,1.471
1420,40,23,5.55,17.35,regolith_plain,0.51,7.87,49.6,-41.5,0.137,0.863,1.734
1421,41,23,1.26,17.31,regolith_plain,0.456,8.76,49.7,-34.1,0.151,0.849,1.705
1422,42,23,-4.02,15.34,regolith_plain,0.407,9.93,55.5,-38.2,0.13,0.87,1.495
1423,43,23,-9.31,6.52,regolith_plain,0.434,11.55,71.2,-35.4,0.093,0.907,1.229
1424,44,23,-7.29,7.44,regolith_plain,0.441,11.04,62.9,-35.8,0.099,0.901,1.272
1425,45,23,-5.42,8.68,regolith_plain,0.434,10.27,55.0,-47.3,0.116,0.884,1.363
1426,46,23,-1.18,11.36,regolith_plain,0.414,9.29,62.4,-34.6,0.112,0.888,1.436
1427,47,23,2.19,8.68,regolith_plain,0.344,9.11,66.0,-33.5,0.091,0.909,1.179
1428,48,23,3.95,11.89,regolith_plain,0.356,9.33,60.8,-31.3,0.122,0.878,1.329
1429,49,23,10.09,16.1,regolith_plain,0.401,9.72,56.8,-43.7,0.151,0.849,1.512
1430,50,23,14.04,12.47,regolith_plain,0.405,11.28,54.7,-32.4,0.122,0.878,1.395
1431,51,23,14.89,16.0,regolith_plain,0.389,11.97,46.8,-36.5,0.143,0.857,1.618
1432,52,23,12.71,17.75,regolith_plain,0.427,11.35,45.3,-35.3,0.152,0.848,1.632
1433,53,23,10.47,20.72,regolith_plain,0.514,10.27,37.4,-43.2,0.188,0.812,1.768
1434,54,23,8.72,21.46,regolith_plain,0.521,9.53,47.8,-35.2,0.182,0.818,1.854
1435,55,23,6.03,13.79,regolith_plain,0.477,10.04,54.3,-42.9,0.129,0.871,1.604
1436,56,23,6.01,10.44,regolith_plain,0.388,11.31,55.9,-33.7,0.128,0.872,1.392
1437,57,23,7.76,15.64,regolith_plain,0.317,11.4,35.1,-47.0,0.142,0.858,1.544
1438,58,23,3.82,13.13,regolith_plain,0.293,12.65,48.1,-46.0,0.138,0.862,1.335
1439,59,23,0.52,9.47,regolith_plain,0.273,14.06,66.3,-37.7,0.111,0.889,1.297
1440,0,24,-20.61,12.13,rock_field,0.983,0.0,52.7,-36.5,0.269,0.731,2.645
1441,1,24,-16.76,14.73,rock_field,0.929,0.0,56.0,-38.7,0.26,0.74,2.895
1442,2,24,-14.22,19.04,rock_field,0.877,0.0,40.7,-39.2,0.279,0.721,2.963
1443,3,24,-21.36,26.06,rock_field,0.805,0.52,50.0,-44.8,0.327,0.673,3.415
1444,4,24,-24.31,31.44,rock_field,0.737,1.55,34.6,-51.6,0.329,0.671,3.668
1445,5,24,-24.55,26.08,regolith_plain,0.701,2.78,43.1,-34.7,0.176,0.824,2.054
1446,6,24,-25.17,18.82,regolith_plain,0.655,4.28,63.2,-29.7,0.154,0.846,1.817
1447,7,24,-28.44,10.17,regolith_plain,0.595,6.0,67.9,-36.0,0.085,0.915,1.495
1448,8,24,-28.7,7.0,regolith_plain,0.551,6.99,60.5,-34.5,0.104,0.896,1.308
1449,9,24,-23.62,8.3,regolith_plain,0.568,7.39,57.3,-31.6,0.091,0.909,1.401
1450,10,24,-22.95,3.28,regolith_plain,0.579,8.34,64.4,-31.6,0.046,0.954,1.174
1451,11,24,-25.36,6.17,regolith_plain,0.601,8.11,66.3,-32.0,0.054,0.946,1.351
1452,12,24,-26.94,2.82,regolith_plain,0.644,9.01,66.3,-28.3,0.083,0.917,1.314
1453,13,24,-27.25,0.6,regolith_plain,0.71,10.55,67.0,-35.5,0.07,0.93,1.289
1454,14,24,-26.76,2.32,regolith_plain,0.732,11.5,76.2,-29.3,0.084,0.916,1.455
1455,15,24,-25.74,11.29,regolith_plain,0.746,11.37,56.9,-36.3,0.142,0.858,1.751
1456,16,24,-24.74,14.67,rock_field,0.769,12.08,67.7,-33.6,0.279,0.721,2.798
1457,17,24,-23.33,9.88,rock_field,0.769,13.93,59.7,-37.1,0.275,0.725,2.572
1458,18,24,-21.7,16.75,rock_field,0.796,13.43,62.3,-34.3,0.308,0.692,2.988
1459,19,24,-32.16,36.36,rock_field,0.857,11.02,32.1,-44.7,0.432,0.568,4.296
1460,20,24,-44.78,33.78,rock_field,0.815,11.44,38.6,-46.8,0.409,0.591,4.085
1461,21,24,-52.58,22.08,regolith_plain,0.741,12.23,41.4,-38.5,0.209,0.791,2.135
1462,22,24,-57.04,16.19,regolith_plain,0.711,12.15,47.1,-43.6,0.166,0.834,1.805
1463,23,24,-59.72,15.48,regolith_plain,0.687,11.29,55.7,-37.5,0.153,0.847,1.82
1464,24,24,-61.98,18.9,regolith_plain,0.64,10.24,55.1,-37.9,0.159,0.841,1.84
1465,25,24,-60.81,24.62,regolith_plain,0.635,9.49,43.2,-39.4,0.183,0.817,2.146
1466,26,24,-55.08,28.15,rock_field,0.691,8.53,31.3,-53.4,0.335,0.665,3.352
1467,27,24,-46.72,27.2,regolith_plain,0.736,8.02,31.9,-41.1,0.208,0.792,2.24
1468,28,24,-42.26,25.4,rock_field,0.755,7.59,33.5,-46.7,0.347,0.653,3.427
1469,29,24,-37.35,29.49,rock_field,0.777,6.24,27.0,-41.3,0.352,0.648,3.623
1470,30,24,-29.84,35.0,rock_field,0.805,4.67,32.2,-46.1,0.386,0.614,3.945
1471,31,24,-14.61,42.07,rock_field,0.832,2.87,30.5,-44.8,0.425,0.575,4.544
1472,32,24,1.32,32.34,rock_field,0.814,2.32,34.3,-35.6,0.364,0.636,3.811
1473,33,24,10.33,17.07,rock_field,0.782,1.51,37.7,-43.1,0.274,0.726,2.788
1474,34,24,9.46,23.24,rock_field,0.791,0.0,43.3,-34.9,0.299,0.701,3.204
1475,35,24,8.89,21.47,regolith_plain,0.748,0.0,45.4,-39.0,0.165,0.835,1.862
1476,36,24,7.7,24.34,regolith_plain,0.703,0.0,55.8,-33.8,0.155,0.845,1.912
1477,37,24,7.15,15.73,regolith_plain,0.615,1.3,44.0,-39.5,0.118,0.882,1.643
1478,38,24,8.98,6.61,regolith_plain,0.526,4.98,60.4,-31.0,0.083,0.917,1.241
1479,39,24,11.29,4.87,regolith_plain,0.475,7.55,74.9,-32.3,0.069,0.931,1.145
1480,40,24,10.03,11.96,regolith_plain,0.485,7.78,59.5,-38.9,0.101,0.899,1.379
1481,41,24,6.49,19.33,regolith_plain,0.459,7.47,52.1,-40.1,0.16,0.84,1.726
1482,42,24,-0.95,17.53,regolith_plain,0.417,8.52,51.4,-37.5,0.149,0.851,1.606
1483,43,24,-2.57,19.49,regolith_plain,0.478,8.18,50.5,-39.0,0.162,0.838,1.726
1484,44,24,-1.95,13.98,regolith_plain,0.466,8.47,59.3,-32.3,0.136,0.864,1.531
1485,45,24,-5.16,9.9,regolith_plain,0.425,8.43,54.3,-31.6,0.099,0.901,1.253
1486,46,24,-1.07,10.13,regolith_plain,0.39,7.73,64.1,-37.2,0.096,0.904,1.317
1487,47,24,1.68,6.85,regolith_plain,0.338,7.57,54.2,-39.7,0.108,0.892,1.134
1488,48,24,3.73,11.5,regolith_plain,0.386,7.35,59.3,-40.7,0.113,0.887,1.275
1489,49,24,9.32,12.55,regolith_plain,0.464,7.95,57.3,-27.6,0.127,0.873,1.467
1490,50,24,12.63,9.88,regolith_plain,0.494,9.11,55.4,-35.3,0.113,0.887,1.399
1491,51,24,16.29,4.13,regolith_plain,0.459,11.06,65.3,-31.3,0.089,0.911,1.209
1492,52,24,15.49,3.04,regolith_plain,0.462,11.05,62.9,-39.4,0.075,0.925,1.109
1493,53,24,14.75,5.7,regolith_plain,0.51,10.22,57.3,-36.0,0.094,0.906,1.327
1494,54,24,14.75,9.17,regolith_plain,0.517,9.27,57.8,-33.7,0.095,0.905,1.444
1495,55,24,11.89,10.43,regolith_plain,0.499,8.64,51.9,-38.7,0.09,0.91,1.406
1496,56,24,10.34,9.39,regolith_plain,0.4,9.64,61.6,-30.1,0.095,0.905,1.256
1497,57,24,12.54,8.69,regolith_plain,0.292,10.68,53.5,-28.1,0.103,0.897,1.205
1498,58,24,5.52,17.93,regolith_plain,0.288,10.22,54.6,-40.7,0.155,0.845,1.522
1499,59,24,-0.2,15.97,regolith_plain,0.265,11.45,45.3,-44.4,0.151,0.849,1.389
1500,0,25,-19.52,16.71,rock_field,0.935,0.0,48.2,-41.6,0.273,0.727,2.893
1501,1,25,-13.69,14.31,rock_field,0.86,0.0,50.5,-30.9,0.236,0.764,2.694
1502,2,25,-9.44,1.78,rock_field,0.757,0.95,76.0,-24.3,0.169,0.831,1.827
1503,3,25,-13.16,13.31,regolith_plain,0.71,1.94,57.3,-35.7,0.096,0.904,1.547
1504,4,25,-12.77,21.04,regolith_plain,0.664,3.35,45.6,-39.2,0.156,0.844,1.864
1505,5,25,-15.79,13.8,regolith_plain,0.648,4.83,57.8,-38.5,0.121,0.879,1.625
1506,6,25,-18.7,14.21,regolith_plain,0.638,5.16,41.7,-37.4,0.116,0.884,1.554
1507,7,25,-25.15,12.86,regolith_plain,0.588,5.76,55.6,-37.6,0.098,0.902,1.519
1508,8,25,-27.43,3.4,regolith_plain,0.515,7.77,78.3,-29.4,0.061,0.939,1.112
1509,9,25,-22.97,7.34,regolith_plain,0.515,8.3,62.7,-31.4,0.114,0.886,1.277
1510,10,25,-22.53,6.3,regolith_plain,0.537,9.03,63.5,-34.4,0.088,0.912,1.275
1511,11,25,-26.66,10.29,regolith_plain,0.589,9.01,62.0,-35.2,0.113,0.887,1.548
1512,12,25,-28.38,5.94,regolith_plain,0.626,10.39,68.8,-31.9,0.084,0.916,1.379
1513,13,25,-27.84,8.11,regolith_plain,0.677,11.41,49.1,-35.8,0.105,0.895,1.507
1514,14,25,-26.28,7.67,regolith_plain,0.688,12.81,51.5,-31.7,0.128,0.872,1.559
1515,15,25,-24.27,7.2,regolith_plain,0.683,14.22,63.3,-31.9,0.096,0.904,1.469
1516,16,25,-21.52,6.16,regolith_plain,0.683,15.62,58.9,-32.7,0.111,0.889,1.464
1517,17,25,-20.45,9.7,regolith_plain,0.688,15.97,67.2,-33.9,0.159,0.841,1.622
1518,18,25,-27.08,30.72,rock_field,0.753,12.99,34.3,-47.1,0.393,0.607,4.032
1519,19,25,-42.52,37.87,rock_field,0.788,12.1,16.7,-47.7,0.422,0.578,4.25
1520,20,25,-53.37,26.84,regolith_plain,0.717,13.41,32.9,-44.2,0.242,0.758,2.378
1521,21,25,-57.37,16.49,regolith_plain,0.657,13.59,35.4,-49.7,0.165,0.835,1.787
1522,22,25,-60.18,13.51,crater_floor,0.661,12.66,53.7,-38.8,0.171,0.829,2.008
1523,23,25,-63.38,12.91,crater_floor,0.665,11.38,54.7,-37.3,0.182,0.818,1.97
1524,24,25,-67.84,8.83,crater_floor,0.628,11.23,57.7,-38.0,0.151,0.849,1.764
1525,25,25,-67.36,10.36,crater_floor,0.616,11.16,65.1,-27.4,0.158,0.842,1.842
1526,26,25,-62.02,20.71,regolith_plain,0.669,9.12,54.4,-34.9,0.183,0.817,1.898
1527,27,25,-54.48,23.07,regolith_plain,0.713,8.03,43.6,-35.1,0.181,0.819,2.024
1528,28,25,-50.29,19.59,regolith_plain,0.73,7.42,35.6,-42.2,0.175,0.825,1.956
1529,29,25,-46.07,22.27,regolith_plain,0.75,5.44,49.2,-38.0,0.184,0.816,2.105
1530,30,25,-36.62,31.66,rock_field,0.793,2.46,38.5,-45.5,0.373,0.627,3.589
1531,31,25,-22.98,43.84,rock_field,0.842,0.0,23.6,-46.7,0.424,0.576,4.554
1532,32,25,-1.33,43.79,rock_field,0.869,0.0,27.7,-45.2,0.447,0.553,4.802
1533,33,25,13.42,23.86,rock_field,0.826,0.0,36.8,-47.6,0.318,0.682,3.092
1534,34,25,15.86,2.85,regolith_plain,0.749,0.0,78.9,-29.5,0.043,0.957,1.266
1535,35,25,13.93,4.31,regolith_plain,0.729,0.0,59.5,-35.5,0.051,0.949,1.291
1536,36,25,12.85,4.93,regolith_plain,0.699,0.77,69.1,-29.2,0.031,0.969,1.223
1537,37,25,10.49,5.86,regolith_plain,0.623,2.63,53.4,-34.7,0.058,0.942,1.286
1538,38,25,9.65,3.76,regolith_plain,0.534,4.96,60.3,-36.7,0.059,0.941,1.15
1539,39,25,12.56,4.29,regolith_plain,0.483,6.88,74.4,-27.8,0.06,0.94,1.148
1540,40,25,12.53,6.78,regolith_plain,0.477,7.61,61.0,-35.1,0.091,0.909,1.288
1541,41,25,9.99,11.68,regolith_plain,0.453,7.53,62.2,-45.5,0.114,0.886,1.419
1542,42,25,4.79,13.71,regolith_plain,0.427,7.88,56.3,-38.0,0.144,0.856,1.489
1543,43,25,4.81,15.34,regolith_plain,0.484,7.19,52.5,-33.0,0.123,0.877,1.482
1544,44,25,2.33,8.9,regolith_plain,0.47,7.4,68.4,-38.5,0.099,0.901,1.321
1545,45,25,1.51,10.83,regolith_plain,0.446,6.31,56.7,-35.3,0.086,0.914,1.371
1546,46,25,0.88,5.64,regolith_plain,0.405,6.29,53.1,-30.7,0.066,0.934,1.073
1547,47,25,1.96,8.5,regolith_plain,0.385,5.06,55.8,-39.0,0.086,0.914,1.213
1548,48,25,6.75,12.06,regolith_plain,0.446,4.85,60.0,-34.5,0.108,0.892,1.398
1549,49,25,10.22,10.73,regolith_plain,0.534,5.65,60.6,-39.6,0.093,0.907,1.389
1550,50,25,14.24,6.24,regolith_plain,0.574,6.94,53.7,-30.4,0.086,0.914,1.259
1551,51,25,14.48,3.54,regolith_plain,0.558,8.4,61.8,-34.6,0.079,0.921,1.241
1552,52,25,14.18,2.9,regolith_plain,0.531,8.56,63.3,-33.5,0.054,0.946,1.235
1553,53,25,14.39,3.25,regolith_plain,0.524,8.31,64.2,-27.9,0.06,0.94,1.212
1554,54,25,14.51,7.23,regolith_plain,0.517,7.52,53.8,-34.3,0.08,0.92,1.289
1555,55,25,11.92,7.03,regolith_plain,0.495,7.36,58.5,-38.8,0.076,0.924,1.254
1556,56,25,12.59,5.22,regolith_plain,0.384,8.48,59.9,-37.5,0.088,0.912,1.137
1557,57,25,11.52,16.64,regolith_plain,0.295,7.68,56.3,-34.1,0.153,0.847,1.44
1558,58,25,6.1,16.57,regolith_plain,0.251,8.61,56.6,-38.5,0.141,0.859,1.35
1559,59,25,-0.05,17.1,regolith_plain,0.218,9.44,50.3,-46.8,0.156,0.844,1.445
1560,0,26,-17.7,7.41,rock_field,0.879,0.0,59.5,-34.4,0.228,0.772,2.307
1561,1,26,-15.16,6.6,rock_field,0.783,0.0,63.6,-38.7,0.203,0.797,2.225
1562,2,26,-13.09,4.06,regolith_plain,0.686,0.81,60.6,-27.4,0.044,0.956,1.297
1563,3,26,-12.5,7.11,regolith_plain,0.641,3.45,55.3,-35.3,0.063,0.937,1.335
1564,4,26,-9.15,8.73,regolith_plain,0.607,6.09,54.8,-40.1,0.094,0.906,1.442
1565,5,26,-16.72,16.92,regolith_plain,0.666,4.83,47.6,-41.6,0.125,0.875,1.8
1566,6,26,-21.29,14.43,regolith_plain,0.663,5.18,47.1,-46.6,0.121,0.879,1.631
1567,7,26,-25.74,9.58,regolith_plain,0.569,5.87,60.4,-38.8,0.086,0.914,1.401
1568,8,26,-27.76,2.67,regolith_plain,0.484,7.17,71.4,-26.6,0.041,0.959,1.08
1569,9,26,-25.21,8.59,regolith_plain,0.49,7.69,51.0,-29.0,0.091,0.909,1.255
1570,10,26,-25.38,10.62,regolith_plain,0.516,8.23,58.5,-32.5,0.104,0.896,1.481
1571,11,26,-29.67,9.66,regolith_plain,0.549,9.21,58.1,-36.0,0.095,0.905,1.37
1572,12,26,-30.93,10.63,regolith_plain,0.577,10.01,60.4,-36.6,0.126,0.874,1.554
1573,13,26,-32.55,11.06,regolith_plain,0.587,11.3,57.8,-39.7,0.128,0.872,1.55
1574,14,26,-30.79,9.56,regolith_plain,0.596,12.88,50.8,-30.3,0.119,0.881,1.477
1575,15,26,-27.43,13.71,regolith_plain,0.62,13.61,47.3,-40.5,0.157,0.843,1.697
1576,16,26,-22.74,11.46,regolith_plain,0.622,15.11,57.6,-27.9,0.153,0.847,1.705
1577,17,26,-19.36,11.03,regolith_plain,0.619,15.73,64.0,-28.6,0.154,0.846,1.713
1578,18,26,-30.51,36.65,rock_field,0.67,11.96,16.4,-57.4,0.409,0.591,4.139
1579,19,26,-48.78,35.91,rock_field,0.655,12.14,32.6,-47.5,0.419,0.581,4.026
1580,20,26,-58.53,20.11,regolith_plain,0.617,14.05,55.0,-39.8,0.186,0.814,1.995
1581,21,26,-62.27,11.54,crater_floor,0.627,13.8,56.4,-37.0,0.179,0.821,1.868
1582,22,26,-64.53,6.78,crater_floor,0.646,12.97,65.8,-33.5,0.141,0.859,1.626
1583,23,26,-64.77,3.46,crater_floor,0.665,11.94,62.0,-22.5,0.125,0.875,1.561
1584,24,26,-66.76,2.13,crater_floor,0.658,11.4,66.9,-37.0,0.124,0.876,1.509
1585,25,26,-65.23,6.24,crater_floor,0.654,11.23,53.4,-36.5,0.155,0.845,1.684
1586,26,26,-63.01,8.74,crater_floor,0.662,10.59,46.3,-37.4,0.15,0.85,1.831
1587,27,26,-59.08,13.97,crater_floor,0.695,9.24,60.3,-34.8,0.172,0.828,1.993
1588,28,26,-53.74,18.64,regolith_plain,0.725,7.25,43.6,-40.0,0.184,0.816,1.956
1589,29,26,-46.38,21.32,regolith_plain,0.724,4.7,43.8,-44.3,0.164,0.836,1.95
1590,30,26,-38.5,22.82,regolith_plain,0.714,2.33,36.6,-42.0,0.153,0.847,1.971
1591,31,26,-29.78,35.73,rock_field,0.751,0.0,22.2,-45.2,0.366,0.634,3.895
1592,32,26,-10.76,43.35,rock_field,0.811,0.0,21.3,-46.2,0.403,0.597,4.688
1593,33,26,6.15,32.13,rock_field,0.809,0.0,30.3,-42.1,0.368,0.632,3.844
1594,34,26,11.38,12.72,rock_field,0.753,0.0,58.3,-29.0,0.216,0.784,2.366
1595,35,26,8.88,9.92,regolith_plain,0.727,0.63,61.8,-29.7,0.079,0.921,1.535
1596,36,26,7.97,9.76,regolith_plain,0.687,2.15,61.2,-33.5,0.075,0.925,1.492
1597,37,26,9.72,5.22,regolith_plain,0.605,4.39,65.7,-37.1,0.06,0.94,1.219
1598,38,26,10.6,4.62,regolith_plain,0.53,6.04,74.4,-32.0,0.078,0.922,1.153
1599,39,26,12.12,4.99,regolith_plain,0.483,7.55,58.1,-36.3,0.074,0.926,1.173
1600,40,26,14.04,3.92,regolith_plain,0.473,8.48,65.4,-32.0,0.054,0.946,1.179
1601,41,26,9.39,9.98,regolith_plain,0.471,7.96,65.8,-34.7,0.124,0.876,1.391
1602,42,26,7.32,7.16,regolith_plain,0.446,8.76,69.7,-35.2,0.091,0.909,1.237
1603,43,26,8.12,9.62,regolith_plain,0.477,7.59,50.9,-42.7,0.107,0.893,1.351
1604,44,26,3.38,11.84,regolith_plain,0.475,6.34,55.1,-43.0,0.091,0.909,1.425
1605,45,26,2.36,3.34,regolith_plain,0.461,6.73,74.5,-30.5,0.077,0.923,1.056
1606,46,26,2.85,4.09,regolith_plain,0.455,5.73,68.5,-37.5,0.053,0.947,1.119
1607,47,26,0.5,9.88,regolith_plain,0.426,3.98,60.3,-38.3,0.069,0.931,1.224
1608,48,26,5.91,12.76,regolith_plain,0.458,3.78,54.7,-37.8,0.103,0.897,1.399
1609,49,26,8.18,11.07,regolith_plain,0.501,4.54,55.5,-41.4,0.104,0.896,1.31
1610,50,26,11.65,11.19,regolith_plain,0.559,5.04,59.4,-33.2,0.103,0.897,1.489
1611,51,26,13.82,4.78,regolith_plain,0.587,7.01,63.2,-30.6,0.072,0.928,1.242
1612,52,26,13.47,7.06,regolith_plain,0.558,6.81,62.0,-36.2,0.084,0.916,1.356
1613,53,26,12.5,9.78,regolith_plain,0.513,6.3,59.7,-36.5,0.095,0.905,1.424
1614,54,26,10.32,16.54,regolith_plain,0.516,5.18,47.7,-36.7,0.114,0.886,1.568
1615,55,26,7.35,16.5,regolith_plain,0.516,5.09,55.0,-39.1,0.127,0.873,1.644
1616,56,26,6.7,15.96,regolith_plain,0.437,5.86,69.9,-34.2,0.125,0.875,1.472
1617,57,26,2.5,20.74,regolith_plain,0.357,5.89,36.5,-38.0,0.171,0.829,1.62
1618,58,26,2.74,13.05,regolith_plain,0.271,7.8,57.6,-32.1,0.13,0.87,1.237
1619,59,26,-0.64,10.7,regolith_plain,0.201,8.9,53.7,-34.7,0.104,0.896,1.124
1620,0,27,-20.64,18.32,rock_field,0.868,0.0,53.3,-32.6,0.289,0.711,3.029
1621,1,27,-14.04,14.36,regolith_plain,0.75,0.0,54.5,-43.8,0.113,0.887,1.642
1622,2,27,-10.41,5.62,regolith_plain,0.626,1.36,68.4,-25.8,0.035,0.965,1.269
1623,3,27,-10.11,5.89,regolith_plain,0.596,4.63,70.6,-29.2,0.04,0.96,1.31
1624,4,27,-8.31,9.18,regolith_plain,0.585,7.19,61.1,-30.3,0.1,0.9,1.433
1625,5,27,-16.56,21.12,regolith_plain,0.658,4.78,53.6,-35.2,0.152,0.848,1.809
1626,6,27,-23.65,14.76,regolith_plain,0.645,5.12,39.7,-41.4,0.113,0.887,1.579
1627,7,27,-27.1,8.55,regolith_plain,0.538,5.43,70.1,-32.1,0.075,0.925,1.365
1628,8,27,-29.22,2.1,regolith_plain,0.451,6.17,69.9,-29.7,0.054,0.946,1.077
1629,9,27,-28.52,0.94,regolith_plain,0.437,7.94,75.4,-30.6,0.058,0.942,1.041
1630,10,27,-28.57,2.98,regolith_plain,0.462,8.7,59.4,-31.6,0.073,0.927,1.152
1631,11,27,-30.6,9.88,regolith_plain,0.514,8.73,54.1,-43.3,0.086,0.914,1.39
1632,12,27,-35.32,8.62,crater_floor,0.52,10.03,61.4,-36.7,0.134,0.866,1.64
1633,13,27,-35.66,8.81,crater_floor,0.5,11.32,60.2,-26.9,0.139,0.861,1.653
1634,14,27,-30.66,9.27,regolith_plain,0.505,12.57,61.5,-37.2,0.122,0.878,1.432
1635,15,27,-29.78,14.54,regolith_plain,0.533,13.1,60.5,-36.1,0.132,0.868,1.717
1636,16,27,-20.83,12.34,regolith_plain,0.534,14.47,45.8,-43.9,0.134,0.866,1.67
1637,17,27,-21.12,15.22,regolith_plain,0.539,14.25,59.1,-34.4,0.156,0.844,1.655
1638,18,27,-31.54,35.73,rock_field,0.576,11.23,30.7,-48.3,0.406,0.594,3.77
1639,19,27,-49.87,34.87,rock_field,0.559,11.42,30.4,-46.2,0.395,0.605,3.886
1640,20,27,-59.08,19.08,regolith_plain,0.538,13.3,40.2,-38.9,0.18,0.82,1.901
1641,21,27,-62.92,8.43,crater_floor,0.577,13.3,63.7,-36.8,0.151,0.849,1.679
1642,22,27,-64.23,9.14,crater_floor,0.63,11.6,45.5,-37.1,0.164,0.836,1.779
1643,23,27,-64.32,7.97,crater_floor,0.677,10.18,65.1,-29.9,0.158,0.842,1.737
1644,24,27,-66.42,1.38,crater_floor,0.684,10.55,59.5,-31.0,0.115,0.885,1.509
1645,25,27,-65.11,7.95,crater_floor,0.698,10.41,61.6,-33.9,0.161,0.839,1.782
1646,26,27,-61.93,10.21,crater_floor,0.699,10.12,58.1,-22.7,0.19,0.81,1.827
1647,27,27,-58.11,10.16,crater_floor,0.709,9.85,65.8,-28.7,0.17,0.83,1.783
1648,28,27,-54.82,12.51,crater_floor,0.717,8.14,55.2,-35.2,0.171,0.829,1.88
1649,29,27,-49.46,21.28,regolith_plain,0.708,4.22,42.4,-44.1,0.17,0.83,1.993
1650,30,27,-39.42,25.37,regolith_plain,0.679,1.01,39.1,-41.8,0.187,0.813,2.046
1651,31,27,-30.59,33.48,rock_field,0.686,0.0,40.8,-35.0,0.347,0.653,3.584
1652,32,27,-12.96,38.8,rock_field,0.738,0.0,30.5,-37.5,0.376,0.624,3.96
1653,33,27,1.56,27.14,regolith_plain,0.744,0.0,37.8,-35.8,0.185,0.815,2.256
1654,34,27,7.26,12.93,regolith_plain,0.716,0.39,54.4,-32.9,0.106,0.894,1.585
1655,35,27,7.82,7.25,regolith_plain,0.695,3.76,52.6,-42.0,0.079,0.921,1.452
1656,36,27,6.02,4.71,regolith_plain,0.651,5.79,67.2,-30.1,0.058,0.942,1.243
1657,37,27,7.95,11.59,regolith_plain,0.612,5.82,46.7,-44.2,0.105,0.895,1.579
1658,38,27,11.82,8.91,regolith_plain,0.549,7.28,64.7,-39.0,0.106,0.894,1.37
1659,39,27,11.95,3.02,regolith_plain,0.483,9.23,67.5,-31.4,0.069,0.931,1.138
1660,40,27,12.64,0.64,regolith_plain,0.466,9.97,83.6,-24.6,0.042,0.958,1.069
1661,41,27,12.09,10.52,regolith_plain,0.49,8.55,51.8,-34.1,0.113,0.887,1.439
1662,42,27,9.65,12.1,regolith_plain,0.489,8.37,56.1,-34.2,0.113,0.887,1.499
1663,43,27,10.32,8.24,regolith_plain,0.478,7.79,71.7,-28.5,0.112,0.888,1.298
1664,44,27,8.42,12.13,regolith_plain,0.467,6.15,63.8,-37.2,0.112,0.888,1.447
1665,45,27,3.78,10.23,regolith_plain,0.497,5.49,54.6,-36.9,0.087,0.913,1.303
1666,46,27,3.06,12.29,regolith_plain,0.511,4.24,57.8,-41.2,0.107,0.893,1.384
1667,47,27,-4.3,1.62,regolith_plain,0.436,4.9,68.2,-39.6,0.041,0.959,0.972
1668,48,27,1.94,14.45,regolith_plain,0.477,3.14,55.8,-32.8,0.122,0.878,1.446
1669,49,27,4.91,10.63,regolith_plain,0.484,4.15,54.1,-39.5,0.085,0.915,1.329
1670,50,27,8.69,9.93,regolith_plain,0.539,4.7,58.5,-31.5,0.093,0.907,1.418
1671,51,27,11.68,5.24,regolith_plain,0.603,6.35,54.6,-32.1,0.051,0.949,1.309
1672,52,27,9.41,9.64,regolith_plain,0.572,5.85,60.2,-37.0,0.092,0.908,1.445
1673,53,27,8.25,11.15,regolith_plain,0.495,5.55,60.4,-32.0,0.087,0.913,1.353
1674,54,27,3.8,14.4,regolith_plain,0.487,5.0,52.8,-39.7,0.118,0.882,1.475
1675,55,27,0.64,11.27,regolith_plain,0.488,5.4,47.9,-46.2,0.103,0.897,1.418
1676,56,27,2.23,7.95,regolith_plain,0.424,6.38,67.2,-31.6,0.088,0.912,1.192
1677,57,27,-3.1,8.6,regolith_plain,0.357,6.8,62.7,-35.6,0.083,0.917,1.195
1678,58,27,-2.62,2.27,regolith_plain,0.258,8.27,63.1,-35.5,0.058,0.942,0.898
1679,59,27,-3.46,2.71,regolith_plain,0.174,8.73,65.3,-25.1,0.072,0.928,0.855
1680,0,28,-16.71,5.78,rock_field,0.827,0.0,54.6,-42.0,0.219,0.781,2.182
1681,1,28,-14.75,5.88,regolith_plain,0.722,0.0,57.4,-33.4,0.061,0.939,1.334
1682,2,28,-13.1,8.62,regolith_plain,0.632,1.85,57.3,-39.1,0.084,0.916,1.324
1683,3,28,-8.95,5.28,regolith_plain,0.607,5.55,71.6,-26.9,0.056,0.944,1.326
1684,4,28,-9.51,9.16,regolith_plain,0.6,7.89,56.1,-35.0,0.092,0.908,1.387
1685,5,28,-14.92,16.56,regolith_plain,0.605,5.9,55.6,-34.6,0.136,0.864,1.633
1686,6,28,-21.41,13.91,regolith_plain,0.57,5.41,51.5,-41.3,0.114,0.886,1.598
1687,7,28,-23.47,14.36,regolith_plain,0.51,4.45,55.7,-39.0,0.112,0.888,1.567
1688,8,28,-27.4,12.23,regolith_plain,0.451,4.29,55.7,-32.2,0.111,0.889,1.37
1689,9,28,-25.12,10.64,regolith_plain,0.433,6.01,63.5,-26.3,0.087,0.913,1.288
1690,10,28,-25.51,9.31,regolith_plain,0.454,7.17,56.5,-34.0,0.085,0.915,1.351
1691,11,28,-31.39,12.38,regolith_plain,0.512,7.68,46.9,-42.9,0.102,0.898,1.437
1692,12,28,-34.28,7.64,crater_floor,0.509,9.39,53.3,-35.9,0.136,0.864,1.459
1693,13,28,-36.63,0.98,crater_floor,0.461,11.51,65.7,-23.4,0.099,0.901,1.286
1694,14,28,-33.64,9.22,regolith_plain,0.466,11.4,52.4,-37.4,0.12,0.88,1.345
1695,15,28,-30.78,13.72,regolith_plain,0.469,11.85,57.4,-30.3,0.142,0.858,1.614
1696,16,28,-24.01,16.67,regolith_plain,0.476,12.29,48.9,-42.1,0.153,0.847,1.686
1697,17,28,-21.3,7.89,regolith_plain,0.452,13.84,75.6,-30.1,0.106,0.894,1.379
1698,18,28,-29.23,30.52,rock_field,0.54,10.86,26.0,-44.5,0.343,0.657,3.368
1699,19,28,-44.45,33.13,rock_field,0.582,10.89,34.8,-42.3,0.381,0.619,3.835
1700,20,28,-53.93,21.51,regolith_plain,0.527,12.39,39.6,-45.5,0.177,0.823,1.882
1701,21,28,-59.34,10.4,crater_floor,0.525,12.48,55.6,-40.0,0.173,0.827,1.641
1702,22,28,-58.25,7.92,crater_floor,0.571,11.27,62.1,-30.4,0.139,0.861,1.623
1703,23,28,-59.62,14.03,crater_floor,0.642,8.78,40.6,-36.9,0.159,0.841,1.947
1704,24,28,-67.3,12.59,crater_floor,0.684,8.45,57.6,-29.6,0.182,0.818,1.899
1705,25,28,-68.55,7.57,crater_floor,0.69,10.22,73.1,-23.2,0.146,0.854,1.714
1706,26,28,-64.7,14.66,crater_floor,0.737,9.29,51.2,-37.5,0.197,0.803,1.959
1707,27,28,-58.16,18.63,rock_field,0.768,8.48,51.1,-39.2,0.3,0.7,3.084
1708,28,28,-51.75,22.5,rock_field,0.752,6.64,51.4,-32.3,0.333,0.667,3.067
1709,29,28,-43.98,18.85,regolith_plain,0.693,4.74,48.3,-35.7,0.145,0.855,1.878
1710,30,28,-40.42,20.11,regolith_plain,0.653,2.1,44.4,-43.6,0.142,0.858,1.854
1711,31,28,-29.76,36.47,rock_field,0.662,0.0,16.2,-53.5,0.349,0.651,3.883
1712,32,28,-11.05,39.17,rock_field,0.686,0.0,30.8,-42.3,0.398,0.602,4.171
1713,33,28,2.76,21.44,regolith_plain,0.677,0.0,45.7,-39.7,0.141,0.859,1.932
1714,34,28,4.66,6.98,regolith_plain,0.66,2.83,56.2,-35.7,0.073,0.927,1.283
1715,35,28,3.94,7.83,regolith_plain,0.677,5.5,62.2,-29.5,0.093,0.907,1.427
1716,36,28,4.68,5.27,regolith_plain,0.647,7.53,60.7,-31.5,0.088,0.912,1.334
1717,37,28,3.92,8.92,regolith_plain,0.625,7.85,57.0,-30.5,0.1,0.9,1.485
1718,38,28,5.77,13.21,regolith_plain,0.607,8.09,59.1,-42.8,0.121,0.879,1.559
1719,39,28,10.18,13.27,regolith_plain,0.538,8.95,47.4,-38.3,0.135,0.865,1.577
1720,40,28,14.46,8.84,regolith_plain,0.494,9.83,66.6,-29.9,0.107,0.893,1.361
1721,41,28,16.19,2.42,regolith_plain,0.485,10.69,58.9,-41.5,0.065,0.935,1.188
1722,42,28,15.71,6.07,regolith_plain,0.496,10.03,59.3,-37.9,0.1,0.9,1.234
1723,43,28,13.78,9.69,regolith_plain,0.485,8.14,70.9,-34.4,0.106,0.894,1.327
1724,44,28,8.96,10.89,regolith_plain,0.454,6.76,64.8,-32.9,0.09,0.91,1.292
1725,45,28,7.2,6.91,regolith_plain,0.49,6.28,63.0,-27.1,0.092,0.908,1.297
1726,46,28,6.11,11.23,regolith_plain,0.523,4.56,52.0,-29.2,0.09,0.91,1.345
1727,47,28,0.31,14.0,regolith_plain,0.503,3.08,51.4,-40.6,0.117,0.883,1.422
1728,48,28,1.27,7.23,regolith_plain,0.5,4.23,62.5,-31.4,0.056,0.944,1.235
1729,49,28,4.89,12.31,regolith_plain,0.518,3.91,56.7,-33.3,0.109,0.891,1.419
1730,50,28,9.88,7.66,regolith_plain,0.549,5.05,61.0,-32.6,0.064,0.936,1.335
1731,51,28,10.22,7.84,regolith_plain,0.611,5.97,61.2,-32.6,0.084,0.916,1.424
1732,52,28,7.6,5.56,regolith_plain,0.558,6.31,62.6,-32.5,0.073,0.927,1.3
1733,53,28,6.96,5.97,regolith_plain,0.478,5.99,54.8,-29.7,0.067,0.933,1.159
1734,54,28,3.43,10.67,regolith_plain,0.46,5.03,55.2,-31.8,0.094,0.906,1.371
1735,55,28,-0.46,6.28,regolith_plain,0.441,5.43,68.6,-35.8,0.059,0.941,1.11
1736,56,28,2.55,9.47,regolith_plain,0.403,5.48,51.4,-34.4,0.097,0.903,1.204
1737,57,28,6.12,11.47,regolith_plain,0.353,5.76,56.2,-32.3,0.104,0.896,1.263
1738,58,28,4.28,13.95,regolith_plain,0.265,5.97,49.7,-36.9,0.109,0.891,1.344
1739,59,28,-1.49,16.94,regolith_plain,0.175,6.1,52.0,-32.9,0.139,0.861,1.353
1740,0,29,-21.64,15.72,rock_field,0.856,0.0,50.4,-36.6,0.268,0.732,2.669
1741,1,29,-16.02,13.34,rock_field,0.768,0.0,64.2,-31.7,0.241,0.759,2.47
1742,2,29,-12.16,8.09,regolith_plain,0.679,3.04,64.1,-32.4,0.057,0.943,1.397
1743,3,29,-10.99,9.5,regolith_plain,0.665,5.54,51.7,-45.5,0.093,0.907,1.411
1744,4,29,-10.74,9.78,regolith_plain,0.643,7.98,63.3,-34.0,0.114,0.886,1.429
1745,5,29,-16.62,11.37,regolith_plain,0.593,6.94,52.8,-39.9,0.111,0.889,1.563
1746,6,29,-18.66,6.63,regolith_plain,0.531,6.86,59.2,-39.7,0.082,0.918,1.286
1747,7,29,-18.8,12.59,regolith_plain,0.502,5.18,58.0,-29.5,0.109,0.891,1.456
1748,8,29,-20.71,18.89,regolith_plain,0.475,3.76,46.3,-37.2,0.148,0.852,1.705
1749,9,29,-21.25,13.56,regolith_plain,0.446,5.56,60.4,-34.5,0.108,0.892,1.443
1750,10,29,-26.63,15.57,regolith_plain,0.476,5.77,48.2,-41.0,0.119,0.881,1.455
1751,11,29,-31.13,13.55,regolith_plain,0.522,6.58,51.4,-36.5,0.136,0.864,1.532
1752,12,29,-34.21,9.56,crater_floor,0.518,7.74,55.6,-32.4,0.131,0.869,1.563
1753,13,29,-35.91,12.69,crater_floor,0.495,8.01,52.6,-40.7,0.145,0.855,1.642
1754,14,29,-33.46,7.9,regolith_plain,0.462,9.47,67.9,-32.2,0.093,0.907,1.349
1755,15,29,-31.4,14.95,regolith_plain,0.464,9.16,57.3,-32.4,0.137,0.863,1.526
1756,16,29,-28.16,17.24,regolith_plain,0.473,9.51,61.3,-42.2,0.161,0.839,1.697
1757,17,29,-19.28,6.34,regolith_plain,0.452,11.81,76.6,-29.6,0.092,0.908,1.268
1758,18,29,-27.05,30.49,rock_field,0.557,9.38,30.3,-47.1,0.357,0.643,3.374
1759,19,29,-41.41,35.41,rock_field,0.619,9.83,31.5,-45.5,0.394,0.606,3.975
1760,20,29,-53.89,23.0,regolith_plain,0.55,12.0,37.6,-45.0,0.191,0.809,2.068
1761,21,29,-56.97,13.8,crater_floor,0.532,11.92,50.2,-38.1,0.166,0.834,1.928
1762,22,29,-58.67,7.21,crater_floor,0.556,11.45,58.3,-28.0,0.127,0.873,1.586
1763,23,29,-60.07,11.34,crater_floor,0.611,9.38,51.2,-39.3,0.169,0.831,1.864
1764,24,29,-66.66,15.18,regolith_plain,0.669,8.29,47.0,-38.2,0.15,0.85,1.784
1765,25,29,-69.75,13.71,crater_floor,0.694,9.42,54.1,-29.0,0.181,0.819,1.913
1766,26,29,-63.25,24.98,rock_field,0.76,7.68,35.2,-45.6,0.345,0.655,3.543
1767,27,29,-54.38,26.71,rock_field,0.784,7.0,45.7,-32.5,0.358,0.642,3.613
1768,28,29,-46.26,21.32,regolith_plain,0.732,6.84,41.0,-41.3,0.175,0.825,2.098
1769,29,29,-41.84,19.89,regolith_plain,0.669,5.46,65.0,-25.7,0.149,0.851,1.88
1770,30,29,-35.91,25.49,regolith_plain,0.637,3.02,39.3,-38.6,0.191,0.809,2.129
1771,31,29,-27.22,34.18,rock_field,0.618,0.13,32.8,-42.3,0.326,0.674,3.507
1772,32,29,-10.71,37.11,rock_field,0.637,0.0,21.4,-47.8,0.373,0.627,3.912
1773,33,29,2.04,18.29,regolith_plain,0.627,1.95,60.1,-36.7,0.133,0.867,1.653
1774,34,29,2.51,6.96,regolith_plain,0.623,4.33,69.1,-31.0,0.082,0.918,1.39
1775,35,29,2.32,9.17,regolith_plain,0.659,6.08,61.7,-30.4,0.102,0.898,1.451
1776,36,29,2.33,5.59,regolith_plain,0.641,8.08,55.8,-36.3,0.086,0.914,1.409
1777,37,29,1.76,4.28,regolith_plain,0.609,9.33,66.6,-33.9,0.065,0.935,1.292
1778,38,29,4.82,10.15,regolith_plain,0.598,9.5,52.1,-38.7,0.117,0.883,1.464
1779,39,29,8.28,12.58,regolith_plain,0.552,10.18,64.9,-29.3,0.13,0.87,1.511
1780,40,29,11.04,9.82,regolith_plain,0.529,10.89,64.1,-28.8,0.104,0.896,1.455
1781,41,29,10.95,6.1,regolith_plain,0.527,11.35,63.9,-36.5,0.094,0.906,1.29
1782,42,29,13.16,6.04,regolith_plain,0.53,11.26,48.7,-41.7,0.08,0.92,1.273
1783,43,29,9.32,13.43,regolith_plain,0.538,8.79,49.3,-37.1,0.105,0.895,1.509
1784,44,29,4.44,8.09,regolith_plain,0.494,8.24,65.2,-26.9,0.09,0.91,1.377
1785,45,29,7.7,3.72,regolith_plain,0.514,7.62,73.2,-25.6,0.086,0.914,1.223
1786,46,29,7.01,4.69,regolith_plain,0.529,6.19,71.5,-35.6,0.053,0.947,1.225
1787,47,29,4.42,7.67,regolith_plain,0.512,4.47,52.0,-38.3,0.059,0.941,1.216
1788,48,29,4.13,6.35,regolith_plain,0.519,4.83,64.8,-36.5,0.055,0.945,1.264
1789,49,29,6.38,5.97,regolith_plain,0.525,5.4,69.5,-32.3,0.066,0.934,1.257
1790,50,29,7.96,11.63,regolith_plain,0.564,5.08,47.3,-32.5,0.107,0.893,1.512
1791,51,29,6.66,11.59,regolith_plain,0.595,6.12,57.2,-41.3,0.104,0.896,1.427
1792,52,29,7.28,5.35,regolith_plain,0.533,6.68,65.8,-39.1,0.055,0.945,1.289
1793,53,29,8.0,4.35,regolith_plain,0.466,6.13,63.4,-36.7,0.067,0.933,1.088
1794,54,29,5.1,8.84,regolith_plain,0.453,4.75,49.2,-37.1,0.063,0.937,1.268
1795,55,29,4.95,4.72,regolith_plain,0.435,4.67,62.9,-31.0,0.045,0.955,1.134
1796,56,29,3.32,2.81,regolith_plain,0.383,5.82,64.9,-31.1,0.044,0.956,1.04
1797,57,29,4.84,3.06,regolith_plain,0.329,6.75,65.7,-28.0,0.066,0.934,0.956
1798,58,29,3.78,12.59,regolith_plain,0.276,6.29,52.8,-44.2,0.111,0.889,1.257
1799,59,29,0.44,10.59,regolith_plain,0.191,7.56,55.7,-31.5,0.105,0.895,1.107
1800,0,30,-17.36,12.13,rock_field,0.82,0.0,56.4,-36.5,0.226,0.774,2.567
1801,1,30,-15.07,5.01,rock_field,0.769,2.38,67.1,-28.8,0.195,0.805,2.213
1802,2,30,-15.74,1.32,regolith_plain,0.726,5.16,66.7,-37.5,0.063,0.937,1.295
1803,3,30,-15.49,5.29,regolith_plain,0.698,6.79,61.7,-34.1,0.084,0.916,1.409
1804,4,30,-13.48,11.41,regolith_plain,0.674,7.91,58.0,-34.5,0.126,0.874,1.639
1805,5,30,-16.34,5.76,regolith_plain,0.594,8.06,52.1,-32.9,0.076,0.924,1.378
1806,6,30,-17.3,7.35,regolith_plain,0.543,7.12,64.8,-39.4,0.092,0.908,1.282
1807,7,30,-14.77,9.45,regolith_plain,0.516,6.11,59.6,-34.6,0.078,0.922,1.352
1808,8,30,-13.93,13.44,regolith_plain,0.49,5.06,55.5,-40.4,0.109,0.891,1.513
1809,9,30,-17.5,13.09,regolith_plain,0.474,5.62,61.4,-32.1,0.116,0.884,1.428
1810,10,30,-20.35,16.64,regolith_plain,0.497,5.14,40.0,-38.4,0.114,0.886,1.638
1811,11,30,-25.43,18.33,regolith_plain,0.533,4.94,38.0,-37.0,0.114,0.886,1.649
1812,12,30,-29.53,13.51,regolith_plain,0.521,5.78,56.8,-37.8,0.133,0.867,1.462
1813,13,30,-27.65,14.23,regolith_plain,0.496,6.03,54.3,-32.9,0.12,0.88,1.548
1814,14,30,-30.39,12.62,regolith_plain,0.477,6.63,57.1,-30.2,0.095,0.905,1.428
1815,15,30,-21.51,14.39,regolith_plain,0.473,6.73,51.4,-44.3,0.124,0.876,1.462
1816,16,30,-21.35,7.89,regolith_plain,0.468,8.22,65.3,-30.5,0.078,0.922,1.264
1817,17,30,-17.0,3.79,regolith_plain,0.475,9.94,71.4,-27.2,0.063,0.937,1.169
1818,18,30,-21.18,25.15,regolith_plain,0.543,8.7,45.2,-41.1,0.207,0.793,2.065
1819,19,30,-35.06,35.16,rock_field,0.582,9.16,29.8,-50.3,0.382,0.618,3.751
1820,20,30,-47.14,29.88,rock_field,0.561,10.81,24.5,-43.7,0.357,0.643,3.359
1821,21,30,-50.76,22.99,regolith_plain,0.571,10.5,49.3,-43.6,0.177,0.823,1.996
1822,22,30,-54.25,17.96,regolith_plain,0.593,9.92,57.6,-36.6,0.154,0.846,1.752
1823,23,30,-58.93,16.77,regolith_plain,0.628,8.75,55.4,-36.6,0.151,0.849,1.732
1824,24,30,-62.39,19.38,regolith_plain,0.675,7.88,43.4,-37.7,0.161,0.839,1.878
1825,25,30,-59.41,29.08,rock_field,0.723,7.23,42.1,-43.5,0.38,0.62,3.555
1826,26,30,-54.17,28.75,rock_field,0.739,7.06,43.5,-43.2,0.347,0.653,3.455
1827,27,30,-47.36,27.04,regolith_plain,0.741,6.68,49.6,-37.9,0.205,0.795,2.204
1828,28,30,-42.45,25.15,regolith_plain,0.703,6.28,37.1,-38.6,0.194,0.806,2.085
1829,29,30,-33.86,23.39,regolith_plain,0.638,5.81,42.9,-31.4,0.198,0.802,1.991
1830,30,30,-28.17,25.65,regolith_plain,0.593,4.73,46.3,-45.3,0.19,0.81,2.074
1831,31,30,-19.61,37.46,rock_field,0.583,2.22,29.1,-43.8,0.368,0.632,3.911
1832,32,30,-3.32,32.0,rock_field,0.594,2.46,28.1,-49.8,0.333,0.667,3.569
1833,33,30,3.03,4.43,regolith_plain,0.564,6.14,67.6,-27.9,0.055,0.945,1.282
1834,34,30,-0.22,11.75,regolith_plain,0.603,5.11,60.5,-38.1,0.09,0.91,1.507
1835,35,30,-2.51,9.22,regolith_plain,0.638,6.85,60.4,-37.2,0.093,0.907,1.473
1836,36,30,0.81,9.05,regolith_plain,0.639,8.16,61.4,-36.7,0.099,0.901,1.436
1837,37,30,2.26,4.65,regolith_plain,0.576,10.04,63.3,-34.1,0.085,0.915,1.282
1838,38,30,2.8,2.54,regolith_plain,0.515,11.59,76.1,-28.2,0.076,0.924,1.24
1839,39,30,3.77,8.2,regolith_plain,0.535,11.97,55.6,-34.8,0.103,0.897,1.432
1840,40,30,8.07,14.39,regolith_plain,0.593,11.4,50.6,-38.4,0.157,0.843,1.666
1841,41,30,12.48,7.55,regolith_plain,0.573,12.34,61.8,-39.9,0.097,0.903,1.368
1842,42,30,11.81,8.86,regolith_plain,0.576,12.06,65.5,-30.4,0.097,0.903,1.486
1843,43,30,9.88,12.7,regolith_plain,0.618,10.12,47.0,-39.8,0.131,0.869,1.564
1844,44,30,3.51,4.28,regolith_plain,0.588,9.87,57.4,-31.2,0.086,0.914,1.288
1845,45,30,7.58,5.28,regolith_plain,0.578,8.24,52.0,-40.5,0.074,0.926,1.275
1846,46,30,6.29,4.01,regolith_plain,0.551,6.94,65.8,-39.1,0.049,0.951,1.211
1847,47,30,4.86,3.78,regolith_plain,0.505,5.5,59.1,-35.0,0.056,0.944,1.13
1848,48,30,5.27,2.7,regolith_plain,0.506,5.84,64.7,-27.7,0.052,0.948,1.112
1849,49,30,3.18,6.0,regolith_plain,0.543,5.94,67.4,-31.4,0.073,0.927,1.234
1850,50,30,1.65,4.22,regolith_plain,0.549,6.81,61.5,-35.0,0.064,0.936,1.232
1851,51,30,2.05,6.5,regolith_plain,0.542,7.59,64.2,-36.8,0.091,0.909,1.298
1852,52,30,4.1,12.26,regolith_plain,0.517,5.97,54.7,-29.4,0.096,0.904,1.387
1853,53,30,9.08,7.51,regolith_plain,0.471,5.55,65.8,-36.7,0.048,0.952,1.208
1854,54,30,8.85,10.32,regolith_plain,0.472,3.98,61.5,-36.8,0.069,0.931,1.27
1855,55,30,2.32,6.2,regolith_plain,0.466,3.46,59.0,-32.4,0.048,0.952,1.184
1856,56,30,4.51,2.47,regolith_plain,0.398,5.21,66.3,-39.8,0.054,0.946,0.977
1857,57,30,4.02,12.98,regolith_plain,0.35,4.99,62.0,-28.7,0.104,0.896,1.372
1858,58,30,-3.5,14.78,regolith_plain,0.325,6.08,56.1,-33.5,0.139,0.861,1.43
1859,59,30,-4.86,10.37,regolith_plain,0.289,8.1,50.2,-34.6,0.093,0.907,1.254
1860,0,31,-14.36,10.66,rock_field,0.792,1.38,62.2,-31.1,0.248,0.752,2.35
1861,1,31,-12.91,6.79,rock_field,0.77,3.7,56.0,-36.4,0.207,0.793,2.197
1862,2,31,-12.98,9.4,rock_field,0.765,5.05,68.1,-35.9,0.234,0.766,2.294
1863,3,31,-13.92,8.4,regolith_plain,0.744,6.95,66.9,-32.8,0.088,0.912,1.556
1864,4,31,-18.77,4.52,regolith_plain,0.709,9.12,66.8,-36.4,0.101,0.899,1.337
1865,5,31,-15.32,7.29,regolith_plain,0.637,8.1,62.9,-31.8,0.09,0.91,1.438
1866,6,31,-13.75,5.29,regolith_plain,0.567,7.8,62.9,-30.5,0.095,0.905,1.231
1867,7,31,-13.05,5.04,regolith_plain,0.534,7.23,68.5,-25.8,0.08,0.92,1.261
1868,8,31,-11.55,3.86,regolith_plain,0.497,6.97,63.5,-32.0,0.058,0.942,1.102
1869,9,31,-14.51,11.65,regolith_plain,0.509,5.82,58.6,-31.4,0.095,0.905,1.47
1870,10,31,-17.69,13.72,regolith_plain,0.512,5.11,60.1,-35.7,0.122,0.878,1.45
1871,11,31,-21.57,13.9,regolith_plain,0.504,4.68,51.3,-39.4,0.112,0.888,1.51
1872,12,31,-24.85,12.63,regolith_plain,0.492,4.55,52.4,-35.2,0.096,0.904,1.478
1873,13,31,-25.8,3.96,regolith_plain,0.46,5.83,58.5,-36.7,0.058,0.942,1.118
1874,14,31,-26.95,2.41,regolith_plain,0.454,6.04,61.0,-33.2,0.029,0.971,1.1
1875,15,31,-26.54,10.05,regolith_plain,0.476,4.87,48.0,-42.9,0.094,0.906,1.352
1876,16,31,-24.93,16.07,regolith_plain,0.498,4.31,56.7,-39.1,0.129,0.871,1.581
1877,17,31,-21.92,11.23,regolith_plain,0.496,6.57,68.5,-29.1,0.092,0.908,1.464
1878,18,31,-21.88,12.05,regolith_plain,0.509,9.18,65.3,-29.5,0.131,0.869,1.482
1879,19,31,-30.46,27.25,regolith_plain,0.559,9.63,30.3,-49.3,0.222,0.778,2.175
1880,20,31,-37.1,30.24,rock_field,0.576,10.6,41.1,-39.0,0.367,0.633,3.58
1881,21,31,-41.56,26.85,regolith_plain,0.602,9.88,49.0,-41.0,0.201,0.799,2.054
1882,22,31,-48.61,22.85,regolith_plain,0.624,9.26,42.1,-41.1,0.193,0.807,2.077
1883,23,31,-51.19,22.52,regolith_plain,0.658,8.08,45.8,-34.1,0.18,0.82,1.983
1884,24,31,-52.61,24.65,regolith_plain,0.701,7.31,30.8,-41.7,0.201,0.799,2.118
1885,25,31,-49.09,26.91,regolith_plain,0.728,7.67,42.0,-37.9,0.225,0.775,2.22
1886,26,31,-44.91,29.25,rock_field,0.731,6.92,31.4,-37.1,0.344,0.656,3.668
1887,27,31,-37.67,28.22,rock_field,0.717,6.23,40.2,-44.4,0.331,0.669,3.561
1888,28,31,-33.2,25.95,regolith_plain,0.671,6.18,32.1,-48.3,0.194,0.806,2.024
1889,29,31,-32.06,22.51,regolith_plain,0.592,6.81,48.5,-41.6,0.192,0.808,1.861
1890,30,31,-23.03,34.55,rock_field,0.56,5.12,38.1,-43.2,0.391,0.609,3.765
1891,31,31,-9.29,34.44,rock_field,0.513,5.26,27.4,-55.3,0.371,0.629,3.671
1892,32,31,-0.11,16.32,regolith_plain,0.5,7.49,45.2,-40.8,0.148,0.852,1.547
1893,33,31,2.17,9.73,regolith_plain,0.529,7.46,46.4,-41.7,0.098,0.902,1.391
1894,34,31,-3.7,10.71,regolith_plain,0.556,6.77,56.6,-32.7,0.102,0.898,1.483
1895,35,31,-4.09,3.14,regolith_plain,0.603,8.54,63.1,-32.4,0.061,0.939,1.267
1896,36,31,-1.88,10.27,regolith_plain,0.648,8.57,49.4,-41.0,0.123,0.877,1.503
1897,37,31,-0.81,10.05,regolith_plain,0.589,10.01,61.7,-32.1,0.126,0.874,1.441
1898,38,31,3.88,9.89,regolith_plain,0.52,11.44,56.4,-33.5,0.116,0.884,1.503
1899,39,31,5.96,3.75,regolith_plain,0.519,13.77,59.4,-38.7,0.088,0.912,1.277
1900,40,31,5.61,6.3,regolith_plain,0.577,13.81,59.7,-37.4,0.101,0.899,1.391
1901,41,31,7.18,9.99,regolith_plain,0.589,13.19,65.4,-42.3,0.139,0.861,1.473
1902,42,31,7.49,5.18,regolith_plain,0.587,13.84,67.9,-37.0,0.105,0.895,1.326
1903,43,31,5.79,3.0,regolith_plain,0.647,12.79,65.9,-36.2,0.075,0.925,1.324
1904,44,31,6.35,6.5,regolith_plain,0.668,10.6,66.6,-32.5,0.119,0.881,1.474
1905,45,31,5.27,2.32,regolith_plain,0.616,9.54,60.5,-38.6,0.04,0.96,1.2
1906,46,31,7.71,3.23,regolith_plain,0.575,7.71,66.6,-34.5,0.075,0.925,1.164
1907,47,31,6.87,6.11,regolith_plain,0.538,5.59,64.2,-38.0,0.079,0.921,1.274
1908,48,31,4.99,8.08,regolith_plain,0.536,5.5,58.3,-34.5,0.081,0.919,1.3
1909,49,31,4.25,4.18,regolith_plain,0.54,6.76,68.0,-30.2,0.062,0.938,1.23
1910,50,31,5.23,4.78,regolith_plain,0.545,7.35,60.1,-33.1,0.067,0.933,1.27
1911,51,31,2.82,6.3,regolith_plain,0.542,8.32,66.1,-32.6,0.071,0.929,1.314
1912,52,31,2.18,5.84,regolith_plain,0.502,7.27,66.9,-38.5,0.093,0.907,1.224
1913,53,31,5.7,8.11,regolith_plain,0.466,5.35,43.6,-42.8,0.08,0.92,1.242
1914,54,31,7.8,6.02,regolith_plain,0.454,4.08,70.5,-32.4,0.053,0.947,1.146
1915,55,31,5.07,6.95,regolith_plain,0.464,2.36,44.1,-41.4,0.079,0.921,1.19
1916,56,31,3.6,9.11,regolith_plain,0.42,3.56,56.3,-35.4,0.083,0.917,1.174
1917,57,31,0.26,12.12,regolith_plain,0.362,4.85,62.8,-27.8,0.107,0.893,1.228
1918,58,31,-1.93,9.73,regolith_plain,0.354,6.95,57.4,-32.4,0.117,0.883,1.206
1919,59,31,-6.36,13.84,regolith_plain,0.37,8.08,46.0,-43.7,0.132,0.868,1.373
1920,0,32,-10.42,11.43,rock_field,0.763,2.95,50.9,-34.8,0.234,0.766,2.562
1921,1,32,-10.51,10.6,regolith_plain,0.741,4.54,64.5,-30.3,0.115,0.885,1.534
1922,2,32,-9.19,6.72,regolith_plain,0.716,6.58,51.1,-41.0,0.082,0.918,1.387
1923,3,32,-14.32,11.82,rock_field,0.757,7.28,63.8,-30.0,0.254,0.746,2.631
1924,4,32,-16.32,9.01,rock_field,0.762,9.02,59.8,-35.6,0.253,0.747,2.397
1925,5,32,-15.39,7.12,regolith_plain,0.671,8.65,55.0,-42.2,0.106,0.894,1.418
1926,6,32,-14.37,7.71,regolith_plain,0.601,7.91,58.0,-33.7,0.082,0.918,1.349
1927,7,32,-12.02,11.41,regolith_plain,0.577,6.7,51.3,-36.8,0.104,0.896,1.46
1928,8,32,-11.67,8.07,regolith_plain,0.539,6.68,66.3,-33.4,0.083,0.917,1.279
1929,9,32,-11.99,9.08,regolith_plain,0.549,6.36,64.4,-33.2,0.102,0.898,1.341
1930,10,32,-13.6,14.33,regolith_plain,0.539,4.99,43.9,-43.0,0.116,0.884,1.546
1931,11,32,-18.6,17.05,regolith_plain,0.481,4.01,48.8,-35.9,0.148,0.852,1.501
1932,12,32,-21.63,15.7,regolith_plain,0.459,3.68,47.6,-38.9,0.114,0.886,1.458
1933,13,32,-25.84,10.69,regolith_plain,0.46,4.07,66.0,-31.6,0.085,0.915,1.367
1934,14,32,-28.87,5.93,regolith_plain,0.46,4.43,55.4,-34.6,0.078,0.922,1.12
1935,15,32,-28.3,4.35,regolith_plain,0.467,4.3,74.8,-33.9,0.059,0.941,1.089
1936,16,32,-31.92,8.66,regolith_plain,0.466,3.72,60.3,-37.9,0.103,0.897,1.246
1937,17,32,-24.34,16.45,regolith_plain,0.473,4.05,44.9,-48.5,0.139,0.861,1.591
1938,18,32,-21.22,4.56,regolith_plain,0.474,8.87,60.9,-32.3,0.06,0.94,1.23
1939,19,32,-21.18,20.15,regolith_plain,0.55,9.57,43.0,-45.7,0.169,0.831,1.86
1940,20,32,-26.64,29.54,rock_field,0.587,9.93,29.9,-45.0,0.36,0.64,3.668
1941,21,32,-34.09,30.66,rock_field,0.618,8.98,36.8,-41.5,0.364,0.636,3.719
1942,22,32,-40.41,31.11,rock_field,0.65,8.13,28.4,-43.5,0.364,0.636,3.675
1943,23,32,-42.83,29.41,rock_field,0.678,7.6,24.6,-52.0,0.358,0.642,3.696
1944,24,32,-44.16,30.43,rock_field,0.72,7.25,34.2,-44.0,0.369,0.631,3.58
1945,25,32,-40.62,29.83,rock_field,0.744,8.0,26.4,-39.9,0.363,0.637,3.724
1946,26,32,-34.9,28.79,rock_field,0.721,7.64,33.8,-37.1,0.369,0.631,3.468
1947,27,32,-29.37,25.23,regolith_plain,0.684,7.18,36.8,-38.9,0.218,0.782,2.065
1948,28,32,-23.81,28.01,rock_field,0.639,6.42,34.0,-42.4,0.346,0.654,3.226
1949,29,32,-20.77,34.22,rock_field,0.575,5.88,44.4,-44.1,0.373,0.627,3.603
1950,30,32,-12.69,30.56,rock_field,0.492,6.82,36.7,-40.0,0.35,0.65,3.305
1951,31,32,-4.54,18.26,regolith_plain,0.412,9.06,51.4,-38.6,0.159,0.841,1.686
1952,32,32,-0.91,9.1,regolith_plain,0.424,10.09,49.3,-36.5,0.109,0.891,1.291
1953,33,32,-2.82,17.72,regolith_plain,0.49,7.81,46.6,-42.0,0.138,0.862,1.583
1954,34,32,-4.47,4.95,regolith_plain,0.482,9.16,65.8,-33.6,0.087,0.913,1.266
1955,35,32,-3.74,2.52,regolith_plain,0.569,10.04,61.1,-34.0,0.061,0.939,1.282
1956,36,32,-5.66,3.98,regolith_plain,0.635,10.73,71.1,-30.2,0.096,0.904,1.328
1957,37,32,-1.87,14.24,regolith_plain,0.61,10.36,47.1,-37.6,0.107,0.893,1.594
1958,38,32,4.45,10.86,regolith_plain,0.535,12.05,56.3,-38.8,0.125,0.875,1.501
1959,39,32,5.74,0.91,regolith_plain,0.496,14.72,65.5,-38.9,0.085,0.915,1.153
1960,40,32,3.83,0.1,regolith_plain,0.511,15.41,70.9,-25.2,0.08,0.92,1.154
1961,41,32,5.69,7.06,regolith_plain,0.546,14.64,58.4,-26.1,0.099,0.901,1.376
1962,42,32,8.46,6.08,regolith_plain,0.572,15.06,61.7,-33.1,0.121,0.879,1.418
1963,43,32,8.13,5.65,regolith_plain,0.658,14.06,62.4,-39.9,0.1,0.9,1.399
1964,44,32,8.04,2.79,regolith_plain,0.681,12.69,62.5,-37.5,0.083,0.917,1.439
1965,45,32,6.69,0.29,regolith_plain,0.622,11.09,72.6,-28.7,0.055,0.945,1.221
1966,46,32,7.88,9.14,regolith_plain,0.602,7.77,61.4,-28.9,0.08,0.92,1.387
1967,47,32,8.17,3.84,regolith_plain,0.565,6.58,65.2,-37.7,0.062,0.938,1.169
1968,48,32,10.32,4.17,regolith_plain,0.548,6.36,62.8,-34.1,0.072,0.928,1.253
1969,49,32,6.09,9.16,regolith_plain,0.529,5.89,64.7,-32.2,0.104,0.896,1.292
1970,50,32,4.67,2.48,regolith_plain,0.515,7.16,65.9,-29.2,0.052,0.948,1.129
1971,51,32,5.23,6.09,regolith_plain,0.565,7.43,61.5,-35.6,0.076,0.924,1.27
1972,52,32,7.01,5.86,regolith_plain,0.52,6.29,64.2,-39.4,0.079,0.921,1.283
1973,53,32,8.19,3.63,regolith_plain,0.43,5.04,76.2,-26.4,0.051,0.949,1.091
1974,54,32,4.68,7.33,regolith_plain,0.416,2.9,53.9,-31.9,0.078,0.922,1.171
1975,55,32,4.8,8.19,regolith_plain,0.419,1.19,65.6,-32.5,0.064,0.936,1.135
1976,56,32,0.26,11.63,regolith_plain,0.415,2.46,45.8,-37.6,0.081,0.919,1.339
1977,57,32,-2.55,7.93,regolith_plain,0.384,5.05,62.6,-35.5,0.08,0.92,1.109
1978,58,32,-5.28,2.88,regolith_plain,0.394,7.84,76.3,-32.5,0.044,0.956,1.025
1979,59,32,-0.56,15.85,regolith_plain,0.455,7.92,55.5,-32.3,0.139,0.861,1.523
1980,0,33,-6.28,9.56,regolith_plain,0.716,4.58,60.5,-32.7,0.104,0.896,1.462
1981,1,33,-5.53,6.52,regolith_plain,0.695,6.39,59.5,-32.9,0.079,0.921,1.416
1982,2,33,-10.19,5.73,regolith_plain,0.682,7.86,63.9,-27.4,0.09,0.91,1.361
1983,3,33,-9.53,9.54,regolith_plain,0.718,8.65,58.0,-39.8,0.114,0.886,1.603
1984,4,33,-12.52,14.09,regolith_plain,0.742,9.18,49.8,-40.7,0.141,0.859,1.73
1985,5,33,-10.72,17.1,regolith_plain,0.682,7.89,49.4,-37.9,0.139,0.861,1.8
1986,6,33,-9.51,19.99,regolith_plain,0.632,6.63,49.2,-40.7,0.147,0.853,1.844
1987,7,33,-5.44,19.22,regolith_plain,0.597,5.92,44.3,-37.0,0.166,0.834,1.817
1988,8,33,-5.87,18.49,regolith_plain,0.569,5.36,44.8,-40.6,0.14,0.86,1.759
1989,9,33,-8.42,12.87,regolith_plain,0.562,6.07,47.7,-42.9,0.116,0.884,1.584
1990,10,33,-9.9,15.75,regolith_plain,0.548,5.14,55.0,-36.0,0.123,0.877,1.606
1991,11,33,-12.3,19.56,regolith_plain,0.499,4.07,51.8,-36.6,0.161,0.839,1.627
1992,12,33,-16.25,22.12,regolith_plain,0.481,3.16,47.1,-35.1,0.148,0.852,1.74
1993,13,33,-23.68,13.24,regolith_plain,0.456,3.82,61.2,-32.4,0.106,0.894,1.379
1994,14,33,-23.6,11.3,regolith_plain,0.453,3.45,58.1,-33.2,0.087,0.913,1.276
1995,15,33,-26.42,12.12,regolith_plain,0.458,2.66,59.0,-33.3,0.104,0.896,1.283
1996,16,33,-29.56,9.56,regolith_plain,0.435,2.76,61.3,-34.6,0.082,0.918,1.235
1997,17,33,-26.93,10.98,regolith_plain,0.426,3.6,57.4,-38.1,0.091,0.909,1.315
1998,18,33,-22.33,14.52,regolith_plain,0.471,6.0,50.8,-36.6,0.109,0.891,1.492
1999,19,33,-16.82,6.99,regolith_plain,0.492,10.06,75.6,-30.9,0.114,0.886,1.357
2000,20,33,-18.47,18.74,regolith_plain,0.536,10.23,46.7,-32.9,0.162,0.838,1.706
2001,21,33,-22.26,27.27,regolith_plain,0.581,8.9,36.0,-37.9,0.2,0.8,2.06
2002,22,33,-26.11,34.85,rock_field,0.632,7.71,34.3,-41.2,0.368,0.632,3.934
2003,23,33,-28.96,35.68,rock_field,0.667,7.53,32.3,-42.9,0.379,0.621,3.825
2004,24,33,-29.21,37.66,rock_field,0.708,7.47,20.1,-49.0,0.409,0.591,4.31
2005,25,33,-28.1,37.11,rock_field,0.741,8.23,35.9,-48.3,0.423,0.577,3.983
2006,26,33,-26.03,28.57,rock_field,0.708,8.93,38.0,-43.5,0.363,0.637,3.705
2007,27,33,-22.43,27.31,regolith_plain,0.677,8.03,33.3,-43.7,0.2,0.8,2.225
2008,28,33,-13.74,32.58,rock_field,0.632,6.74,41.3,-40.3,0.367,0.633,3.591
2009,29,33,-7.24,25.52,regolith_plain,0.537,7.97,45.7,-37.9,0.209,0.791,2.086
2010,30,33,-5.86,14.48,regolith_plain,0.444,9.79,46.5,-36.0,0.133,0.867,1.488
2011,31,33,-3.34,0.8,regolith_plain,0.357,12.0,79.8,-31.0,0.066,0.934,0.973
2012,32,33,-6.29,15.51,regolith_plain,0.406,9.64,56.9,-38.8,0.139,0.861,1.453
2013,33,33,-10.1,12.25,regolith_plain,0.422,9.68,56.5,-30.4,0.128,0.872,1.383
2014,34,33,-7.05,12.33,regolith_plain,0.438,9.6,66.0,-29.8,0.115,0.885,1.44
2015,35,33,-2.79,4.44,regolith_plain,0.509,11.69,66.1,-34.6,0.053,0.947,1.313
2016,36,33,-3.94,7.37,regolith_plain,0.585,11.97,61.7,-35.0,0.091,0.909,1.366
2017,37,33,-1.75,14.02,regolith_plain,0.582,11.56,50.6,-38.8,0.136,0.864,1.61
2018,38,33,4.88,11.27,regolith_plain,0.543,12.56,61.1,-34.7,0.127,0.873,1.595
2019,39,33,6.12,1.45,regolith_plain,0.503,14.62,71.3,-29.6,0.073,0.927,1.205
2020,40,33,5.67,6.34,regolith_plain,0.521,14.69,63.1,-24.2,0.103,0.897,1.394
2021,41,33,5.42,3.46,regolith_plain,0.532,16.02,61.5,-34.3,0.106,0.894,1.36
2022,42,33,4.0,6.61,regolith_plain,0.568,16.45,63.5,-31.8,0.105,0.895,1.442
2023,43,33,9.73,5.28,regolith_plain,0.639,16.19,63.8,-41.0,0.112,0.888,1.513
2024,44,33,7.67,7.03,regolith_plain,0.675,14.02,54.3,-39.3,0.103,0.897,1.51
2025,45,33,5.14,12.74,regolith_plain,0.654,10.8,47.2,-34.7,0.144,0.856,1.584
2026,46,33,1.45,14.14,regolith_plain,0.627,8.23,57.8,-34.0,0.134,0.866,1.577
2027,47,33,5.72,17.34,regolith_plain,0.618,5.39,35.3,-60.7,0.16,0.84,1.662
2028,48,33,7.04,14.61,regolith_plain,0.585,4.9,55.2,-33.5,0.107,0.893,1.628
2029,49,33,7.37,1.4,regolith_plain,0.51,6.33,65.6,-25.0,0.061,0.939,1.1
2030,50,33,6.73,2.94,regolith_plain,0.499,5.55,74.6,-37.4,0.041,0.959,1.066
2031,51,33,6.4,5.81,regolith_plain,0.524,5.11,60.6,-28.2,0.062,0.938,1.188
2032,52,33,5.02,1.45,regolith_plain,0.475,4.82,72.4,-41.2,0.025,0.975,1.08
2033,53,33,6.72,4.44,regolith_plain,0.418,3.17,62.7,-29.6,0.071,0.929,1.018
2034,54,33,3.94,7.6,regolith_plain,0.404,1.5,62.3,-33.4,0.066,0.934,1.069
2035,55,33,1.38,5.83,regolith_plain,0.394,0.57,68.0,-40.7,0.052,0.948,0.982
2036,56,33,-0.11,4.77,regolith_plain,0.414,2.72,62.0,-31.8,0.041,0.959,1.066
2037,57,33,-0.4,7.43,regolith_plain,0.44,4.55,67.8,-27.1,0.05,0.95,1.127
2038,58,33,-1.62,9.94,regolith_plain,0.484,6.4,53.1,-35.6,0.092,0.908,1.345
2039,59,33,-0.03,8.18,regolith_plain,0.519,8.9,62.8,-31.6,0.089,0.911,1.35
2040,0,34,-3.85,13.76,regolith_plain,0.685,4.44,60.4,-35.9,0.102,0.898,1.627
2041,1,34,-8.14,7.74,regolith_plain,0.671,6.67,65.4,-40.2,0.089,0.911,1.491
2042,2,34,-8.86,3.61,regolith_plain,0.662,8.62,77.5,-26.0,0.074,0.926,1.319
2043,3,34,-8.01,9.55,regolith_plain,0.676,9.06,54.9,-29.7,0.118,0.882,1.594
2044,4,34,-6.35,16.07,regolith_plain,0.687,9.26,44.1,-36.0,0.132,0.868,1.753
2045,5,34,-3.45,13.0,regolith_plain,0.639,8.79,49.7,-46.4,0.115,0.885,1.641
2046,6,34,-0.81,14.2,regolith_plain,0.603,7.68,58.3,-41.4,0.118,0.882,1.585
2047,7,34,1.45,13.44,regolith_plain,0.565,6.86,58.2,-38.7,0.13,0.87,1.623
2048,8,34,1.37,19.24,regolith_plain,0.551,5.25,49.5,-44.6,0.158,0.842,1.687
2049,9,34,-3.78,13.94,regolith_plain,0.538,6.07,47.9,-38.7,0.122,0.878,1.516
2050,10,34,-3.01,10.12,regolith_plain,0.524,6.35,63.5,-31.8,0.093,0.907,1.432
2051,11,34,-5.89,15.82,regolith_plain,0.523,5.21,45.2,-45.4,0.138,0.862,1.638
2052,12,34,-10.02,22.23,regolith_plain,0.514,3.85,52.5,-33.9,0.161,0.839,1.723
2053,13,34,-19.97,19.59,regolith_plain,0.471,3.41,65.6,-30.0,0.153,0.847,1.693
2054,14,34,-21.37,10.97,regolith_plain,0.43,3.87,60.1,-36.5,0.096,0.904,1.301
2055,15,34,-22.12,14.29,regolith_plain,0.428,2.54,57.8,-35.7,0.089,0.911,1.331
2056,16,34,-25.2,9.0,regolith_plain,0.406,2.82,57.1,-43.1,0.052,0.948,1.136
2057,17,34,-27.18,4.31,regolith_plain,0.397,4.23,54.4,-37.7,0.049,0.951,1.039
2058,18,34,-23.44,13.5,regolith_plain,0.451,5.55,51.5,-37.5,0.122,0.878,1.47
2059,19,34,-18.16,15.35,regolith_plain,0.487,7.98,46.6,-38.8,0.128,0.872,1.62
2060,20,34,-14.21,5.29,regolith_plain,0.474,11.47,55.5,-35.2,0.102,0.898,1.239
2061,21,34,-14.93,12.32,regolith_plain,0.505,10.97,66.8,-31.7,0.136,0.864,1.494
2062,22,34,-13.38,18.88,regolith_plain,0.556,10.55,50.9,-39.3,0.179,0.821,1.82
2063,23,34,-14.27,25.07,regolith_plain,0.603,10.17,44.7,-39.2,0.198,0.802,2.043
2064,24,34,-13.31,32.56,rock_field,0.65,9.61,32.3,-40.6,0.37,0.63,3.639
2065,25,34,-10.52,35.71,rock_field,0.7,9.7,29.7,-46.0,0.394,0.606,4.089
2066,26,34,-13.87,31.86,rock_field,0.702,9.58,40.7,-40.4,0.387,0.613,3.88
2067,27,34,-12.76,28.82,rock_field,0.679,8.84,38.1,-43.3,0.341,0.659,3.449
2068,28,34,-3.25,21.68,regolith_plain,0.6,9.22,49.3,-41.2,0.161,0.839,1.977
2069,29,34,-3.37,4.89,regolith_plain,0.49,11.66,63.4,-31.9,0.08,0.92,1.296
2070,30,34,-3.12,2.8,regolith_plain,0.442,11.88,64.9,-35.7,0.077,0.923,1.141
2071,31,34,-4.91,10.37,regolith_plain,0.406,10.66,50.2,-37.0,0.107,0.893,1.302
2072,32,34,-9.72,10.02,regolith_plain,0.382,10.71,47.1,-39.5,0.124,0.876,1.31
2073,33,34,-11.47,0.66,regolith_plain,0.362,12.19,67.7,-33.7,0.076,0.924,1.016
2074,34,34,-9.26,11.38,regolith_plain,0.398,10.99,57.8,-37.2,0.096,0.904,1.429
2075,35,34,-3.76,12.23,regolith_plain,0.476,12.1,48.8,-41.2,0.136,0.864,1.475
2076,36,34,-0.59,12.39,regolith_plain,0.534,12.54,56.2,-43.2,0.129,0.871,1.614
2077,37,34,2.82,12.09,regolith_plain,0.553,12.54,57.0,-34.8,0.142,0.858,1.546
2078,38,34,5.74,5.1,regolith_plain,0.553,13.53,51.5,-37.4,0.1,0.9,1.366
2079,39,34,6.38,4.11,regolith_plain,0.547,13.63,60.0,-32.0,0.091,0.909,1.307
2080,40,34,8.23,2.67,regolith_plain,0.547,14.81,69.5,-34.3,0.084,0.916,1.261
2081,41,34,7.44,2.42,regolith_plain,0.558,16.32,69.7,-24.7,0.074,0.926,1.356
2082,42,34,6.74,4.98,regolith_plain,0.583,17.41,57.6,-38.1,0.133,0.867,1.465
2083,43,34,8.5,2.94,regolith_plain,0.623,17.92,67.7,-36.6,0.09,0.91,1.351
2084,44,34,6.23,13.19,regolith_plain,0.674,14.42,61.6,-38.8,0.173,0.827,1.736
2085,45,34,0.13,14.16,regolith_plain,0.67,11.61,59.1,-42.4,0.157,0.843,1.81
2086,46,34,-2.17,5.46,regolith_plain,0.636,10.25,63.4,-27.7,0.083,0.917,1.37
2087,47,34,-3.0,12.79,regolith_plain,0.634,6.48,53.1,-31.6,0.11,0.89,1.561
2088,48,34,0.02,16.14,regolith_plain,0.612,4.41,48.5,-36.1,0.11,0.89,1.691
2089,49,34,5.16,11.71,regolith_plain,0.571,3.77,59.9,-38.0,0.096,0.904,1.493
2090,50,34,6.48,7.14,regolith_plain,0.516,3.16,63.3,-25.9,0.049,0.951,1.194
2091,51,34,8.92,5.67,regolith_plain,0.468,2.6,67.5,-33.0,0.066,0.934,1.087
2092,52,34,7.97,9.88,regolith_plain,0.449,1.27,59.9,-35.2,0.077,0.923,1.247
2093,53,34,5.28,5.35,regolith_plain,0.425,1.15,69.0,-25.2,0.046,0.954,1.008
2094,54,34,4.42,1.5,regolith_plain,0.401,0.94,68.9,-28.3,0.024,0.976,0.872
2095,55,34,4.24,3.72,regolith_plain,0.393,0.0,70.6,-21.5,0.036,0.964,0.928
2096,56,34,3.08,6.21,regolith_plain,0.446,1.67,68.4,-30.2,0.051,0.949,1.146
2097,57,34,2.44,2.86,regolith_plain,0.485,4.62,62.0,-35.3,0.044,0.956,1.062
2098,58,34,1.72,5.67,regolith_plain,0.529,6.65,52.9,-39.6,0.09,0.91,1.211
2099,59,34,4.22,9.15,regolith_plain,0.574,8.57,69.2,-39.0,0.11,0.89,1.466
2100,0,35,-1.57,5.39,regolith_plain,0.683,4.06,65.6,-33.6,0.075,0.925,1.327
2101,1,35,-3.41,11.68,regolith_plain,0.682,4.61,46.9,-34.5,0.103,0.897,1.604
2102,2,35,-7.67,3.99,regolith_plain,0.645,7.25,61.3,-31.9,0.049,0.951,1.26
2103,3,35,-3.29,10.24,regolith_plain,0.647,7.81,63.4,-33.5,0.114,0.886,1.491
2104,4,35,-1.93,1.45,regolith_plain,0.61,10.47,66.7,-36.7,0.063,0.937,1.262
2105,5,35,-3.33,5.21,regolith_plain,0.593,9.07,61.2,-33.6,0.075,0.925,1.281
2106,6,35,-0.66,12.58,regolith_plain,0.583,7.13,64.6,-29.1,0.113,0.887,1.534
2107,7,35,3.87,10.94,regolith_plain,0.543,6.54,51.7,-35.8,0.09,0.91,1.471
2108,8,35,7.07,4.9,regolith_plain,0.493,6.82,59.8,-34.1,0.057,0.943,1.231
2109,9,35,0.49,14.47,regolith_plain,0.504,5.84,55.4,-39.4,0.131,0.869,1.551
2110,10,35,-3.07,8.99,regolith_plain,0.489,6.91,62.5,-30.4,0.07,0.93,1.306
2111,11,35,-3.39,7.0,regolith_plain,0.487,7.46,65.3,-45.4,0.091,0.909,1.268
2112,12,35,-7.94,16.37,regolith_plain,0.504,6.11,57.5,-34.0,0.148,0.852,1.606
2113,13,35,-15.09,18.25,regolith_plain,0.489,5.16,51.1,-27.3,0.145,0.855,1.612
2114,14,35,-16.16,12.68,regolith_plain,0.451,5.32,59.0,-40.9,0.112,0.888,1.383
2115,15,35,-16.98,15.39,regolith_plain,0.433,4.24,51.5,-38.4,0.11,0.89,1.473
2116,16,35,-25.75,17.47,regolith_plain,0.434,3.52,51.2,-37.5,0.121,0.879,1.49
2117,17,35,-29.38,0.95,regolith_plain,0.408,6.6,69.6,-33.1,0.038,0.962,0.97
2118,18,35,-25.65,10.92,regolith_plain,0.457,7.28,59.3,-30.8,0.091,0.909,1.316
2119,19,35,-22.76,17.65,regolith_plain,0.498,8.45,55.2,-34.6,0.141,0.859,1.717
2120,20,35,-16.66,16.24,regolith_plain,0.508,10.4,55.5,-36.0,0.15,0.85,1.623
2121,21,35,-13.57,6.1,regolith_plain,0.486,12.78,63.6,-30.8,0.093,0.907,1.335
2122,22,35,-12.45,5.94,regolith_plain,0.491,13.67,58.6,-35.8,0.102,0.898,1.345
2123,23,35,-10.24,12.04,regolith_plain,0.513,13.62,57.2,-23.6,0.148,0.852,1.544
2124,24,35,-3.94,19.95,regolith_plain,0.553,13.01,47.9,-38.9,0.183,0.817,1.869
2125,25,35,0.65,19.61,regolith_plain,0.598,13.23,49.6,-38.2,0.185,0.815,1.905
2126,26,35,-1.27,20.21,regolith_plain,0.629,12.2,61.0,-41.7,0.167,0.833,1.85
2127,27,35,-3.16,15.81,regolith_plain,0.619,11.47,49.5,-41.0,0.164,0.836,1.72
2128,28,35,-0.91,1.04,regolith_plain,0.533,12.77,71.4,-26.7,0.051,0.949,1.195
2129,29,35,-3.82,5.41,regolith_plain,0.492,11.72,70.5,-36.9,0.084,0.916,1.26
2130,30,35,-4.66,3.9,regolith_plain,0.46,11.54,66.3,-41.6,0.068,0.932,1.236
2131,31,35,-6.52,6.08,regolith_plain,0.423,10.82,77.3,-28.9,0.07,0.93,1.26
2132,32,35,-8.92,6.14,regolith_plain,0.402,10.91,61.0,-29.3,0.092,0.908,1.166
2133,33,35,-10.2,0.93,regolith_plain,0.408,12.22,70.9,-31.2,0.07,0.93,1.081
2134,34,35,-9.37,11.55,regolith_plain,0.47,11.42,52.5,-39.1,0.14,0.86,1.418
2135,35,35,-2.74,16.41,regolith_plain,0.538,12.14,49.8,-46.2,0.16,0.84,1.664
2136,36,35,1.88,9.65,regolith_plain,0.552,13.23,60.9,-33.2,0.112,0.888,1.465
2137,37,35,4.01,5.57,regolith_plain,0.564,13.01,69.0,-29.5,0.09,0.91,1.393
2138,38,35,4.64,6.03,regolith_plain,0.588,12.11,65.3,-40.5,0.076,0.924,1.429
2139,39,35,4.67,6.62,regolith_plain,0.584,11.19,70.3,-27.0,0.09,0.91,1.372
2140,40,35,4.13,10.32,regolith_plain,0.586,11.64,58.1,-32.8,0.118,0.882,1.48
2141,41,35,6.24,5.77,regolith_plain,0.59,14.23,61.7,-30.3,0.107,0.893,1.356
2142,42,35,7.32,2.48,regolith_plain,0.599,16.64,83.5,-25.1,0.099,0.901,1.354
2143,43,35,7.74,7.25,regolith_plain,0.626,16.91,64.4,-31.5,0.129,0.871,1.526
2144,44,35,3.45,11.71,regolith_plain,0.652,14.4,52.8,-35.9,0.134,0.866,1.695
2145,45,35,-0.45,7.55,regolith_plain,0.653,12.22,57.5,-32.6,0.098,0.902,1.436
2146,46,35,-0.74,13.57,regolith_plain,0.674,8.51,49.4,-45.8,0.141,0.859,1.734
2147,47,35,-3.09,6.61,regolith_plain,0.648,6.75,68.3,-37.8,0.062,0.938,1.351
2148,48,35,-1.16,8.68,regolith_plain,0.625,4.37,58.3,-38.0,0.103,0.897,1.403
2149,49,35,2.17,7.7,regolith_plain,0.595,2.63,62.3,-34.0,0.059,0.941,1.252
2150,50,35,3.42,11.69,regolith_plain,0.569,0.14,56.8,-33.6,0.093,0.907,1.399
2151,51,35,10.08,11.1,regolith_plain,0.529,0.0,62.2,-31.9,0.07,0.93,1.266
2152,52,35,10.96,7.39,regolith_plain,0.466,0.0,56.8,-30.7,0.06,0.94,1.134
2153,53,35,5.52,10.11,regolith_plain,0.42,0.0,52.4,-32.1,0.058,0.942,1.217
2154,54,35,3.86,2.79,regolith_plain,0.364,0.0,68.3,-34.6,0.027,0.973,0.931
2155,55,35,3.62,0.84,regolith_plain,0.327,0.0,72.7,-28.6,0.0,1.0,0.85
2156,56,35,3.86,3.65,regolith_plain,0.395,1.04,68.0,-34.7,0.039,0.961,1.001
2157,57,35,1.08,3.13,regolith_plain,0.456,3.84,61.7,-34.5,0.032,0.968,1.083
2158,58,35,1.93,4.78,regolith_plain,0.517,6.31,68.8,-30.3,0.053,0.947,1.176
2159,59,35,4.06,6.71,regolith_plain,0.579,8.74,58.2,-49.2,0.081,0.919,1.359
2160,0,36,-3.08,1.67,regolith_plain,0.715,3.15,65.0,-22.9,0.044,0.956,1.291
2161,1,36,-2.56,4.28,regolith_plain,0.676,4.08,59.6,-32.3,0.066,0.934,1.275
2162,2,36,-6.07,3.65,regolith_plain,0.631,5.5,73.8,-32.1,0.062,0.938,1.221
2163,3,36,-3.61,1.04,regolith_plain,0.603,7.22,72.7,-22.6,0.047,0.953,1.152
2164,4,36,-5.34,5.81,regolith_plain,0.597,7.72,67.2,-33.6,0.085,0.915,1.367
2165,5,36,-6.87,1.52,regolith_plain,0.561,8.12,75.8,-28.7,0.055,0.945,1.177
2166,6,36,-6.09,12.59,regolith_plain,0.56,6.21,73.0,-32.0,0.115,0.885,1.528
2167,7,36,1.13,13.63,regolith_plain,0.522,5.81,44.7,-33.3,0.104,0.896,1.57
2168,8,36,1.96,15.92,regolith_plain,0.481,5.33,48.1,-39.1,0.137,0.863,1.512
2169,9,36,-5.72,18.31,regolith_plain,0.459,5.41,46.2,-38.8,0.15,0.85,1.606
2170,10,36,-8.01,8.99,regolith_plain,0.436,7.13,55.0,-31.6,0.094,0.906,1.219
2171,11,36,-6.57,7.41,regolith_plain,0.447,7.7,55.4,-34.0,0.093,0.907,1.292
2172,12,36,-9.07,4.48,regolith_plain,0.46,8.32,63.3,-33.9,0.07,0.93,1.173
2173,13,36,-9.65,11.43,regolith_plain,0.495,6.91,50.1,-33.7,0.122,0.878,1.342
2174,14,36,-12.57,12.62,regolith_plain,0.478,6.36,58.1,-25.1,0.112,0.888,1.414
2175,15,36,-16.72,16.21,regolith_plain,0.45,5.45,52.5,-35.9,0.128,0.872,1.505
2176,16,36,-23.02,19.15,regolith_plain,0.457,4.9,51.8,-36.9,0.148,0.852,1.596
2177,17,36,-27.83,11.41,regolith_plain,0.451,6.86,60.5,-33.8,0.124,0.876,1.302
2178,18,36,-27.41,2.95,regolith_plain,0.437,10.09,70.4,-26.1,0.062,0.938,1.105
2179,19,36,-27.17,11.87,regolith_plain,0.466,10.71,54.7,-39.3,0.127,0.873,1.392
2180,20,36,-21.37,20.08,regolith_plain,0.504,11.02,60.6,-36.0,0.169,0.831,1.826
2181,21,36,-15.69,12.43,regolith_plain,0.503,12.89,57.7,-42.2,0.135,0.865,1.567
2182,22,36,-15.89,9.43,regolith_plain,0.485,14.05,48.5,-44.2,0.114,0.886,1.457
2183,23,36,-13.62,19.49,regolith_plain,0.505,13.27,42.6,-43.5,0.184,0.816,1.872
2184,24,36,-3.71,24.43,regolith_plain,0.542,12.96,32.7,-45.1,0.208,0.792,2.095
2185,25,36,3.47,8.49,regolith_plain,0.541,15.38,60.8,-28.2,0.13,0.87,1.498
2186,26,36,0.35,7.47,regolith_plain,0.572,14.62,61.1,-33.0,0.124,0.876,1.481
2187,27,36,-1.44,5.83,regolith_plain,0.574,13.58,60.8,-38.7,0.112,0.888,1.386
2188,28,36,-3.56,3.94,regolith_plain,0.528,12.91,77.7,-32.0,0.08,0.92,1.233
2189,29,36,-3.87,8.32,regolith_plain,0.499,11.68,64.1,-28.2,0.11,0.89,1.412
2190,30,36,-3.51,8.81,regolith_plain,0.479,11.03,64.7,-29.0,0.12,0.88,1.393
2191,31,36,-5.03,11.76,regolith_plain,0.457,10.02,51.5,-37.9,0.112,0.888,1.461
2192,32,36,-7.48,12.27,regolith_plain,0.448,9.88,50.5,-40.1,0.124,0.876,1.461
2193,33,36,-11.0,7.48,regolith_plain,0.485,10.99,62.0,-29.9,0.091,0.909,1.284
2194,34,36,-12.62,6.21,regolith_plain,0.555,11.76,64.2,-37.7,0.113,0.887,1.419
2195,35,36,-7.24,16.7,regolith_plain,0.62,11.23,40.5,-40.4,0.171,0.829,1.864
2196,36,36,-1.4,13.5,regolith_plain,0.618,11.44,54.1,-28.1,0.145,0.855,1.665
2197,37,36,0.05,8.88,regolith_plain,0.622,11.0,60.3,-34.2,0.115,0.885,1.517
2198,38,36,1.57,2.53,regolith_plain,0.624,10.81,65.9,-36.1,0.064,0.936,1.23
2199,39,36,1.77,1.17,regolith_plain,0.616,9.88,63.8,-32.0,0.073,0.927,1.264
2200,40,36,1.11,4.75,regolith_plain,0.601,10.21,61.5,-36.4,0.076,0.924,1.364
2201,41,36,4.96,9.27,regolith_plain,0.631,11.39,58.7,-41.2,0.108,0.892,1.553
2202,42,36,7.61,3.4,regolith_plain,0.629,14.14,66.8,-30.2,0.102,0.898,1.364
2203,43,36,5.2,3.93,regolith_plain,0.605,15.33,69.3,-27.8,0.091,0.909,1.346
2204,44,36,4.92,8.76,regolith_plain,0.613,13.06,66.8,-34.2,0.11,0.89,1.458
2205,45,36,3.38,13.78,regolith_plain,0.645,9.78,53.1,-38.9,0.146,0.854,1.69
2206,46,36,7.12,17.26,regolith_plain,0.668,6.73,48.3,-42.6,0.137,0.863,1.743
2207,47,36,1.61,14.06,regolith_plain,0.664,4.69,57.2,-36.1,0.126,0.874,1.632
2208,48,36,3.13,11.65,regolith_plain,0.639,3.01,60.8,-36.3,0.098,0.902,1.51
2209,49,36,2.28,7.6,regolith_plain,0.608,1.7,59.0,-38.6,0.071,0.929,1.353
2210,50,36,4.04,14.51,regolith_plain,0.615,0.0,58.8,-26.9,0.103,0.897,1.551
2211,51,36,11.07,9.2,regolith_plain,0.603,0.0,65.8,-30.1,0.091,0.909,1.319
2212,52,36,10.43,7.28,regolith_plain,0.527,0.0,69.7,-28.3,0.056,0.944,1.222
2213,53,36,5.97,8.64,regolith_plain,0.425,0.0,71.2,-26.6,0.058,0.942,1.108
2214,54,36,4.85,5.38,regolith_plain,0.362,0.0,58.9,-31.3,0.042,0.958,0.942
2215,55,36,4.82,8.36,regolith_plain,0.336,0.0,60.9,-35.3,0.065,0.935,1.041
2216,56,36,2.86,9.11,regolith_plain,0.384,0.0,60.1,-32.9,0.082,0.918,1.095
2217,57,36,1.41,10.0,regolith_plain,0.434,1.24,58.4,-35.8,0.081,0.919,1.186
2218,58,36,3.24,9.89,regolith_plain,0.493,3.94,55.2,-34.3,0.077,0.923,1.325
2219,59,36,2.18,6.77,regolith_plain,0.545,7.09,53.6,-35.6,0.12,0.88,1.354
2220,0,37,-2.09,4.19,regolith_plain,0.703,1.42,66.0,-33.6,0.064,0.936,1.251
2221,1,37,-3.23,4.83,regolith_plain,0.672,2.25,60.1,-39.5,0.048,0.952,1.254
2222,2,37,-5.35,0.33,regolith_plain,0.628,3.86,70.2,-30.2,0.02,0.98,1.092
2223,3,37,-3.33,1.42,regolith_plain,0.599,4.63,63.7,-34.0,0.024,0.976,1.089
2224,4,37,-4.38,2.23,regolith_plain,0.572,5.42,60.9,-41.8,0.045,0.955,1.173
2225,5,37,-4.08,6.82,regolith_plain,0.544,5.41,63.9,-31.1,0.072,0.928,1.273
2226,6,37,-4.62,8.35,regolith_plain,0.507,5.86,61.7,-30.1,0.077,0.923,1.334
2227,7,37,-1.54,6.5,regolith_plain,0.455,6.82,66.3,-22.4,0.062,0.938,1.147
2228,8,37,-2.06,12.52,regolith_plain,0.419,6.51,69.3,-32.9,0.1,0.9,1.39
2229,9,37,-8.21,10.95,regolith_plain,0.399,6.85,59.6,-37.0,0.11,0.89,1.319
2230,10,37,-9.34,3.7,regolith_plain,0.391,8.04,68.8,-36.1,0.061,0.939,1.051
2231,11,37,-8.48,3.92,regolith_plain,0.41,8.11,59.2,-34.2,0.056,0.944,1.149
2232,12,37,-7.39,1.12,regolith_plain,0.431,8.61,61.1,-33.7,0.052,0.948,1.073
2233,13,37,-7.8,4.86,regolith_plain,0.465,8.08,74.2,-33.1,0.074,0.926,1.174
2234,14,37,-10.66,7.03,regolith_plain,0.47,7.79,56.7,-36.6,0.087,0.913,1.26
2235,15,37,-11.88,15.3,regolith_plain,0.479,6.57,46.9,-47.2,0.129,0.871,1.465
2236,16,37,-17.41,23.15,regolith_plain,0.49,5.7,44.3,-36.4,0.171,0.829,1.797
2237,17,37,-22.6,19.23,regolith_plain,0.457,7.5,48.3,-41.9,0.168,0.832,1.759
2238,18,37,-23.7,14.3,regolith_plain,0.444,10.18,48.9,-39.1,0.126,0.874,1.509
2239,19,37,-28.6,3.25,regolith_plain,0.419,13.78,64.6,-39.5,0.082,0.918,1.143
2240,20,37,-25.71,14.93,regolith_plain,0.447,13.41,61.0,-37.3,0.135,0.865,1.63
2241,21,37,-20.48,13.38,regolith_plain,0.471,13.92,50.5,-39.9,0.142,0.858,1.616
2242,22,37,-18.76,7.35,regolith_plain,0.474,15.09,53.6,-37.8,0.116,0.884,1.386
2243,23,37,-17.45,13.78,regolith_plain,0.51,14.4,60.5,-33.3,0.159,0.841,1.681
2244,24,37,-10.1,22.61,regolith_plain,0.553,13.27,48.1,-33.7,0.18,0.82,1.945
2245,25,37,-3.74,18.04,regolith_plain,0.553,14.02,46.4,-37.2,0.176,0.824,1.878
2246,26,37,-3.11,3.11,regolith_plain,0.518,15.56,57.1,-32.7,0.11,0.89,1.303
2247,27,37,-1.97,8.78,regolith_plain,0.529,13.7,55.9,-31.0,0.089,0.911,1.441
2248,28,37,-2.2,13.65,regolith_plain,0.528,12.12,54.7,-34.8,0.145,0.855,1.633
2249,29,37,2.03,17.99,regolith_plain,0.53,10.81,57.2,-36.2,0.149,0.851,1.794
2250,30,37,1.43,18.35,regolith_plain,0.533,10.1,43.6,-36.7,0.157,0.843,1.729
2251,31,37,0.8,20.29,regolith_plain,0.526,9.14,47.2,-35.1,0.174,0.826,1.857
2252,32,37,-2.59,21.52,regolith_plain,0.527,8.57,50.4,-35.6,0.167,0.833,1.915
2253,33,37,-9.13,16.75,regolith_plain,0.574,9.13,37.3,-48.7,0.15,0.85,1.732
2254,34,37,-11.56,7.63,regolith_plain,0.635,10.46,67.8,-35.7,0.104,0.896,1.476
2255,35,37,-6.98,10.23,regolith_plain,0.665,10.31,51.7,-39.1,0.12,0.88,1.594
2256,36,37,-4.36,11.16,regolith_plain,0.662,9.59,59.7,-31.9,0.11,0.89,1.672
2257,37,37,-1.49,12.32,regolith_plain,0.708,8.29,57.9,-35.6,0.123,0.877,1.694
2258,38,37,4.2,8.39,rock_field,0.752,7.75,67.3,-27.7,0.26,0.74,2.387
2259,39,37,4.0,6.0,regolith_plain,0.749,6.98,66.7,-27.1,0.088,0.912,1.415
2260,40,37,3.21,10.28,regolith_plain,0.722,6.95,44.4,-35.3,0.111,0.889,1.595
2261,41,37,6.89,11.5,regolith_plain,0.711,8.25,52.6,-32.6,0.122,0.878,1.618
2262,42,37,9.68,7.05,regolith_plain,0.681,10.41,63.1,-38.1,0.112,0.888,1.468
2263,43,37,8.34,11.17,regolith_plain,0.63,11.03,56.5,-34.4,0.139,0.861,1.577
2264,44,37,9.34,14.41,regolith_plain,0.62,9.41,57.0,-38.4,0.134,0.866,1.754
2265,45,37,9.11,17.77,regolith_plain,0.652,6.94,55.2,-43.0,0.15,0.85,1.822
2266,46,37,11.56,11.7,regolith_plain,0.654,5.88,60.8,-35.5,0.112,0.888,1.492
2267,47,37,6.1,17.18,regolith_plain,0.675,3.09,49.8,-32.6,0.144,0.856,1.682
2268,48,37,7.06,15.31,regolith_plain,0.665,1.72,42.1,-38.6,0.116,0.884,1.579
2269,49,37,7.44,16.68,regolith_plain,0.67,0.0,48.9,-29.8,0.119,0.881,1.621
2270,50,37,8.89,12.04,regolith_plain,0.663,0.0,59.3,-33.6,0.084,0.916,1.423
2271,51,37,11.16,2.61,regolith_plain,0.643,0.0,60.6,-24.0,0.034,0.966,1.122
2272,52,37,10.7,5.02,regolith_plain,0.594,0.0,68.3,-30.4,0.046,0.954,1.156
2273,53,37,7.95,8.29,regolith_plain,0.521,0.0,66.3,-31.7,0.066,0.934,1.186
2274,54,37,7.45,9.75,regolith_plain,0.449,0.0,60.0,-39.1,0.087,0.913,1.184
2275,55,37,9.14,10.21,regolith_plain,0.376,0.0,40.4,-36.4,0.063,0.937,1.127
2276,56,37,9.28,14.83,regolith_plain,0.417,0.0,46.0,-40.9,0.099,0.901,1.36
2277,57,37,8.12,19.74,regolith_plain,0.471,0.0,59.6,-36.7,0.126,0.874,1.666
2278,58,37,8.86,17.07,regolith_plain,0.483,0.5,47.9,-33.1,0.131,0.869,1.476
2279,59,37,8.31,16.26,regolith_plain,0.496,3.05,40.2,-36.6,0.127,0.873,1.489
2280,0,38,-1.24,6.38,regolith_plain,0.679,0.0,70.4,-25.8,0.042,0.958,1.271
2281,1,38,-3.46,6.68,regolith_plain,0.668,0.23,62.7,-34.5,0.052,0.948,1.259
2282,2,38,-5.86,4.59,regolith_plain,0.647,1.08,71.6,-30.3,0.044,0.956,1.246
2283,3,38,-3.82,2.77,regolith_plain,0.6,1.9,68.6,-31.4,0.02,0.98,1.112
2284,4,38,-3.97,3.57,regolith_plain,0.561,2.39,68.8,-28.0,0.042,0.958,1.12
2285,5,38,-2.09,5.96,regolith_plain,0.51,3.63,65.6,-26.2,0.055,0.945,1.221
2286,6,38,-0.8,7.04,regolith_plain,0.457,5.07,66.4,-30.8,0.092,0.908,1.184
2287,7,38,-2.63,5.22,regolith_plain,0.402,6.94,77.9,-20.5,0.072,0.928,1.126
2288,8,38,-3.91,10.53,regolith_plain,0.363,7.48,64.2,-29.7,0.099,0.901,1.25
2289,9,38,-8.32,10.08,regolith_plain,0.361,7.31,49.4,-39.4,0.09,0.91,1.309
2290,10,38,-10.58,7.36,regolith_plain,0.375,7.6,64.6,-29.8,0.059,0.941,1.141
2291,11,38,-8.49,8.49,regolith_plain,0.398,7.3,67.5,-25.3,0.089,0.911,1.276
2292,12,38,-8.68,9.33,regolith_plain,0.43,7.17,67.0,-24.3,0.11,0.89,1.276
2293,13,38,-8.72,8.18,regolith_plain,0.454,7.77,58.4,-30.6,0.088,0.912,1.215
2294,14,38,-9.8,1.36,regolith_plain,0.458,9.22,75.5,-29.4,0.054,0.946,1.034
2295,15,38,-8.11,7.49,regolith_plain,0.492,8.73,67.3,-33.2,0.115,0.885,1.239
2296,16,38,-9.69,18.01,regolith_plain,0.499,7.88,65.6,-30.5,0.16,0.84,1.748
2297,17,38,-15.38,16.34,regolith_plain,0.431,9.73,47.5,-32.6,0.149,0.851,1.536
2298,18,38,-19.17,18.45,regolith_plain,0.43,11.35,46.7,-38.1,0.174,0.826,1.677
2299,19,38,-28.21,12.84,regolith_plain,0.42,14.11,54.0,-35.7,0.147,0.853,1.432
2300,20,38,-28.27,10.03,regolith_plain,0.388,15.76,56.0,-36.8,0.136,0.864,1.413
2301,21,38,-22.19,11.74,regolith_plain,0.425,15.33,51.8,-39.7,0.125,0.875,1.483
2302,22,38,-20.07,5.71,regolith_plain,0.463,16.06,47.1,-40.8,0.097,0.903,1.323
2303,23,38,-18.22,10.33,regolith_plain,0.526,15.19,56.0,-36.4,0.134,0.866,1.543
2304,24,38,-13.17,15.01,regolith_plain,0.552,14.43,55.7,-30.1,0.149,0.851,1.65
2305,25,38,-7.52,17.03,regolith_plain,0.537,14.25,48.3,-40.5,0.168,0.832,1.835
2306,26,38,-0.91,17.76,regolith_plain,0.507,13.65,62.1,-34.4,0.159,0.841,1.768
2307,27,38,4.67,15.79,regolith_plain,0.486,13.21,52.7,-41.3,0.169,0.831,1.674
2308,28,38,5.3,17.6,regolith_plain,0.509,12.2,58.4,-32.9,0.156,0.844,1.789
2309,29,38,8.6,12.07,regolith_plain,0.521,12.28,58.3,-30.4,0.122,0.878,1.471
2310,30,38,9.7,13.25,regolith_plain,0.553,11.35,60.4,-28.5,0.121,0.879,1.63
2311,31,38,9.2,14.81,regolith_plain,0.564,10.37,55.4,-35.8,0.147,0.853,1.632
2312,32,38,4.78,20.41,regolith_plain,0.583,8.81,55.8,-34.1,0.167,0.833,1.9
2313,33,38,-2.97,19.39,regolith_plain,0.646,8.27,49.0,-39.3,0.176,0.824,1.804
2314,34,38,-7.71,7.17,regolith_plain,0.705,9.45,65.1,-31.0,0.098,0.902,1.479
2315,35,38,-7.85,8.79,regolith_plain,0.717,8.64,62.5,-32.7,0.1,0.9,1.552
2316,36,38,-7.06,12.42,regolith_plain,0.711,7.2,54.6,-36.4,0.125,0.875,1.714
2317,37,38,-1.68,15.84,rock_field,0.798,5.57,55.0,-35.8,0.294,0.706,2.837
2318,38,38,3.75,11.14,rock_field,0.881,5.15,71.2,-28.8,0.245,0.755,2.732
2319,39,38,5.85,8.95,rock_field,0.889,4.36,58.5,-36.1,0.248,0.752,2.616
2320,40,38,7.76,13.57,rock_field,0.848,4.03,57.6,-36.2,0.271,0.729,2.718
2321,41,38,9.89,10.88,rock_field,0.791,5.54,65.6,-25.8,0.265,0.735,2.656
2322,42,38,12.34,9.18,regolith_plain,0.731,6.91,66.7,-21.5,0.1,0.9,1.566
2323,43,38,13.09,13.66,regolith_plain,0.647,7.44,55.0,-41.3,0.11,0.89,1.583
2324,44,38,15.18,11.29,regolith_plain,0.609,7.08,43.3,-45.6,0.102,0.898,1.442
2325,45,38,16.01,16.59,regolith_plain,0.651,4.88,54.8,-40.1,0.143,0.857,1.8
2326,46,38,14.84,15.63,regolith_plain,0.67,3.61,39.5,-42.0,0.126,0.874,1.759
2327,47,38,13.13,23.53,regolith_plain,0.698,1.01,52.9,-33.0,0.171,0.829,1.954
2328,48,38,14.0,19.77,regolith_plain,0.697,0.3,49.3,-35.4,0.131,0.869,1.881
2329,49,38,14.12,15.57,regolith_plain,0.714,0.0,58.9,-33.7,0.114,0.886,1.689
2330,50,38,11.71,7.74,regolith_plain,0.709,0.0,56.1,-33.3,0.07,0.93,1.406
2331,51,38,10.83,0.89,regolith_plain,0.689,0.0,59.7,-36.9,0.011,0.989,1.1
2332,52,38,11.86,4.25,regolith_plain,0.664,0.0,66.9,-32.6,0.043,0.957,1.227
2333,53,38,10.81,9.51,regolith_plain,0.634,0.0,59.3,-34.3,0.067,0.933,1.328
2334,54,38,11.62,8.04,regolith_plain,0.53,0.0,58.2,-41.0,0.087,0.913,1.206
2335,55,38,11.79,7.92,regolith_plain,0.406,0.0,61.8,-38.0,0.057,0.943,1.091
2336,56,38,13.4,14.26,regolith_plain,0.436,0.0,70.9,-34.7,0.111,0.889,1.308
2337,57,38,15.76,18.1,regolith_plain,0.488,0.0,55.1,-32.7,0.123,0.877,1.572
2338,58,38,15.52,18.86,regolith_plain,0.463,0.0,55.5,-34.6,0.121,0.879,1.55
2339,59,38,13.8,20.45,regolith_plain,0.432,0.0,52.6,-34.2,0.146,0.854,1.613
2340,0,39,-2.71,3.04,regolith_plain,0.659,0.0,75.5,-35.9,0.023,0.977,1.189
2341,1,39,-2.48,4.12,regolith_plain,0.636,0.0,64.3,-38.4,0.034,0.966,1.137
2342,2,39,-2.16,6.65,regolith_plain,0.614,0.0,50.4,-34.7,0.06,0.94,1.187
2343,3,39,-2.95,2.32,regolith_plain,0.552,0.0,66.3,-42.9,0.002,0.998,1.047
2344,4,39,-2.57,5.66,regolith_plain,0.513,0.0,68.6,-26.1,0.043,0.957,1.085
2345,5,39,-1.36,7.13,regolith_plain,0.453,1.54,56.3,-42.7,0.058,0.942,1.119
2346,6,39,0.29,4.81,regolith_plain,0.388,4.41,63.6,-29.8,0.058,0.942,1.073
2347,7,39,-3.46,10.12,regolith_plain,0.356,6.14,54.7,-40.0,0.092,0.908,1.208
2348,8,39,-6.84,10.63,regolith_plain,0.304,8.14,67.3,-28.1,0.114,0.886,1.256
2349,9,39,-10.67,11.17,regolith_plain,0.312,7.48,62.2,-21.1,0.099,0.901,1.302
2350,10,39,-14.5,6.86,regolith_plain,0.334,7.78,66.4,-41.6,0.092,0.908,1.154
2351,11,39,-14.14,9.17,regolith_plain,0.374,7.09,63.6,-30.7,0.082,0.918,1.244
2352,12,39,-13.96,11.7,regolith_plain,0.425,6.6,56.9,-43.0,0.109,0.891,1.404
2353,13,39,-13.44,9.02,regolith_plain,0.459,7.83,61.3,-32.6,0.107,0.893,1.264
2354,14,39,-11.39,10.6,regolith_plain,0.488,8.41,51.2,-38.7,0.098,0.902,1.44
2355,15,39,-6.62,6.83,regolith_plain,0.496,9.81,49.4,-38.2,0.083,0.917,1.297
2356,16,39,-6.62,12.8,regolith_plain,0.519,10.06,56.8,-39.8,0.137,0.863,1.569
2357,17,39,-15.71,18.6,regolith_plain,0.491,11.2,51.5,-35.0,0.168,0.832,1.79
2358,18,39,-20.04,17.49,regolith_plain,0.433,13.28,58.0,-41.8,0.151,0.849,1.704
2359,19,39,-28.07,14.01,regolith_plain,0.371,15.72,64.0,-29.2,0.159,0.841,1.474
2360,20,39,-29.42,9.7,regolith_plain,0.343,17.43,68.8,-34.3,0.144,0.856,1.309
2361,21,39,-21.81,14.59,regolith_plain,0.422,16.08,48.0,-45.4,0.172,0.828,1.644
2362,22,39,-19.29,12.29,regolith_plain,0.45,15.8,54.4,-31.2,0.149,0.851,1.543
2363,23,39,-15.09,16.5,regolith_plain,0.503,14.55,54.7,-37.6,0.172,0.828,1.793
2364,24,39,-10.84,18.14,regolith_plain,0.553,13.99,65.2,-25.9,0.191,0.809,1.828
2365,25,39,-3.67,19.95,regolith_plain,0.542,13.88,56.9,-31.6,0.194,0.806,1.809
2366,26,39,0.84,17.06,regolith_plain,0.501,14.04,58.0,-39.3,0.153,0.847,1.773
2367,27,39,7.48,15.65,regolith_plain,0.476,13.79,50.5,-39.1,0.156,0.844,1.735
2368,28,39,9.86,7.48,regolith_plain,0.465,14.38,56.5,-36.2,0.11,0.89,1.374
2369,29,39,9.36,2.66,regolith_plain,0.488,14.27,71.8,-25.2,0.095,0.905,1.248
2370,30,39,10.83,6.17,regolith_plain,0.541,12.91,56.6,-34.7,0.111,0.889,1.302
2371,31,39,10.16,13.5,regolith_plain,0.597,10.98,53.7,-36.6,0.137,0.863,1.721
2372,32,39,5.98,17.89,regolith_plain,0.646,9.27,49.6,-39.4,0.161,0.839,1.848
2373,33,39,-2.62,22.23,regolith_plain,0.725,7.38,55.1,-36.7,0.184,0.816,2.112
2374,34,39,-10.37,17.58,rock_field,0.787,6.8,48.5,-33.5,0.306,0.694,2.968
2375,35,39,-13.13,11.2,rock_field,0.778,6.39,43.0,-40.6,0.246,0.754,2.514
2376,36,39,-10.65,11.63,rock_field,0.78,5.11,60.2,-36.0,0.247,0.753,2.655
2377,37,39,-4.94,17.43,rock_field,0.863,3.13,46.6,-41.3,0.3,0.7,2.929
2378,38,39,1.9,19.29,rock_field,0.947,1.74,49.0,-40.2,0.315,0.685,3.26
2379,39,39,8.86,14.44,rock_field,0.967,1.36,53.6,-42.0,0.299,0.701,2.927
2380,40,39,11.98,9.3,rock_field,0.897,2.25,58.1,-37.9,0.239,0.761,2.494
2381,41,39,13.07,9.83,rock_field,0.82,2.9,63.9,-26.9,0.234,0.766,2.378
2382,42,39,15.31,12.25,regolith_plain,0.748,3.27,47.3,-39.6,0.112,0.888,1.552
2383,43,39,17.64,10.29,regolith_plain,0.67,4.73,55.6,-33.2,0.083,0.917,1.441
2384,44,39,16.78,6.66,regolith_plain,0.653,4.98,66.8,-42.0,0.056,0.944,1.341
2385,45,39,21.02,8.44,regolith_plain,0.667,3.86,57.0,-33.2,0.086,0.914,1.363
2386,46,39,22.38,8.37,regolith_plain,0.679,3.01,51.1,-38.0,0.078,0.922,1.375
2387,47,39,23.49,17.43,crater_rim,0.722,0.8,54.8,-37.8,0.215,0.785,2.244
2388,48,39,21.4,13.04,crater_rim,0.717,0.57,62.4,-32.5,0.195,0.805,2.018
2389,49,39,18.34,12.79,crater_rim,0.715,0.0,55.7,-37.5,0.193,0.807,2.024
2390,50,39,13.21,9.73,regolith_plain,0.714,0.0,47.5,-46.9,0.08,0.92,1.462
2391,51,39,11.76,0.9,regolith_plain,0.695,0.0,73.2,-25.7,0.025,0.975,1.125
2392,52,39,13.67,4.58,regolith_plain,0.678,0.0,55.0,-34.8,0.043,0.957,1.273
2393,53,39,14.64,8.89,regolith_plain,0.653,0.0,62.1,-34.5,0.077,0.923,1.383
2394,54,39,13.02,6.94,regolith_plain,0.593,0.0,57.0,-38.9,0.046,0.954,1.237
2395,55,39,14.41,9.45,regolith_plain,0.537,0.0,52.6,-42.5,0.057,0.943,1.265
2396,56,39,18.64,11.82,regolith_plain,0.511,0.0,54.3,-35.1,0.076,0.924,1.402
2397,57,39,21.02,9.29,regolith_plain,0.483,0.0,58.7,-28.0,0.068,0.932,1.247
2398,58,39,22.39,10.38,regolith_plain,0.446,0.0,54.7,-35.0,0.08,0.92,1.252
2399,59,39,22.82,15.74,crater_rim,0.418,0.0,56.2,-40.9,0.213,0.787,1.674
2400,0,40,-3.31,7.95,regolith_plain,0.661,0.0,58.6,-33.6,0.066,0.934,1.268
2401,1,40,-0.63,3.62,regolith_plain,0.603,0.0,71.9,-30.0,0.047,0.953,1.182
2402,2,40,-1.22,2.34,regolith_plain,0.551,0.0,69.1,-27.4,0.018,0.982,1.055
2403,3,40,-2.26,4.9,regolith_plain,0.494,0.0,60.4,-31.4,0.031,0.969,1.046
2404,4,40,-0.34,10.22,regolith_plain,0.448,0.0,53.6,-48.2,0.075,0.925,1.273
2405,5,40,2.01,6.3,regolith_plain,0.385,1.29,53.2,-34.3,0.059,0.941,1.067
2406,6,40,1.84,8.3,regolith_plain,0.345,3.33,62.6,-37.4,0.075,0.925,1.164
2407,7,40,-3.07,13.59,regolith_plain,0.334,4.87,52.9,-42.7,0.14,0.86,1.339
2408,8,40,-6.0,13.02,regolith_plain,0.293,6.91,41.4,-41.9,0.11,0.89,1.29
2409,9,40,-10.25,14.47,regolith_plain,0.301,6.56,50.9,-36.2,0.136,0.864,1.393
2410,10,40,-13.91,10.25,regolith_plain,0.327,7.4,53.3,-43.6,0.093,0.907,1.228
2411,11,40,-14.92,4.76,regolith_plain,0.353,8.43,74.2,-27.0,0.079,0.921,1.08
2412,12,40,-16.94,3.17,regolith_plain,0.399,8.96,56.3,-33.1,0.065,0.935,1.032
2413,13,40,-14.52,7.22,regolith_plain,0.453,8.97,53.4,-37.0,0.091,0.909,1.288
2414,14,40,-12.9,8.5,regolith_plain,0.472,9.39,67.3,-35.9,0.103,0.897,1.265
2415,15,40,-8.58,7.64,regolith_plain,0.474,10.14,69.7,-35.5,0.097,0.903,1.333
2416,16,40,-10.04,15.15,regolith_plain,0.527,10.1,48.9,-34.8,0.14,0.86,1.597
2417,17,40,-16.39,16.18,regolith_plain,0.532,12.24,48.4,-45.3,0.138,0.862,1.689
2418,18,40,-21.64,12.13,regolith_plain,0.441,14.62,60.4,-31.1,0.15,0.85,1.498
2419,19,40,-24.79,7.4,regolith_plain,0.34,17.1,47.9,-40.6,0.11,0.89,1.311
2420,20,40,-25.54,9.27,regolith_plain,0.346,17.78,48.6,-40.1,0.133,0.867,1.364
2421,21,40,-19.78,16.15,regolith_plain,0.443,16.08,50.5,-45.7,0.174,0.826,1.603
2422,22,40,-14.53,17.04,regolith_plain,0.439,15.27,60.6,-35.9,0.162,0.838,1.761
2423,23,40,-9.91,13.94,regolith_plain,0.443,15.07,52.1,-35.8,0.152,0.848,1.545
2424,24,40,-6.74,20.72,regolith_plain,0.532,13.56,47.8,-45.0,0.196,0.804,1.945
2425,25,40,1.09,23.4,regolith_plain,0.543,12.92,51.1,-36.4,0.198,0.802,2.098
2426,26,40,4.19,17.24,regolith_plain,0.508,13.32,63.7,-33.7,0.165,0.835,1.744
2427,27,40,11.32,8.88,regolith_plain,0.476,13.95,56.8,-39.1,0.11,0.89,1.344
2428,28,40,10.2,6.72,regolith_plain,0.474,13.65,62.5,-31.1,0.102,0.898,1.389
2429,29,40,7.02,6.82,regolith_plain,0.511,13.01,73.4,-39.4,0.091,0.909,1.373
2430,30,40,5.45,10.92,regolith_plain,0.574,11.77,48.8,-37.7,0.124,0.876,1.545
2431,31,40,0.91,12.08,regolith_plain,0.636,10.98,62.9,-27.6,0.116,0.884,1.695
2432,32,40,2.97,8.14,regolith_plain,0.693,10.62,54.9,-31.1,0.106,0.894,1.558
2433,33,40,-3.5,23.93,rock_field,0.796,7.03,44.3,-38.6,0.336,0.664,3.269
2434,34,40,-14.79,17.12,rock_field,0.828,6.71,49.7,-39.5,0.295,0.705,3.027
2435,35,40,-15.77,11.44,rock_field,0.813,5.95,51.7,-40.1,0.262,0.738,2.741
2436,36,40,-7.88,21.63,rock_field,0.848,3.05,40.3,-42.4,0.31,0.69,3.103
2437,37,40,-2.03,16.26,rock_field,0.877,2.63,53.8,-34.3,0.263,0.737,2.802
2438,38,40,1.39,14.29,rock_field,0.919,1.71,60.2,-37.3,0.26,0.74,2.931
2439,39,40,7.96,16.03,rock_field,0.961,0.23,51.6,-33.9,0.28,0.72,2.999
2440,40,40,12.77,11.72,rock_field,0.905,0.63,57.5,-26.4,0.26,0.74,2.583
2441,41,40,15.98,10.98,rock_field,0.823,1.0,61.3,-33.9,0.245,0.755,2.521
2442,42,40,19.73,6.59,regolith_plain,0.738,1.91,56.9,-40.6,0.102,0.898,1.442
2443,43,40,20.2,7.58,regolith_plain,0.717,2.79,66.1,-37.5,0.075,0.925,1.411
2444,44,40,18.39,3.43,regolith_plain,0.732,3.08,71.1,-27.3,0.066,0.934,1.279
2445,45,40,17.95,6.73,regolith_plain,0.731,1.72,78.2,-28.0,0.08,0.92,1.386
2446,46,40,20.18,12.08,crater_rim,0.75,0.06,54.5,-32.4,0.207,0.793,2.022
2447,47,40,25.65,2.62,rock_field,0.758,0.61,64.4,-34.7,0.19,0.81,1.933
2448,48,40,21.7,10.74,rock_field,0.773,0.0,62.8,-29.7,0.228,0.772,2.343
2449,49,40,18.06,12.1,crater_rim,0.732,0.0,61.6,-34.1,0.194,0.806,1.871
2450,50,40,13.62,11.13,regolith_plain,0.716,0.0,54.5,-38.8,0.094,0.906,1.442
2451,51,40,10.4,3.64,regolith_plain,0.695,0.0,63.6,-34.4,0.043,0.957,1.23
2452,52,40,13.26,9.55,regolith_plain,0.675,0.0,62.7,-37.8,0.081,0.919,1.422
2453,53,40,17.03,7.01,regolith_plain,0.623,0.0,57.3,-27.0,0.056,0.944,1.242
2454,54,40,16.48,8.67,regolith_plain,0.607,0.0,58.0,-35.1,0.064,0.936,1.256
2455,55,40,15.34,3.41,regolith_plain,0.583,0.0,66.8,-29.0,0.047,0.953,1.14
2456,56,40,18.54,8.63,regolith_plain,0.533,0.0,66.5,-33.9,0.065,0.935,1.236
2457,57,40,21.12,6.32,regolith_plain,0.454,0.0,59.4,-38.4,0.049,0.951,1.049
2458,58,40,22.62,6.67,regolith_plain,0.422,0.0,51.6,-37.9,0.048,0.952,1.107
2459,59,40,25.03,6.96,regolith_plain,0.393,0.0,50.8,-32.8,0.049,0.951,1.022
2460,0,41,-4.25,9.89,regolith_plain,0.661,0.0,51.6,-39.0,0.065,0.935,1.461
2461,1,41,-1.06,4.87,regolith_plain,0.588,0.0,56.8,-38.6,0.039,0.961,1.209
2462,2,41,-2.01,2.75,regolith_plain,0.521,0.0,66.0,-31.3,0.038,0.962,1.036
2463,3,41,0.37,9.73,regolith_plain,0.47,0.0,52.2,-34.7,0.063,0.937,1.19
2464,4,41,3.23,7.54,regolith_plain,0.401,0.0,57.5,-28.3,0.077,0.923,1.133
2465,5,41,2.48,3.18,regolith_plain,0.35,2.14,61.9,-32.2,0.016,0.984,0.97
2466,6,41,3.16,4.53,regolith_plain,0.322,3.54,62.4,-30.9,0.056,0.944,0.924
2467,7,41,2.2,12.22,regolith_plain,0.326,3.99,64.5,-29.9,0.122,0.878,1.204
2468,8,41,-1.01,17.96,regolith_plain,0.308,4.53,54.2,-41.1,0.138,0.862,1.526
2469,9,41,-4.03,20.72,regolith_plain,0.311,4.82,47.3,-42.8,0.17,0.83,1.637
2470,10,41,-8.99,18.39,regolith_plain,0.345,6.32,47.0,-43.5,0.139,0.861,1.538
2471,11,41,-12.74,10.66,regolith_plain,0.378,8.62,55.7,-41.7,0.096,0.904,1.356
2472,12,41,-11.78,6.63,regolith_plain,0.421,10.16,64.7,-30.2,0.088,0.912,1.183
2473,13,41,-10.38,5.46,regolith_plain,0.454,10.45,67.5,-31.3,0.081,0.919,1.182
2474,14,41,-10.75,4.51,regolith_plain,0.473,10.7,59.6,-34.9,0.064,0.936,1.16
2475,15,41,-11.16,13.64,regolith_plain,0.512,9.43,55.2,-47.0,0.13,0.87,1.59
2476,16,41,-14.13,8.87,regolith_plain,0.505,10.94,48.0,-31.1,0.102,0.898,1.429
2477,17,41,-15.78,10.96,regolith_plain,0.491,13.13,59.2,-39.2,0.142,0.858,1.524
2478,18,41,-21.87,12.48,regolith_plain,0.437,14.47,60.8,-26.9,0.144,0.856,1.521
2479,19,41,-24.63,5.66,regolith_plain,0.363,17.06,62.1,-40.8,0.104,0.896,1.205
2480,20,41,-25.23,12.02,regolith_plain,0.359,16.98,67.7,-36.3,0.15,0.85,1.498
2481,21,41,-18.2,19.74,regolith_plain,0.422,15.31,43.0,-50.3,0.191,0.809,1.763
2482,22,41,-12.02,15.31,regolith_plain,0.439,15.45,54.5,-36.0,0.169,0.831,1.678
2483,23,41,-8.94,17.77,regolith_plain,0.48,14.57,50.2,-43.3,0.175,0.825,1.677
2484,24,41,-0.44,28.54,rock_field,0.543,12.3,38.0,-47.2,0.381,0.619,3.333
2485,25,41,9.75,18.98,regolith_plain,0.509,12.87,48.4,-44.8,0.164,0.836,1.817
2486,26,41,7.87,7.1,regolith_plain,0.485,13.68,62.8,-31.3,0.102,0.898,1.391
2487,27,41,5.76,14.28,regolith_plain,0.516,11.58,59.4,-32.5,0.134,0.866,1.589
2488,28,41,7.95,10.89,regolith_plain,0.518,11.42,66.3,-25.7,0.118,0.882,1.514
2489,29,41,8.8,3.99,regolith_plain,0.544,12.2,65.6,-36.0,0.086,0.914,1.243
2490,30,41,6.11,9.7,regolith_plain,0.624,11.07,64.2,-32.8,0.118,0.882,1.542
2491,31,41,1.97,8.66,regolith_plain,0.677,10.97,56.3,-41.6,0.12,0.88,1.58
2492,32,41,2.33,6.84,regolith_plain,0.715,10.62,67.1,-33.9,0.108,0.892,1.571
2493,33,41,-2.64,16.1,rock_field,0.801,8.29,47.7,-41.2,0.295,0.705,3.054
2494,34,41,-9.19,16.84,rock_field,0.864,7.06,58.0,-33.5,0.302,0.698,2.871
2495,35,41,-8.92,19.01,rock_field,0.857,5.16,62.4,-29.6,0.301,0.699,2.999
2496,36,41,-2.72,18.15,rock_field,0.849,3.82,49.3,-34.2,0.289,0.711,2.944
2497,37,41,2.15,11.77,rock_field,0.861,3.39,43.9,-43.3,0.248,0.752,2.508
2498,38,41,3.89,11.93,rock_field,0.894,1.98,53.6,-32.4,0.261,0.739,2.533
2499,39,41,10.44,14.46,rock_field,0.94,0.21,61.5,-33.7,0.248,0.752,2.937
2500,40,41,14.12,8.93,rock_field,0.9,0.39,63.5,-34.1,0.232,0.768,2.45
2501,41,41,16.52,6.22,rock_field,0.832,0.52,64.7,-35.3,0.215,0.785,2.306
2502,42,41,17.19,10.87,rock_field,0.784,0.0,64.1,-34.8,0.238,0.762,2.513
2503,43,41,22.79,4.58,regolith_plain,0.724,1.32,67.9,-24.4,0.035,0.965,1.298
2504,44,41,17.63,8.75,regolith_plain,0.742,0.12,67.7,-30.1,0.076,0.924,1.367
2505,45,41,16.65,2.17,regolith_plain,0.74,0.0,73.1,-28.7,0.032,0.968,1.209
2506,46,41,18.63,9.54,rock_field,0.779,0.0,68.6,-32.0,0.214,0.786,2.35
2507,47,41,22.48,12.81,crater_rim,0.818,0.0,58.1,-24.9,0.216,0.784,2.005
2508,48,41,21.38,13.63,crater_rim,0.81,0.0,60.4,-28.6,0.2,0.8,2.02
2509,49,41,15.47,10.85,rock_field,0.765,0.0,56.2,-38.2,0.233,0.767,2.396
2510,50,41,15.02,2.85,regolith_plain,0.72,0.0,63.3,-34.0,0.043,0.957,1.215
2511,51,41,14.28,7.71,regolith_plain,0.702,0.0,71.8,-30.7,0.063,0.937,1.408
2512,52,41,14.79,7.89,regolith_plain,0.652,0.0,62.6,-32.5,0.057,0.943,1.351
2513,53,41,18.36,5.94,regolith_plain,0.597,0.0,68.3,-33.9,0.048,0.952,1.253
2514,54,41,18.87,5.14,regolith_plain,0.565,0.0,65.1,-30.5,0.04,0.96,1.187
2515,55,41,15.62,3.07,regolith_plain,0.54,0.0,63.1,-27.1,0.012,0.988,1.098
2516,56,41,16.78,7.58,regolith_plain,0.483,0.0,61.7,-38.6,0.046,0.954,1.117
2517,57,41,19.32,5.67,regolith_plain,0.401,0.0,72.4,-34.2,0.047,0.953,1.058
2518,58,41,19.82,9.45,regolith_plain,0.345,0.0,62.9,-34.9,0.055,0.945,1.078
2519,59,41,22.02,12.75,crater_rim,0.288,0.0,45.7,-40.7,0.186,0.814,1.425
2520,0,42,-6.12,9.07,regolith_plain,0.652,0.0,58.7,-26.4,0.056,0.944,1.396
2521,1,42,-3.19,8.79,regolith_plain,0.58,0.0,71.0,-26.1,0.06,0.94,1.253
2522,2,42,0.07,8.2,regolith_plain,0.507,0.0,59.7,-30.3,0.065,0.935,1.215
2523,3,42,2.17,7.71,regolith_plain,0.43,0.0,50.7,-38.3,0.046,0.954,1.135
2524,4,42,4.52,4.36,regolith_plain,0.352,1.49,76.6,-29.5,0.029,0.971,1.004
2525,5,42,4.24,1.23,regolith_plain,0.318,2.83,72.7,-35.6,0.033,0.967,0.887
2526,6,42,4.99,6.08,regolith_plain,0.309,2.96,62.9,-30.2,0.066,0.934,0.956
2527,7,42,4.52,10.34,regolith_plain,0.312,3.19,56.4,-33.6,0.083,0.917,1.162
2528,8,42,5.37,18.62,regolith_plain,0.307,2.8,56.0,-30.5,0.129,0.871,1.407
2529,9,42,2.61,23.32,regolith_plain,0.312,3.63,41.1,-41.8,0.149,0.851,1.721
2530,10,42,-3.86,22.48,regolith_plain,0.355,5.84,52.2,-37.9,0.169,0.831,1.612
2531,11,42,-7.93,17.23,regolith_plain,0.406,8.71,54.3,-36.2,0.13,0.87,1.575
2532,12,42,-12.93,4.63,regolith_plain,0.43,12.19,66.4,-29.4,0.099,0.901,1.215
2533,13,42,-10.84,4.49,regolith_plain,0.454,11.81,65.9,-39.0,0.082,0.918,1.204
2534,14,42,-9.85,12.54,regolith_plain,0.498,10.19,55.2,-33.8,0.117,0.883,1.464
2535,15,42,-17.68,9.05,regolith_plain,0.511,10.31,66.3,-32.9,0.099,0.901,1.425
2536,16,42,-14.24,3.94,regolith_plain,0.481,11.57,60.5,-39.2,0.081,0.919,1.182
2537,17,42,-16.15,12.49,regolith_plain,0.47,13.01,46.5,-48.4,0.132,0.868,1.531
2538,18,42,-21.18,10.31,regolith_plain,0.431,14.7,62.3,-35.2,0.13,0.87,1.459
2539,19,42,-22.69,8.06,regolith_plain,0.4,16.4,64.9,-28.1,0.113,0.887,1.396
2540,20,42,-19.95,18.58,regolith_plain,0.385,15.61,52.4,-31.5,0.195,0.805,1.629
2541,21,42,-14.16,20.12,regolith_plain,0.397,15.02,50.3,-37.5,0.185,0.815,1.733
2542,22,42,-8.7,17.05,regolith_plain,0.446,15.11,49.3,-31.4,0.152,0.848,1.704
2543,23,42,-4.41,20.3,regolith_plain,0.506,14.26,52.4,-38.3,0.185,0.815,1.873
2544,24,42,4.39,23.48,regolith_plain,0.519,12.97,43.9,-37.1,0.195,0.805,1.913
2545,25,42,12.05,6.03,regolith_plain,0.454,14.1,60.4,-37.1,0.113,0.887,1.281
2546,26,42,7.18,16.25,regolith_plain,0.509,11.14,50.3,-40.6,0.143,0.857,1.741
2547,27,42,1.14,10.5,regolith_plain,0.53,10.59,70.6,-34.1,0.11,0.89,1.489
2548,28,42,3.13,13.51,regolith_plain,0.564,9.43,44.7,-48.5,0.13,0.87,1.622
2549,29,42,4.92,14.95,regolith_plain,0.62,9.31,56.6,-31.0,0.145,0.855,1.717
2550,30,42,5.13,6.43,regolith_plain,0.671,10.69,52.9,-40.1,0.113,0.887,1.405
2551,31,42,5.69,5.13,regolith_plain,0.72,10.98,63.7,-37.0,0.091,0.909,1.439
2552,32,42,1.65,12.35,rock_field,0.763,9.59,53.8,-41.8,0.284,0.716,2.625
2553,33,42,-2.76,8.69,rock_field,0.813,9.5,47.9,-40.0,0.265,0.735,2.487
2554,34,42,-4.44,6.95,rock_field,0.877,8.85,64.7,-26.2,0.243,0.757,2.61
2555,35,42,-3.6,16.63,rock_field,0.876,5.85,49.4,-29.9,0.287,0.713,2.944
2556,36,42,-0.84,13.32,rock_field,0.848,4.8,42.8,-47.2,0.272,0.728,2.625
2557,37,42,3.04,7.66,rock_field,0.846,4.09,66.6,-33.5,0.231,0.769,2.389
2558,38,42,3.0,11.19,rock_field,0.871,2.01,66.3,-36.1,0.251,0.749,2.676
2559,39,42,9.29,15.89,rock_field,0.924,0.0,61.5,-29.5,0.271,0.729,2.764
2560,40,42,14.38,7.88,rock_field,0.898,0.0,63.5,-31.6,0.223,0.777,2.402
2561,41,42,12.88,6.51,rock_field,0.85,0.0,63.1,-35.5,0.207,0.793,2.284
2562,42,42,15.29,7.91,rock_field,0.806,0.0,69.3,-30.5,0.216,0.784,2.366
2563,43,42,17.02,10.41,rock_field,0.754,0.0,68.6,-32.9,0.212,0.788,2.234
2564,44,42,17.97,1.69,regolith_plain,0.726,0.0,74.9,-22.3,0.036,0.964,1.206
2565,45,42,16.82,2.0,rock_field,0.765,0.0,62.1,-31.1,0.185,0.815,1.873
2566,46,42,16.83,6.76,rock_field,0.811,0.0,63.8,-30.0,0.219,0.781,2.268
2567,47,42,16.98,12.81,crater_rim,0.853,0.0,58.5,-45.2,0.209,0.791,2.07
2568,48,42,15.0,11.65,rock_field,0.835,0.0,46.3,-39.1,0.229,0.771,2.494
2569,49,42,13.78,0.87,rock_field,0.776,0.0,71.9,-21.5,0.185,0.815,1.979
2570,50,42,15.22,3.31,regolith_plain,0.749,0.0,80.0,-21.7,0.051,0.949,1.284
2571,51,42,15.81,4.54,regolith_plain,0.696,0.0,68.8,-38.3,0.066,0.934,1.268
2572,52,42,17.01,5.29,regolith_plain,0.633,0.0,73.0,-30.7,0.049,0.951,1.232
2573,53,42,17.82,3.99,regolith_plain,0.573,0.0,66.7,-36.5,0.01,0.99,1.115
2574,54,42,18.81,8.42,regolith_plain,0.546,0.0,60.3,-27.1,0.079,0.921,1.219
2575,55,42,14.88,9.46,regolith_plain,0.518,0.0,61.9,-32.4,0.075,0.925,1.215
2576,56,42,14.7,11.94,regolith_plain,0.449,0.0,52.0,-39.9,0.082,0.918,1.298
2577,57,42,18.57,6.1,regolith_plain,0.349,0.0,57.5,-34.7,0.029,0.971,1.004
2578,58,42,16.54,5.45,regolith_plain,0.254,0.0,71.6,-40.4,0.052,0.948,0.844
2579,59,42,17.13,8.43,regolith_plain,0.167,0.0,69.0,-35.2,0.064,0.936,0.906
2580,0,43,-1.69,8.9,regolith_plain,0.646,0.0,54.3,-35.9,0.091,0.909,1.372
2581,1,43,-1.32,6.18,regolith_plain,0.578,0.0,69.0,-27.5,0.063,0.937,1.233
2582,2,43,0.09,8.52,regolith_plain,0.522,0.0,60.1,-41.7,0.078,0.922,1.244
2583,3,43,3.45,3.84,regolith_plain,0.426,1.78,67.8,-33.0,0.042,0.958,1.06
2584,4,43,0.99,3.96,regolith_plain,0.348,3.08,68.4,-27.3,0.047,0.953,0.98
2585,5,43,1.77,11.69,regolith_plain,0.346,1.87,63.1,-38.9,0.091,0.909,1.24
2586,6,43,7.41,12.76,regolith_plain,0.331,1.66,56.5,-34.5,0.086,0.914,1.286
2587,7,43,9.49,11.27,regolith_plain,0.319,1.84,66.1,-31.8,0.085,0.915,1.137
2588,8,43,12.33,15.75,regolith_plain,0.319,1.29,54.5,-29.2,0.108,0.892,1.348
2589,9,43,10.53,22.16,regolith_plain,0.348,2.51,49.4,-38.9,0.165,0.835,1.596
2590,10,43,3.78,25.6,regolith_plain,0.411,4.83,36.8,-43.3,0.197,0.803,1.893
2591,11,43,-4.28,23.12,regolith_plain,0.468,8.04,57.5,-32.3,0.187,0.813,1.787
2592,12,43,-10.36,13.93,regolith_plain,0.475,11.47,57.5,-41.3,0.131,0.869,1.501
2593,13,43,-9.78,11.88,regolith_plain,0.448,10.68,61.2,-35.5,0.143,0.857,1.451
2594,14,43,-5.06,8.6,regolith_plain,0.426,10.07,50.9,-40.0,0.111,0.889,1.267
2595,15,43,-15.78,18.26,regolith_plain,0.442,7.52,45.0,-40.6,0.153,0.847,1.668
2596,16,43,-16.42,8.44,regolith_plain,0.406,9.0,68.1,-28.7,0.102,0.898,1.289
2597,17,43,-21.3,5.57,regolith_plain,0.404,12.22,65.6,-31.0,0.079,0.921,1.258
2598,18,43,-18.69,7.25,regolith_plain,0.41,13.2,50.5,-41.6,0.104,0.896,1.285
2599,19,43,-19.1,11.2,regolith_plain,0.429,13.85,63.9,-33.5,0.146,0.854,1.416
2600,20,43,-14.83,19.33,regolith_plain,0.4,13.41,45.5,-34.5,0.166,0.834,1.696
2601,21,43,-8.82,17.24,regolith_plain,0.378,13.59,59.5,-38.9,0.154,0.846,1.699
2602,22,43,-4.58,12.27,regolith_plain,0.418,14.2,56.0,-36.2,0.15,0.85,1.423
2603,23,43,-2.04,14.57,regolith_plain,0.473,13.72,55.2,-37.8,0.157,0.843,1.532
2604,24,43,5.14,12.77,regolith_plain,0.483,13.1,63.0,-34.5,0.125,0.875,1.547
2605,25,43,6.57,11.67,regolith_plain,0.476,11.24,51.8,-44.5,0.122,0.878,1.478
2606,26,43,3.75,12.46,regolith_plain,0.508,9.26,50.3,-32.7,0.125,0.875,1.47
2607,27,43,-0.45,8.62,regolith_plain,0.553,8.04,59.3,-38.1,0.096,0.904,1.368
2608,28,43,-0.89,12.51,regolith_plain,0.637,6.71,61.2,-30.1,0.12,0.88,1.519
2609,29,43,-1.69,13.76,regolith_plain,0.703,6.98,46.9,-41.8,0.129,0.871,1.634
2610,30,43,1.67,5.98,regolith_plain,0.725,8.61,53.4,-39.7,0.098,0.902,1.401
2611,31,43,1.08,5.39,rock_field,0.768,9.16,69.0,-26.9,0.236,0.764,2.205
2612,32,43,0.02,6.3,rock_field,0.799,9.05,59.5,-31.1,0.244,0.756,2.328
2613,33,43,-3.2,8.41,rock_field,0.844,8.38,58.4,-34.6,0.25,0.75,2.466
2614,34,43,-4.39,9.25,rock_field,0.884,7.71,48.7,-35.7,0.268,0.732,2.745
2615,35,43,2.47,14.53,rock_field,0.852,5.89,49.9,-39.3,0.272,0.728,2.969
2616,36,43,4.03,8.75,rock_field,0.806,5.61,60.3,-34.5,0.233,0.767,2.457
2617,37,43,5.92,9.87,rock_field,0.798,4.22,64.7,-35.4,0.249,0.751,2.387
2618,38,43,8.75,11.07,rock_field,0.791,2.81,53.2,-33.0,0.248,0.752,2.378
2619,39,43,10.33,5.79,rock_field,0.817,2.38,73.6,-32.3,0.208,0.792,2.209
2620,40,43,9.91,2.86,rock_field,0.821,1.84,62.7,-27.3,0.185,0.815,2.03
2621,41,43,12.05,5.25,rock_field,0.786,0.62,60.1,-35.3,0.191,0.809,2.039
2622,42,43,13.48,7.17,regolith_plain,0.749,0.0,71.3,-30.0,0.077,0.923,1.359
2623,43,43,15.95,4.86,regolith_plain,0.719,0.09,65.9,-28.9,0.058,0.942,1.232
2624,44,43,16.47,4.14,regolith_plain,0.736,0.0,62.1,-33.2,0.044,0.956,1.241
2625,45,43,17.45,4.73,rock_field,0.797,0.0,63.9,-33.8,0.199,0.801,2.19
2626,46,43,13.9,5.75,rock_field,0.842,0.0,71.8,-30.0,0.201,0.799,2.102
2627,47,43,13.57,5.77,rock_field,0.851,0.0,72.5,-26.1,0.196,0.804,2.133
2628,48,43,13.78,3.11,rock_field,0.817,0.0,61.7,-36.1,0.18,0.82,2.09
2629,49,43,14.9,0.19,rock_field,0.788,0.0,69.5,-31.2,0.165,0.835,1.813
2630,50,43,13.91,5.08,rock_field,0.774,0.0,65.0,-32.2,0.198,0.802,2.034
2631,51,43,16.9,8.87,regolith_plain,0.727,0.0,54.3,-32.5,0.084,0.916,1.486
2632,52,43,17.9,8.63,regolith_plain,0.66,0.0,60.2,-34.3,0.068,0.932,1.358
2633,53,43,16.23,10.48,regolith_plain,0.606,0.0,58.5,-27.3,0.076,0.924,1.408
2634,54,43,13.74,13.38,regolith_plain,0.575,0.0,62.1,-33.9,0.088,0.912,1.458
2635,55,43,10.37,12.0,regolith_plain,0.541,0.0,64.0,-33.5,0.075,0.925,1.401
2636,56,43,9.17,10.24,regolith_plain,0.444,0.0,56.8,-35.8,0.071,0.929,1.24
2637,57,43,15.46,16.61,regolith_plain,0.354,0.0,50.4,-42.6,0.092,0.908,1.421
2638,58,43,16.28,5.5,regolith_plain,0.254,0.0,67.9,-35.4,0.057,0.943,0.855
2639,59,43,16.21,8.09,regolith_plain,0.194,0.0,57.6,-37.0,0.06,0.94,0.895
2640,0,44,0.11,3.36,regolith_plain,0.631,0.0,69.8,-26.0,0.038,0.962,1.125
2641,1,44,0.76,8.58,regolith_plain,0.602,0.0,60.0,-34.1,0.055,0.945,1.304
2642,2,44,-3.56,12.91,regolith_plain,0.568,0.0,50.0,-39.4,0.089,0.911,1.394
2643,3,44,-0.36,9.83,regolith_plain,0.485,0.21,53.5,-31.4,0.073,0.927,1.273
2644,4,44,2.32,15.79,regolith_plain,0.428,0.38,61.3,-27.4,0.104,0.896,1.379
2645,5,44,9.46,15.12,regolith_plain,0.388,0.19,52.4,-31.6,0.1,0.9,1.297
2646,6,44,9.73,4.58,regolith_plain,0.326,1.47,74.8,-32.4,0.031,0.969,0.987
2647,7,44,10.79,13.72,regolith_plain,0.323,0.0,51.8,-38.8,0.11,0.89,1.191
2648,8,44,16.6,11.65,regolith_plain,0.298,0.03,58.9,-27.1,0.073,0.927,1.157
2649,9,44,16.47,13.87,regolith_plain,0.329,1.97,69.1,-30.0,0.095,0.905,1.298
2650,10,44,8.31,22.13,regolith_plain,0.413,3.77,39.3,-42.7,0.173,0.827,1.635
2651,11,44,1.65,21.61,regolith_plain,0.482,6.89,34.8,-40.6,0.172,0.828,1.856
2652,12,44,-4.68,14.32,regolith_plain,0.486,10.27,62.0,-30.3,0.144,0.856,1.638
2653,13,44,-4.31,10.5,regolith_plain,0.436,10.13,53.5,-39.6,0.101,0.899,1.435
2654,14,44,-9.02,10.69,regolith_plain,0.408,9.38,58.1,-34.7,0.113,0.887,1.373
2655,15,44,-10.97,12.59,regolith_plain,0.39,8.38,52.6,-33.7,0.106,0.894,1.336
2656,16,44,-16.43,11.8,regolith_plain,0.39,8.77,58.6,-40.0,0.108,0.892,1.369
2657,17,44,-19.32,2.58,regolith_plain,0.396,12.84,61.5,-34.7,0.097,0.903,1.068
2658,18,44,-16.58,5.47,regolith_plain,0.427,13.4,62.9,-38.8,0.087,0.913,1.221
2659,19,44,-15.77,9.74,regolith_plain,0.467,13.75,62.0,-38.6,0.13,0.87,1.405
2660,20,44,-10.4,12.9,regolith_plain,0.423,13.8,49.8,-41.2,0.134,0.866,1.449
2661,21,44,-7.17,11.3,regolith_plain,0.385,13.65,53.4,-35.8,0.124,0.876,1.359
2662,22,44,-3.24,11.33,regolith_plain,0.431,13.24,55.5,-38.2,0.158,0.842,1.488
2663,23,44,-0.71,10.35,regolith_plain,0.47,12.99,50.0,-41.4,0.123,0.877,1.412
2664,24,44,1.54,6.59,regolith_plain,0.474,12.66,60.2,-35.0,0.087,0.913,1.297
2665,25,44,3.9,1.44,regolith_plain,0.464,11.79,69.1,-36.6,0.073,0.927,1.136
2666,26,44,1.79,9.8,regolith_plain,0.516,9.16,56.8,-34.3,0.118,0.882,1.436
2667,27,44,-2.77,11.21,regolith_plain,0.583,7.67,56.0,-31.6,0.116,0.884,1.439
2668,28,44,-5.66,4.24,regolith_plain,0.667,7.99,65.2,-33.3,0.074,0.926,1.313
2669,29,44,-4.54,10.97,regolith_plain,0.746,6.87,54.0,-37.6,0.119,0.881,1.628
2670,30,44,1.98,11.48,rock_field,0.763,6.69,61.5,-32.6,0.25,0.75,2.609
2671,31,44,2.29,8.16,rock_field,0.789,7.08,69.6,-39.4,0.229,0.771,2.414
2672,32,44,0.54,5.48,rock_field,0.817,7.29,61.2,-32.2,0.231,0.769,2.286
2673,33,44,1.18,7.21,rock_field,0.85,6.77,65.0,-20.5,0.238,0.762,2.442
2674,34,44,-1.22,8.52,rock_field,0.87,6.21,59.2,-35.4,0.236,0.764,2.433
2675,35,44,2.46,9.1,rock_field,0.82,5.49,62.2,-34.3,0.242,0.758,2.499
2676,36,44,4.26,8.27,rock_field,0.784,4.84,70.3,-27.9,0.224,0.776,2.391
2677,37,44,8.16,7.88,rock_field,0.756,4.02,64.4,-26.3,0.225,0.775,2.337
2678,38,44,9.46,9.16,regolith_plain,0.729,2.95,49.3,-34.1,0.094,0.906,1.523
2679,39,44,13.18,6.56,rock_field,0.756,2.47,65.5,-40.9,0.204,0.796,2.218
2680,40,44,13.35,5.94,rock_field,0.769,1.97,70.9,-28.1,0.204,0.796,2.158
2681,41,44,13.77,6.41,regolith_plain,0.727,1.45,61.6,-23.3,0.07,0.93,1.321
2682,42,44,12.11,5.03,regolith_plain,0.682,1.2,70.4,-28.0,0.064,0.936,1.32
2683,43,44,15.39,4.98,regolith_plain,0.676,1.41,60.4,-38.6,0.054,0.946,1.276
2684,44,44,15.5,6.16,regolith_plain,0.709,0.0,54.3,-34.9,0.055,0.945,1.373
2685,45,44,18.91,7.96,rock_field,0.781,0.0,62.1,-38.4,0.207,0.793,2.146
2686,46,44,15.76,11.31,rock_field,0.835,0.0,47.0,-33.6,0.253,0.747,2.528
2687,47,44,12.94,13.6,rock_field,0.837,0.0,53.6,-40.1,0.241,0.759,2.741
2688,48,44,13.28,15.58,rock_field,0.816,0.0,60.6,-33.5,0.257,0.743,2.837
2689,49,44,13.74,15.94,rock_field,0.81,0.0,41.0,-44.1,0.259,0.741,2.788
2690,50,44,12.28,12.42,rock_field,0.787,0.0,48.7,-40.2,0.235,0.765,2.376
2691,51,44,11.01,14.15,regolith_plain,0.748,0.0,48.2,-32.2,0.097,0.903,1.588
2692,52,44,10.98,17.37,regolith_plain,0.697,0.0,50.5,-36.9,0.115,0.885,1.792
2693,53,44,11.7,15.43,regolith_plain,0.637,0.0,50.8,-39.4,0.104,0.896,1.553
2694,54,44,11.32,9.36,regolith_plain,0.584,0.0,68.1,-35.7,0.061,0.939,1.273
2695,55,44,7.71,3.96,regolith_plain,0.539,0.0,71.4,-37.5,0.036,0.964,1.045
2696,56,44,9.58,4.07,regolith_plain,0.45,0.0,68.5,-36.0,0.045,0.955,1.031
2697,57,44,8.99,15.03,regolith_plain,0.372,0.0,54.3,-35.5,0.104,0.896,1.381
2698,58,44,12.76,10.21,regolith_plain,0.317,0.0,61.1,-29.7,0.072,0.928,1.13
2699,59,44,11.44,11.14,regolith_plain,0.283,0.0,52.6,-38.8,0.081,0.919,1.092
2700,0,45,0.27,9.28,regolith_plain,0.68,0.0,64.9,-26.0,0.077,0.923,1.334
2701,1,45,3.48,12.69,regolith_plain,0.638,0.0,49.4,-40.6,0.09,0.91,1.449
2702,2,45,9.2,20.97,regolith_plain,0.608,0.0,51.9,-37.8,0.145,0.855,1.852
2703,3,45,7.11,14.75,regolith_plain,0.531,0.0,60.9,-38.0,0.069,0.931,1.464
2704,4,45,6.62,12.05,regolith_plain,0.467,0.0,58.0,-30.7,0.079,0.921,1.314
2705,5,45,9.64,7.91,regolith_plain,0.41,0.0,60.2,-25.5,0.046,0.954,1.153
2706,6,45,10.33,11.79,regolith_plain,0.38,0.0,59.4,-41.2,0.075,0.925,1.178
2707,7,45,16.42,17.43,regolith_plain,0.37,0.0,33.7,-44.6,0.108,0.892,1.411
2708,8,45,18.31,9.56,regolith_plain,0.312,0.0,61.3,-28.5,0.088,0.912,1.026
2709,9,45,15.89,11.66,regolith_plain,0.306,0.37,56.5,-41.1,0.093,0.907,1.175
2710,10,45,10.47,16.04,regolith_plain,0.366,2.76,52.0,-34.8,0.118,0.882,1.356
2711,11,45,4.8,18.66,regolith_plain,0.459,5.42,53.7,-31.9,0.137,0.863,1.556
2712,12,45,-2.07,16.33,regolith_plain,0.496,8.23,51.6,-37.5,0.149,0.851,1.662
2713,13,45,-3.77,9.39,regolith_plain,0.465,9.34,52.8,-35.2,0.104,0.896,1.356
2714,14,45,-8.61,9.95,regolith_plain,0.443,9.33,58.2,-28.5,0.104,0.896,1.313
2715,15,45,-10.79,11.15,regolith_plain,0.417,9.22,58.1,-27.8,0.115,0.885,1.382
2716,16,45,-16.47,12.41,regolith_plain,0.426,9.85,57.0,-36.3,0.121,0.879,1.396
2717,17,45,-19.5,3.81,regolith_plain,0.438,13.69,66.8,-35.1,0.092,0.908,1.16
2718,18,45,-17.27,5.91,regolith_plain,0.463,14.06,69.7,-35.7,0.09,0.91,1.35
2719,19,45,-16.13,8.44,regolith_plain,0.491,14.37,54.2,-33.6,0.122,0.878,1.346
2720,20,45,-11.66,15.63,regolith_plain,0.487,13.47,53.9,-43.0,0.155,0.845,1.636
2721,21,45,-5.25,16.67,regolith_plain,0.47,12.47,59.4,-36.5,0.169,0.831,1.72
2722,22,45,0.17,12.35,regolith_plain,0.489,12.27,46.0,-39.7,0.145,0.855,1.543
2723,23,45,3.48,11.66,regolith_plain,0.51,11.53,58.3,-37.8,0.14,0.86,1.443
2724,24,45,4.88,9.66,regolith_plain,0.486,10.95,55.9,-35.4,0.135,0.865,1.375
2725,25,45,5.6,5.39,regolith_plain,0.468,10.66,61.8,-24.2,0.106,0.894,1.285
2726,26,45,5.53,10.62,regolith_plain,0.523,9.31,52.9,-37.9,0.124,0.876,1.418
2727,27,45,2.27,11.3,regolith_plain,0.589,8.79,56.6,-37.8,0.121,0.879,1.579
2728,28,45,1.49,12.61,regolith_plain,0.667,7.89,67.2,-28.2,0.114,0.886,1.658
2729,29,45,-0.33,14.23,regolith_plain,0.72,6.64,46.8,-38.3,0.115,0.885,1.676
2730,30,45,6.06,11.04,regolith_plain,0.739,6.11,50.8,-32.1,0.127,0.873,1.625
2731,31,45,6.63,11.34,rock_field,0.781,5.05,49.7,-37.4,0.242,0.758,2.48
2732,32,45,3.7,11.96,rock_field,0.825,4.36,67.2,-32.9,0.285,0.715,2.695
2733,33,45,1.55,4.98,rock_field,0.83,5.15,61.7,-41.0,0.204,0.796,2.211
2734,34,45,1.47,4.94,rock_field,0.831,4.9,64.4,-39.4,0.225,0.775,2.327
2735,35,45,-0.84,6.79,rock_field,0.792,4.31,60.1,-41.7,0.223,0.777,2.207
2736,36,45,2.88,12.42,rock_field,0.785,3.02,50.7,-36.0,0.235,0.765,2.626
2737,37,45,7.83,14.24,rock_field,0.765,2.2,52.9,-42.1,0.256,0.744,2.568
2738,38,45,12.8,7.09,regolith_plain,0.719,2.73,77.0,-23.3,0.071,0.929,1.398
2739,39,45,12.78,1.81,regolith_plain,0.712,2.98,76.4,-28.5,0.045,0.955,1.203
2740,40,45,14.03,6.53,regolith_plain,0.716,2.15,57.7,-36.0,0.071,0.929,1.426
2741,41,45,16.36,8.0,regolith_plain,0.69,2.01,65.1,-35.8,0.07,0.93,1.439
2742,42,45,16.6,9.07,regolith_plain,0.661,1.93,55.0,-33.4,0.076,0.924,1.42
2743,43,45,16.75,7.43,regolith_plain,0.646,2.46,51.2,-40.6,0.062,0.938,1.396
2744,44,45,13.97,12.43,regolith_plain,0.677,0.89,62.4,-37.2,0.08,0.92,1.476
2745,45,45,11.87,17.79,regolith_plain,0.737,0.0,57.4,-30.2,0.134,0.866,1.696
2746,46,45,8.58,21.23,rock_field,0.785,0.0,52.9,-35.1,0.303,0.697,2.883
2747,47,45,4.22,26.21,rock_field,0.821,0.0,38.3,-42.5,0.316,0.684,3.412
2748,48,45,2.65,20.96,rock_field,0.797,0.0,45.9,-36.4,0.308,0.692,3.037
2749,49,45,3.52,22.63,rock_field,0.786,0.0,49.6,-37.6,0.319,0.681,3.178
2750,50,45,5.53,19.62,rock_field,0.77,0.0,50.8,-35.7,0.274,0.726,2.83
2751,51,45,6.9,15.4,regolith_plain,0.735,0.0,50.7,-40.5,0.116,0.884,1.642
2752,52,45,5.4,17.56,regolith_plain,0.69,0.0,41.0,-32.4,0.122,0.878,1.689
2753,53,45,5.19,17.99,regolith_plain,0.641,0.0,50.9,-39.5,0.112,0.888,1.679
2754,54,45,8.49,10.35,regolith_plain,0.569,0.0,65.1,-26.0,0.07,0.93,1.379
2755,55,45,8.21,3.09,regolith_plain,0.496,0.0,59.4,-35.0,0.025,0.975,1.025
2756,56,45,6.63,6.43,regolith_plain,0.453,0.0,66.8,-28.4,0.049,0.951,1.097
2757,57,45,5.2,7.19,regolith_plain,0.4,0.0,64.1,-29.6,0.054,0.946,1.11
2758,58,45,9.51,9.28,regolith_plain,0.377,0.0,64.3,-27.9,0.054,0.946,1.083
2759,59,45,8.79,7.79,regolith_plain,0.347,0.27,66.7,-35.1,0.064,0.936,1.053
2760,0,46,-1.14,10.33,regolith_plain,0.706,0.0,54.5,-31.6,0.082,0.918,1.429
2761,1,46,2.0,17.85,regolith_plain,0.678,0.0,40.7,-33.4,0.117,0.883,1.699
2762,2,46,11.34,12.3,regolith_plain,0.617,0.0,53.3,-37.4,0.083,0.917,1.499
2763,3,46,9.86,12.3,regolith_plain,0.566,0.0,61.8,-33.2,0.085,0.915,1.42
2764,4,46,10.48,18.11,regolith_plain,0.535,0.0,46.8,-40.7,0.134,0.866,1.639
2765,5,46,13.6,12.45,regolith_plain,0.468,0.0,52.1,-38.1,0.098,0.902,1.352
2766,6,46,14.59,14.01,regolith_plain,0.424,0.0,43.7,-32.9,0.089,0.911,1.299
2767,7,46,20.48,16.74,crater_rim,0.392,0.0,62.1,-37.3,0.199,0.801,1.745
2768,8,46,23.32,9.62,regolith_plain,0.314,0.0,64.4,-36.2,0.06,0.94,1.069
2769,9,46,19.05,16.64,crater_rim,0.302,0.0,56.3,-28.8,0.203,0.797,1.72
2770,10,46,11.36,17.2,regolith_plain,0.343,0.67,56.9,-32.7,0.111,0.889,1.338
2771,11,46,6.67,11.4,regolith_plain,0.417,4.6,60.9,-25.7,0.095,0.905,1.306
2772,12,46,3.31,14.86,regolith_plain,0.479,6.7,52.2,-39.2,0.136,0.864,1.568
2773,13,46,-3.33,17.18,regolith_plain,0.489,7.22,50.1,-37.7,0.131,0.869,1.559
2774,14,46,-8.72,12.13,regolith_plain,0.461,8.84,54.1,-39.6,0.132,0.868,1.42
2775,15,46,-11.48,12.65,regolith_plain,0.438,9.63,71.9,-30.2,0.129,0.871,1.505
2776,16,46,-17.67,7.61,regolith_plain,0.432,11.74,65.0,-40.5,0.116,0.884,1.309
2777,17,46,-16.78,8.34,regolith_plain,0.468,14.03,58.0,-33.3,0.124,0.876,1.381
2778,18,46,-14.17,6.94,regolith_plain,0.49,14.63,65.2,-32.4,0.119,0.881,1.35
2779,19,46,-13.83,3.36,regolith_plain,0.507,15.56,60.2,-35.7,0.093,0.907,1.317
2780,20,46,-13.0,6.91,regolith_plain,0.511,14.85,71.4,-33.0,0.101,0.899,1.44
2781,21,46,-9.03,15.03,regolith_plain,0.518,12.35,49.5,-42.5,0.144,0.856,1.704
2782,22,46,-2.49,20.68,regolith_plain,0.55,10.21,50.3,-35.5,0.167,0.833,1.844
2783,23,46,6.07,15.68,regolith_plain,0.547,9.67,59.1,-39.9,0.124,0.876,1.706
2784,24,46,8.01,8.42,regolith_plain,0.501,9.89,63.0,-31.9,0.11,0.89,1.344
2785,25,46,7.62,8.86,regolith_plain,0.499,9.6,60.8,-26.4,0.101,0.899,1.376
2786,26,46,8.52,5.5,regolith_plain,0.545,10.36,64.0,-27.7,0.076,0.924,1.289
2787,27,46,4.13,9.42,regolith_plain,0.617,10.2,59.3,-41.3,0.13,0.87,1.514
2788,28,46,2.9,9.5,regolith_plain,0.663,9.53,56.1,-38.5,0.139,0.861,1.496
2789,29,46,4.52,15.37,regolith_plain,0.71,6.73,50.4,-36.3,0.13,0.87,1.693
2790,30,46,5.51,8.67,regolith_plain,0.724,5.82,69.3,-31.6,0.098,0.902,1.495
2791,31,46,9.95,3.95,rock_field,0.753,4.61,65.0,-38.3,0.198,0.802,2.036
2792,32,46,7.33,10.26,rock_field,0.812,2.65,54.0,-34.8,0.229,0.771,2.452
2793,33,46,3.86,9.63,rock_field,0.827,2.51,56.3,-35.6,0.245,0.755,2.354
2794,34,46,1.28,8.49,rock_field,0.812,2.52,67.3,-24.1,0.208,0.792,2.263
2795,35,46,-2.09,3.54,rock_field,0.762,3.27,70.2,-31.8,0.211,0.789,2.054
2796,36,46,2.68,11.6,rock_field,0.771,1.94,60.6,-29.3,0.238,0.762,2.429
2797,37,46,6.02,10.43,regolith_plain,0.735,1.9,57.0,-40.3,0.116,0.884,1.494
2798,38,46,9.95,10.58,regolith_plain,0.696,1.67,61.8,-37.6,0.091,0.909,1.428
2799,39,46,13.49,11.96,regolith_plain,0.693,1.25,53.0,-33.7,0.095,0.905,1.554
2800,40,46,16.2,12.83,regolith_plain,0.68,1.47,54.3,-31.8,0.088,0.912,1.567
2801,41,46,18.77,3.36,regolith_plain,0.63,3.51,72.1,-33.9,0.059,0.941,1.267
2802,42,46,18.48,13.99,crater_rim,0.628,2.53,59.9,-34.2,0.217,0.783,1.944
2803,43,46,10.89,20.02,regolith_plain,0.639,1.99,42.1,-46.0,0.16,0.84,1.835
2804,44,46,8.15,10.22,regolith_plain,0.632,3.06,53.6,-37.3,0.072,0.928,1.473
2805,45,46,7.26,17.3,regolith_plain,0.687,1.36,51.6,-33.7,0.144,0.856,1.742
2806,46,46,2.24,22.51,regolith_plain,0.737,0.0,55.6,-37.3,0.158,0.842,1.87
2807,47,46,-5.84,12.81,regolith_plain,0.748,0.73,44.4,-40.5,0.106,0.894,1.65
2808,48,46,-2.03,8.8,regolith_plain,0.737,0.0,62.0,-37.8,0.076,0.924,1.415
2809,49,46,-2.69,12.38,regolith_plain,0.729,0.0,48.1,-40.8,0.094,0.906,1.514
2810,50,46,-1.57,16.55,regolith_plain,0.74,0.0,48.0,-31.2,0.124,0.876,1.732
2811,51,46,-0.01,17.64,regolith_plain,0.733,0.0,48.4,-37.8,0.122,0.878,1.765
2812,52,46,-1.57,16.72,regolith_plain,0.686,0.0,49.1,-41.8,0.135,0.865,1.753
2813,53,46,-0.91,18.72,regolith_plain,0.643,0.0,46.2,-40.1,0.135,0.865,1.797
2814,54,46,4.66,18.09,regolith_plain,0.582,0.0,50.1,-43.8,0.121,0.879,1.557
2815,55,46,8.79,9.99,regolith_plain,0.498,0.0,55.8,-39.5,0.066,0.934,1.3
2816,56,46,6.22,9.91,regolith_plain,0.476,0.0,50.3,-31.9,0.064,0.936,1.251
2817,57,46,4.85,1.72,regolith_plain,0.438,0.0,72.8,-30.1,0.025,0.975,0.902
2818,58,46,7.3,7.16,regolith_plain,0.436,0.11,66.6,-24.1,0.056,0.944,1.078
2819,59,46,6.17,5.95,regolith_plain,0.418,1.24,68.5,-31.5,0.062,0.938,1.105
2820,0,47,3.97,13.49,regolith_plain,0.715,0.0,45.9,-39.1,0.125,0.875,1.627
2821,1,47,6.68,15.27,regolith_plain,0.702,0.0,55.0,-33.2,0.109,0.891,1.719
2822,2,47,12.99,12.83,regolith_plain,0.675,0.0,59.9,-44.7,0.09,0.91,1.511
2823,3,47,15.79,12.01,regolith_plain,0.624,0.0,50.6,-36.5,0.092,0.908,1.463
2824,4,47,19.15,9.24,regolith_plain,0.575,0.0,59.9,-34.2,0.074,0.926,1.331
2825,5,47,17.45,3.78,regolith_plain,0.507,0.0,65.1,-26.3,0.058,0.942,1.019
2826,6,47,17.55,10.54,regolith_plain,0.46,0.0,69.5,-26.8,0.057,0.943,1.285
2827,7,47,24.7,10.46,regolith_plain,0.372,0.0,70.0,-35.0,0.088,0.912,1.184
2828,8,47,24.94,13.07,crater_rim,0.291,0.0,45.6,-34.1,0.18,0.82,1.52
2829,9,47,16.03,21.67,regolith_plain,0.303,0.0,61.1,-34.7,0.136,0.864,1.535
2830,10,47,10.4,17.31,regolith_plain,0.327,0.0,45.5,-42.7,0.119,0.881,1.334
2831,11,47,5.19,16.03,regolith_plain,0.39,1.99,58.2,-34.0,0.119,0.881,1.399
2832,12,47,1.48,11.34,regolith_plain,0.417,5.49,63.3,-34.2,0.096,0.904,1.273
2833,13,47,-0.89,10.4,regolith_plain,0.419,7.28,52.6,-31.2,0.086,0.914,1.34
2834,14,47,-5.87,15.65,regolith_plain,0.433,8.15,55.7,-34.9,0.151,0.849,1.569
2835,15,47,-11.42,19.02,regolith_plain,0.44,9.3,48.4,-38.2,0.155,0.845,1.66
2836,16,47,-17.17,14.03,regolith_plain,0.435,11.95,57.9,-32.3,0.134,0.866,1.473
2837,17,47,-14.79,13.04,regolith_plain,0.457,14.35,57.0,-32.1,0.14,0.86,1.487
2838,18,47,-13.39,5.1,regolith_plain,0.487,15.63,71.6,-28.4,0.112,0.888,1.259
2839,19,47,-14.1,2.6,regolith_plain,0.534,16.1,67.6,-27.3,0.087,0.913,1.332
2840,20,47,-12.29,9.4,regolith_plain,0.544,14.56,58.6,-33.5,0.119,0.881,1.565
2841,21,47,-7.47,17.6,regolith_plain,0.535,11.59,57.2,-35.5,0.166,0.834,1.773
2842,22,47,0.39,20.48,regolith_plain,0.555,9.42,51.0,-33.2,0.173,0.827,1.857
2843,23,47,7.45,14.8,regolith_plain,0.551,8.54,58.1,-35.9,0.127,0.873,1.682
2844,24,47,10.6,6.74,regolith_plain,0.542,8.9,58.6,-35.2,0.07,0.93,1.279
2845,25,47,11.81,5.37,regolith_plain,0.576,9.59,57.8,-28.8,0.089,0.911,1.332
2846,26,47,7.15,8.67,regolith_plain,0.65,10.16,57.1,-29.6,0.111,0.889,1.444
2847,27,47,5.8,1.75,regolith_plain,0.688,12.48,64.4,-33.8,0.063,0.937,1.389
2848,28,47,8.17,9.4,regolith_plain,0.721,10.7,64.4,-35.4,0.14,0.86,1.601
2849,29,47,10.35,6.64,regolith_plain,0.719,8.3,68.5,-26.0,0.079,0.921,1.529
2850,30,47,8.84,2.95,regolith_plain,0.73,6.03,65.8,-29.4,0.06,0.94,1.285
2851,31,47,8.71,2.3,rock_field,0.755,3.31,76.1,-27.5,0.179,0.821,2.059
2852,32,47,7.62,5.98,rock_field,0.795,1.33,71.6,-31.3,0.199,0.801,2.074
2853,33,47,4.64,8.17,rock_field,0.808,0.78,62.5,-31.9,0.211,0.789,2.36
2854,34,47,1.95,7.42,rock_field,0.785,0.83,56.9,-35.3,0.198,0.802,2.126
2855,35,47,1.21,10.14,rock_field,0.757,0.76,68.3,-33.8,0.224,0.776,2.257
2856,36,47,4.13,11.39,rock_field,0.753,0.77,57.1,-34.6,0.24,0.76,2.342
2857,37,47,9.0,12.87,regolith_plain,0.692,0.67,56.6,-34.2,0.103,0.897,1.591
2858,38,47,12.55,14.49,regolith_plain,0.619,0.55,52.0,-38.3,0.105,0.895,1.565
2859,39,47,18.5,14.27,crater_rim,0.628,0.7,49.0,-34.3,0.189,0.811,1.99
2860,40,47,21.45,6.79,regolith_plain,0.617,2.64,53.7,-31.3,0.065,0.935,1.287
2861,41,47,15.83,15.75,regolith_plain,0.597,2.45,56.5,-31.6,0.118,0.882,1.524
2862,42,47,10.51,21.07,regolith_plain,0.571,2.81,42.1,-41.6,0.155,0.845,1.735
2863,43,47,6.46,10.91,regolith_plain,0.573,4.77,76.4,-25.7,0.088,0.912,1.381
2864,44,47,7.73,9.04,regolith_plain,0.61,5.08,53.5,-36.5,0.078,0.922,1.42
2865,45,47,0.9,14.41,regolith_plain,0.674,4.21,46.6,-44.1,0.101,0.899,1.611
2866,46,47,-1.58,7.2,regolith_plain,0.696,5.22,65.1,-30.0,0.105,0.895,1.379
2867,47,47,-3.82,7.43,regolith_plain,0.715,5.12,71.0,-30.1,0.108,0.892,1.393
2868,48,47,-2.67,2.46,regolith_plain,0.702,3.88,67.7,-21.3,0.052,0.948,1.248
2869,49,47,-5.25,4.86,regolith_plain,0.705,1.05,68.1,-25.4,0.056,0.944,1.237
2870,50,47,-6.05,6.41,regolith_plain,0.718,0.0,51.9,-34.0,0.078,0.922,1.313
2871,51,47,-5.82,15.07,regolith_plain,0.736,0.0,49.4,-36.7,0.105,0.895,1.736
2872,52,47,-6.58,10.3,regolith_plain,0.678,0.0,52.2,-36.1,0.073,0.927,1.493
2873,53,47,-6.84,12.62,regolith_plain,0.631,0.0,44.7,-43.4,0.106,0.894,1.428
2874,54,47,-0.26,19.78,regolith_plain,0.603,0.0,48.9,-44.8,0.126,0.874,1.684
2875,55,47,1.34,20.93,regolith_plain,0.562,0.0,33.5,-46.8,0.126,0.874,1.663
2876,56,47,0.86,13.56,regolith_plain,0.535,0.0,47.1,-38.7,0.096,0.904,1.459
2877,57,47,4.67,7.16,regolith_plain,0.511,0.0,58.9,-42.8,0.047,0.953,1.228
2878,58,47,4.66,10.88,regolith_plain,0.515,0.09,53.0,-38.6,0.09,0.91,1.288
2879,59,47,5.29,14.37,regolith_plain,0.519,0.66,56.6,-36.3,0.1,0.9,1.497
2880,0,48,6.78,4.06,regolith_plain,0.64,0.0,67.4,-32.3,0.033,0.967,1.175
2881,1,48,8.17,6.97,regolith_plain,0.651,0.0,67.7,-34.0,0.052,0.948,1.227
2882,2,48,11.59,10.74,regolith_plain,0.66,0.0,62.7,-34.4,0.086,0.914,1.397
2883,3,48,15.71,9.43,regolith_plain,0.61,0.0,66.5,-24.8,0.066,0.934,1.329
2884,4,48,16.77,8.53,regolith_plain,0.57,0.0,60.6,-31.1,0.058,0.942,1.322
2885,5,48,15.7,8.61,regolith_plain,0.536,0.0,62.4,-35.4,0.069,0.931,1.294
2886,6,48,16.28,10.49,regolith_plain,0.494,0.0,61.5,-33.7,0.089,0.911,1.254
2887,7,48,20.39,13.22,crater_rim,0.423,0.0,56.3,-35.4,0.185,0.815,1.619
2888,8,48,20.0,15.01,crater_rim,0.359,0.0,51.1,-40.2,0.183,0.817,1.597
2889,9,48,12.61,20.72,regolith_plain,0.367,0.0,45.2,-42.3,0.124,0.876,1.561
2890,10,48,5.21,18.41,regolith_plain,0.375,0.0,44.8,-35.3,0.127,0.873,1.467
2891,11,48,-0.57,10.5,regolith_plain,0.378,1.08,61.0,-35.4,0.083,0.917,1.205
2892,12,48,-1.93,4.36,regolith_plain,0.377,5.12,64.6,-37.3,0.053,0.947,1.006
2893,13,48,-3.48,5.82,regolith_plain,0.378,6.63,59.6,-35.0,0.07,0.93,1.091
2894,14,48,-4.88,7.17,regolith_plain,0.383,8.16,58.1,-35.0,0.079,0.921,1.185
2895,15,48,-3.58,15.81,regolith_plain,0.409,8.6,45.3,-47.9,0.129,0.871,1.56
2896,16,48,-8.26,25.59,regolith_plain,0.44,9.15,47.7,-39.4,0.194,0.806,1.959
2897,17,48,-8.32,17.81,regolith_plain,0.44,12.72,50.9,-35.0,0.144,0.856,1.716
2898,18,48,-10.67,11.47,regolith_plain,0.466,13.75,52.2,-36.3,0.146,0.854,1.445
2899,19,48,-12.39,9.57,regolith_plain,0.504,14.11,64.3,-25.0,0.111,0.889,1.486
2900,20,48,-12.91,8.1,regolith_plain,0.505,13.73,57.7,-31.2,0.113,0.887,1.35
2901,21,48,-9.28,14.16,regolith_plain,0.512,10.85,46.0,-34.2,0.118,0.882,1.557
2902,22,48,-3.07,18.39,regolith_plain,0.534,8.25,55.9,-25.1,0.159,0.841,1.671
2903,23,48,3.32,19.28,regolith_plain,0.552,6.15,45.6,-36.6,0.159,0.841,1.823
2904,24,48,6.17,15.59,regolith_plain,0.585,5.49,50.4,-37.3,0.126,0.874,1.583
2905,25,48,9.12,9.99,regolith_plain,0.628,6.27,59.3,-31.0,0.097,0.903,1.416
2906,26,48,7.47,8.76,regolith_plain,0.69,7.06,67.2,-34.4,0.095,0.905,1.421
2907,27,48,4.79,5.2,regolith_plain,0.731,8.47,64.4,-32.9,0.102,0.898,1.395
2908,28,48,7.72,7.1,regolith_plain,0.739,7.59,55.0,-39.1,0.085,0.915,1.416
2909,29,48,9.13,2.33,regolith_plain,0.724,6.01,70.7,-29.3,0.058,0.942,1.326
2910,30,48,6.76,4.44,regolith_plain,0.74,3.4,62.2,-36.2,0.059,0.941,1.392
2911,31,48,8.9,2.23,rock_field,0.76,1.44,78.9,-30.3,0.17,0.83,1.889
2912,32,48,6.31,6.13,rock_field,0.802,0.0,63.3,-31.2,0.212,0.788,2.133
2913,33,48,4.71,4.55,rock_field,0.8,0.0,51.6,-37.5,0.19,0.81,2.088
2914,34,48,5.2,12.2,rock_field,0.791,0.0,58.7,-42.2,0.229,0.771,2.468
2915,35,48,4.72,10.46,regolith_plain,0.744,0.0,70.2,-36.3,0.093,0.907,1.539
2916,36,48,4.71,7.66,regolith_plain,0.725,0.23,71.0,-34.7,0.074,0.926,1.401
2917,37,48,9.58,13.13,regolith_plain,0.674,0.0,66.5,-35.2,0.106,0.894,1.489
2918,38,48,14.04,12.49,regolith_plain,0.596,0.35,50.1,-35.8,0.09,0.91,1.507
2919,39,48,18.43,11.37,regolith_plain,0.603,0.95,63.0,-32.2,0.081,0.919,1.485
2920,40,48,20.14,13.19,crater_rim,0.613,1.7,51.2,-33.0,0.187,0.813,1.845
2921,41,48,16.03,19.17,regolith_plain,0.58,2.13,50.3,-34.6,0.118,0.882,1.796
2922,42,48,6.25,17.17,regolith_plain,0.531,3.76,43.5,-35.9,0.132,0.868,1.689
2923,43,48,3.69,6.73,regolith_plain,0.539,5.47,58.7,-32.6,0.063,0.937,1.315
2924,44,48,5.05,2.54,regolith_plain,0.577,5.93,63.2,-32.7,0.051,0.949,1.181
2925,45,48,2.9,8.64,regolith_plain,0.647,4.79,65.9,-28.0,0.102,0.898,1.439
2926,46,48,0.43,10.02,regolith_plain,0.694,4.36,63.8,-29.4,0.099,0.901,1.428
2927,47,48,-0.74,10.66,regolith_plain,0.717,4.04,59.9,-32.9,0.101,0.899,1.531
2928,48,48,-1.08,6.41,regolith_plain,0.705,2.71,54.8,-31.0,0.068,0.932,1.363
2929,49,48,-3.1,8.51,regolith_plain,0.704,0.0,58.8,-43.8,0.077,0.923,1.413
2930,50,48,-6.03,11.06,regolith_plain,0.717,0.0,53.4,-37.5,0.092,0.908,1.564
2931,51,48,-10.77,4.72,regolith_plain,0.693,0.0,70.0,-31.7,0.056,0.944,1.27
2932,52,48,-8.76,6.98,regolith_plain,0.662,0.0,69.4,-26.1,0.053,0.947,1.359
2933,53,48,-7.26,7.34,regolith_plain,0.621,0.0,68.3,-24.8,0.055,0.945,1.233
2934,54,48,-7.16,13.46,regolith_plain,0.61,0.0,50.7,-43.1,0.1,0.9,1.497
2935,55,48,-6.47,15.94,regolith_plain,0.594,0.0,36.0,-36.7,0.114,0.886,1.49
2936,56,48,-2.84,15.62,regolith_plain,0.585,0.0,42.2,-44.9,0.113,0.887,1.495
2937,57,48,1.56,13.07,regolith_plain,0.568,0.0,64.2,-37.1,0.095,0.905,1.408
2938,58,48,-0.36,16.31,regolith_plain,0.572,0.0,49.7,-38.6,0.115,0.885,1.6
2939,59,48,-4.0,26.43,regolith_plain,0.594,0.0,36.4,-43.5,0.171,0.829,1.924
2940,0,49,4.52,3.91,regolith_plain,0.549,0.0,75.6,-34.8,0.02,0.98,1.13
2941,1,49,5.86,11.71,regolith_plain,0.595,0.0,64.7,-29.8,0.068,0.932,1.431
2942,2,49,12.17,8.3,regolith_plain,0.607,0.0,61.0,-30.9,0.061,0.939,1.351
2943,3,49,11.62,10.59,regolith_plain,0.583,0.0,56.6,-31.0,0.074,0.926,1.298
2944,4,49,13.16,8.74,regolith_plain,0.551,0.0,59.6,-35.9,0.054,0.946,1.232
2945,5,49,11.42,8.83,regolith_plain,0.519,0.0,61.6,-33.6,0.055,0.945,1.231
2946,6,49,11.82,12.77,regolith_plain,0.497,0.0,65.6,-32.2,0.086,0.914,1.357
2947,7,49,16.07,15.58,regolith_plain,0.472,0.0,55.4,-28.9,0.125,0.875,1.387
2948,8,49,17.55,10.12,regolith_plain,0.433,0.0,63.2,-44.2,0.061,0.939,1.229
2949,9,49,12.85,13.1,regolith_plain,0.437,0.0,62.6,-36.9,0.085,0.915,1.267
2950,10,49,8.5,9.12,regolith_plain,0.42,0.0,53.0,-36.4,0.073,0.927,1.106
2951,11,49,7.19,15.08,regolith_plain,0.415,0.0,57.9,-39.1,0.107,0.893,1.325
2952,12,49,2.4,16.99,regolith_plain,0.413,1.89,49.5,-38.9,0.122,0.878,1.52
2953,13,49,-3.7,7.47,regolith_plain,0.389,4.95,46.7,-39.7,0.057,0.943,1.159
2954,14,49,-0.83,15.11,regolith_plain,0.409,5.44,40.6,-44.0,0.12,0.88,1.484
2955,15,49,-0.6,15.72,regolith_plain,0.41,6.99,46.6,-39.1,0.15,0.85,1.532
2956,16,49,1.39,24.97,regolith_plain,0.45,7.61,45.7,-37.2,0.182,0.818,1.967
2957,17,49,-2.17,17.14,regolith_plain,0.465,11.4,51.8,-38.9,0.15,0.85,1.619
2958,18,49,-6.37,10.79,regolith_plain,0.451,12.5,59.2,-37.3,0.14,0.86,1.421
2959,19,49,-7.74,6.9,regolith_plain,0.436,13.23,74.1,-31.0,0.103,0.897,1.251
2960,20,49,-7.53,8.02,regolith_plain,0.478,12.44,53.6,-37.5,0.091,0.909,1.33
2961,21,49,-5.23,9.88,regolith_plain,0.521,10.01,59.0,-42.3,0.098,0.902,1.408
2962,22,49,-3.87,3.14,regolith_plain,0.493,8.88,68.4,-30.1,0.058,0.942,1.148
2963,23,49,-3.04,13.1,regolith_plain,0.518,5.24,51.2,-39.4,0.112,0.888,1.494
2964,24,49,1.06,16.42,regolith_plain,0.58,3.08,52.1,-32.0,0.119,0.881,1.541
2965,25,49,4.89,15.94,regolith_plain,0.633,2.22,42.9,-37.9,0.11,0.89,1.559
2966,26,49,2.77,14.72,regolith_plain,0.686,2.24,62.3,-28.8,0.116,0.884,1.707
2967,27,49,2.17,5.0,regolith_plain,0.709,3.85,60.4,-38.3,0.061,0.939,1.297
2968,28,49,5.73,9.77,regolith_plain,0.745,2.56,71.4,-31.7,0.115,0.885,1.556
2969,29,49,9.04,6.29,regolith_plain,0.739,1.68,62.9,-38.1,0.06,0.94,1.339
2970,30,49,5.75,9.38,regolith_plain,0.737,0.0,65.9,-34.8,0.078,0.922,1.411
2971,31,49,7.22,3.17,rock_field,0.75,0.0,66.2,-26.8,0.171,0.829,1.981
2972,32,49,6.68,2.83,rock_field,0.8,0.0,66.7,-25.7,0.175,0.825,1.954
2973,33,49,7.62,9.48,rock_field,0.823,0.0,56.1,-40.0,0.213,0.787,2.375
2974,34,49,10.59,11.7,rock_field,0.798,0.0,57.8,-36.6,0.248,0.752,2.537
2975,35,49,8.57,9.79,regolith_plain,0.73,0.0,61.1,-33.9,0.107,0.893,1.5
2976,36,49,6.44,8.2,regolith_plain,0.695,0.0,56.3,-33.0,0.074,0.926,1.314
2977,37,49,9.38,8.56,regolith_plain,0.666,0.0,59.8,-41.1,0.072,0.928,1.31
2978,38,49,12.29,7.07,regolith_plain,0.628,0.68,58.6,-41.0,0.043,0.957,1.298
2979,39,49,13.26,11.15,regolith_plain,0.619,0.79,71.5,-28.1,0.096,0.904,1.382
2980,40,49,12.39,15.65,regolith_plain,0.595,1.3,52.2,-44.6,0.101,0.899,1.553
2981,41,49,15.22,7.55,regolith_plain,0.547,3.92,71.0,-32.3,0.055,0.945,1.222
2982,42,49,11.3,13.07,regolith_plain,0.53,4.5,54.4,-35.7,0.112,0.888,1.42
2983,43,49,11.03,13.44,regolith_plain,0.545,4.22,56.8,-33.9,0.118,0.882,1.433
2984,44,49,9.32,11.99,regolith_plain,0.575,3.89,48.9,-38.8,0.111,0.889,1.503
2985,45,49,4.86,8.64,regolith_plain,0.606,3.83,57.8,-36.6,0.073,0.927,1.398
2986,46,49,4.48,7.22,regolith_plain,0.645,3.48,63.3,-29.8,0.067,0.933,1.311
2987,47,49,3.56,9.64,regolith_plain,0.7,2.56,68.9,-30.0,0.092,0.908,1.523
2988,48,49,1.15,10.22,regolith_plain,0.707,0.64,60.1,-36.6,0.085,0.915,1.427
2989,49,49,-1.89,8.57,regolith_plain,0.681,0.0,68.9,-30.7,0.077,0.923,1.358
2990,50,49,-4.51,8.31,regolith_plain,0.679,0.0,64.7,-30.8,0.071,0.929,1.429
2991,51,49,-7.67,7.9,regolith_plain,0.668,0.0,71.1,-23.2,0.047,0.953,1.332
2992,52,49,-10.0,9.62,regolith_plain,0.653,0.0,59.1,-31.2,0.065,0.935,1.45
2993,53,49,-11.75,11.65,regolith_plain,0.637,0.0,71.5,-25.1,0.098,0.902,1.397
2994,54,49,-9.8,9.4,regolith_plain,0.622,0.0,56.7,-37.6,0.075,0.925,1.412
2995,55,49,-9.23,6.85,regolith_plain,0.611,0.0,57.9,-36.8,0.063,0.937,1.231
2996,56,49,-6.92,10.82,regolith_plain,0.61,0.0,50.8,-38.1,0.068,0.932,1.435
2997,57,49,-4.28,13.57,regolith_plain,0.603,0.0,69.1,-31.4,0.097,0.903,1.459
2998,58,49,-5.63,21.22,regolith_plain,0.624,0.0,51.6,-41.0,0.113,0.887,1.769
2999,59,49,-13.22,31.41,rock_field,0.653,0.0,33.4,-38.2,0.343,0.657,3.58
3000,0,50,6.33,3.97,regolith_plain,0.488,0.0,73.1,-25.9,0.035,0.965,1.036
3001,1,50,5.0,6.43,regolith_plain,0.522,0.0,67.1,-32.8,0.038,0.962,1.133
3002,2,50,10.61,9.48,regolith_plain,0.555,0.0,71.4,-27.5,0.067,0.933,1.244
3003,3,50,8.3,6.39,regolith_plain,0.542,0.0,53.7,-35.3,0.055,0.945,1.122
3004,4,50,10.62,5.34,regolith_plain,0.531,0.0,62.5,-30.2,0.053,0.947,1.144
3005,5,50,9.63,4.55,regolith_plain,0.518,0.0,62.2,-38.6,0.023,0.977,1.095
3006,6,50,8.5,3.33,regolith_plain,0.507,0.0,54.5,-36.5,0.031,0.969,1.052
3007,7,50,10.82,12.25,regolith_plain,0.533,0.0,62.9,-33.2,0.071,0.929,1.413
3008,8,50,13.62,12.69,regolith_plain,0.541,0.0,54.4,-33.5,0.093,0.907,1.393
3009,9,50,10.44,10.91,regolith_plain,0.521,0.0,62.4,-35.7,0.085,0.915,1.312
3010,10,50,8.24,6.17,regolith_plain,0.48,0.0,77.4,-37.9,0.038,0.962,1.085
3011,11,50,8.32,7.2,regolith_plain,0.434,0.0,60.0,-38.3,0.042,0.958,1.057
3012,12,50,3.61,11.09,regolith_plain,0.416,1.43,55.3,-36.0,0.076,0.924,1.276
3013,13,50,0.65,15.21,regolith_plain,0.419,2.36,54.0,-36.1,0.109,0.891,1.38
3014,14,50,5.47,20.69,regolith_plain,0.42,3.08,53.2,-30.0,0.139,0.861,1.679
3015,15,50,7.45,25.99,regolith_plain,0.417,3.83,38.0,-39.7,0.189,0.811,1.795
3016,16,50,10.3,18.04,regolith_plain,0.395,7.02,46.4,-39.1,0.157,0.843,1.588
3017,17,50,1.27,21.51,regolith_plain,0.42,9.34,52.7,-37.6,0.177,0.823,1.794
3018,18,50,-5.47,13.82,regolith_plain,0.398,10.7,57.1,-31.7,0.129,0.871,1.536
3019,19,50,-7.69,13.8,regolith_plain,0.387,10.91,42.5,-43.6,0.134,0.866,1.413
3020,20,50,-7.87,15.19,regolith_plain,0.448,10.07,45.9,-40.5,0.142,0.858,1.502
3021,21,50,-3.35,11.05,regolith_plain,0.51,8.36,66.9,-36.8,0.107,0.893,1.486
3022,22,50,-2.88,1.81,regolith_plain,0.49,7.42,70.4,-25.4,0.05,0.95,1.058
3023,23,50,-4.58,4.53,regolith_plain,0.51,4.69,60.4,-32.7,0.066,0.934,1.212
3024,24,50,-2.54,3.97,regolith_plain,0.562,2.66,64.6,-35.5,0.037,0.963,1.185
3025,25,50,-2.17,9.8,regolith_plain,0.624,0.0,59.3,-34.7,0.091,0.909,1.352
3026,26,50,-2.68,8.23,regolith_plain,0.674,0.0,65.4,-30.1,0.069,0.931,1.346
3027,27,50,2.92,15.82,regolith_plain,0.736,0.0,44.4,-40.4,0.118,0.882,1.677
3028,28,50,8.29,15.89,rock_field,0.757,0.0,47.5,-40.5,0.246,0.754,2.706
3029,29,50,13.53,9.46,regolith_plain,0.747,0.0,61.2,-36.2,0.077,0.923,1.436
3030,30,50,13.11,12.59,rock_field,0.751,0.0,55.5,-34.2,0.234,0.766,2.385
3031,31,50,10.91,14.31,rock_field,0.782,0.0,57.7,-36.2,0.249,0.751,2.636
3032,32,50,8.25,13.94,rock_field,0.816,0.0,47.3,-40.3,0.246,0.754,2.693
3033,33,50,10.12,11.25,rock_field,0.813,0.0,59.8,-39.4,0.22,0.78,2.539
3034,34,50,13.43,2.12,rock_field,0.767,0.0,74.2,-28.7,0.173,0.827,1.9
3035,35,50,10.23,6.58,regolith_plain,0.708,0.0,65.7,-32.7,0.056,0.944,1.331
3036,36,50,10.42,14.39,regolith_plain,0.69,0.0,55.0,-37.0,0.09,0.91,1.649
3037,37,50,10.99,4.99,regolith_plain,0.651,0.0,63.9,-31.8,0.052,0.948,1.177
3038,38,50,10.95,6.68,regolith_plain,0.64,0.25,57.6,-31.9,0.04,0.96,1.285
3039,39,50,10.55,9.39,regolith_plain,0.62,0.86,59.2,-31.5,0.068,0.932,1.406
3040,40,50,9.11,6.98,regolith_plain,0.562,2.56,69.9,-28.6,0.061,0.939,1.216
3041,41,50,10.84,14.46,regolith_plain,0.548,2.93,53.4,-37.6,0.121,0.879,1.452
3042,42,50,14.53,3.34,regolith_plain,0.482,6.09,61.0,-36.5,0.038,0.962,1.07
3043,43,50,13.04,5.72,regolith_plain,0.503,5.12,60.8,-38.4,0.072,0.928,1.204
3044,44,50,10.89,9.68,regolith_plain,0.548,3.61,60.6,-36.5,0.091,0.909,1.29
3045,45,50,6.58,9.06,regolith_plain,0.579,2.81,57.8,-35.0,0.091,0.909,1.396
3046,46,50,5.33,4.17,regolith_plain,0.609,2.65,68.3,-34.5,0.057,0.943,1.196
3047,47,50,5.18,6.76,regolith_plain,0.681,1.36,65.7,-31.8,0.065,0.935,1.385
3048,48,50,3.65,9.93,regolith_plain,0.701,0.0,64.4,-36.3,0.067,0.933,1.497
3049,49,50,-1.04,15.01,regolith_plain,0.691,0.0,62.0,-39.9,0.118,0.882,1.695
3050,50,50,-6.84,17.03,regolith_plain,0.69,0.0,57.2,-31.7,0.136,0.864,1.655
3051,51,50,-11.6,19.97,regolith_plain,0.68,0.0,42.4,-42.0,0.121,0.879,1.855
3052,52,50,-14.18,13.25,regolith_plain,0.656,0.0,50.0,-40.8,0.083,0.917,1.489
3053,53,50,-15.51,6.66,regolith_plain,0.638,0.0,62.2,-37.6,0.057,0.943,1.241
3054,54,50,-13.29,8.13,regolith_plain,0.647,0.0,58.4,-32.9,0.073,0.927,1.365
3055,55,50,-10.31,6.62,regolith_plain,0.651,0.0,55.9,-29.9,0.061,0.939,1.339
3056,56,50,-8.66,5.28,regolith_plain,0.635,0.0,61.5,-35.1,0.049,0.951,1.174
3057,57,50,-8.01,14.58,regolith_plain,0.642,0.0,51.1,-38.0,0.118,0.882,1.634
3058,58,50,-13.07,26.11,regolith_plain,0.665,0.0,37.2,-37.7,0.171,0.829,2.08
3059,59,50,-23.14,30.13,rock_field,0.67,0.0,35.0,-50.0,0.322,0.678,3.275
3060,0,51,3.69,10.45,regolith_plain,0.443,0.0,65.6,-24.2,0.067,0.933,1.21
3061,1,51,4.46,3.92,regolith_plain,0.439,0.0,66.9,-21.8,0.036,0.964,1.025
3062,2,51,6.37,8.14,regolith_plain,0.465,0.0,75.9,-39.3,0.058,0.942,1.122
3063,3,51,7.14,5.08,regolith_plain,0.483,0.0,65.4,-32.5,0.05,0.95,1.117
3064,4,51,9.66,3.87,regolith_plain,0.502,0.0,64.0,-35.5,0.026,0.974,1.01
3065,5,51,9.05,1.51,regolith_plain,0.523,0.0,68.4,-32.1,0.023,0.977,1.024
3066,6,51,9.82,0.07,regolith_plain,0.547,0.0,71.5,-31.7,0.018,0.982,1.026
3067,7,51,9.05,4.31,regolith_plain,0.586,0.0,67.9,-28.0,0.049,0.951,1.201
3068,8,51,8.56,8.57,regolith_plain,0.624,0.0,73.0,-29.9,0.053,0.947,1.293
3069,9,51,7.34,5.61,regolith_plain,0.581,0.0,58.8,-38.1,0.038,0.962,1.156
3070,10,51,4.73,3.72,regolith_plain,0.53,0.0,71.1,-30.8,0.03,0.97,1.092
3071,11,51,5.17,1.82,regolith_plain,0.466,0.0,69.2,-28.7,0.007,0.993,1.008
3072,12,51,4.03,10.86,regolith_plain,0.445,0.63,48.6,-42.8,0.081,0.919,1.287
3073,13,51,7.01,23.49,regolith_plain,0.457,0.0,48.8,-44.5,0.154,0.846,1.744
3074,14,51,12.65,20.27,regolith_plain,0.414,1.75,55.3,-27.8,0.14,0.86,1.624
3075,15,51,18.28,8.61,regolith_plain,0.342,4.76,55.4,-38.7,0.078,0.922,1.098
3076,16,51,12.86,27.73,regolith_plain,0.349,3.71,39.4,-42.1,0.203,0.797,1.868
3077,17,51,-2.27,32.44,rock_field,0.332,5.92,24.0,-48.8,0.353,0.647,3.345
3078,18,51,-10.46,24.1,regolith_plain,0.332,7.59,35.9,-41.0,0.196,0.804,1.788
3079,19,51,-17.27,17.3,regolith_plain,0.337,9.01,57.3,-28.8,0.144,0.856,1.454
3080,20,51,-17.48,18.4,regolith_plain,0.398,8.33,47.0,-37.1,0.142,0.858,1.566
3081,21,51,-11.24,25.7,regolith_plain,0.507,4.87,35.1,-49.3,0.183,0.817,1.979
3082,22,51,-4.15,16.95,regolith_plain,0.535,3.81,52.7,-42.5,0.128,0.872,1.684
3083,23,51,0.11,13.07,regolith_plain,0.576,2.03,52.5,-38.4,0.1,0.9,1.442
3084,24,51,-0.33,18.88,regolith_plain,0.632,0.0,46.4,-39.8,0.106,0.894,1.712
3085,25,51,-2.02,18.69,regolith_plain,0.663,0.0,53.9,-43.0,0.126,0.874,1.768
3086,26,51,0.03,16.43,regolith_plain,0.716,0.0,45.0,-36.0,0.141,0.859,1.624
3087,27,51,5.03,16.79,rock_field,0.751,0.0,46.1,-43.2,0.253,0.747,2.564
3088,28,51,9.85,23.78,rock_field,0.764,0.0,44.8,-33.4,0.311,0.689,3.18
3089,29,51,13.64,25.97,rock_field,0.78,0.0,47.2,-31.2,0.347,0.653,3.401
3090,30,51,14.29,18.4,rock_field,0.787,0.0,57.2,-36.0,0.294,0.706,2.715
3091,31,51,16.19,5.88,rock_field,0.773,0.0,59.5,-32.4,0.186,0.814,2.16
3092,32,51,16.58,13.3,rock_field,0.781,0.0,61.0,-38.6,0.249,0.751,2.632
3093,33,51,13.66,14.91,rock_field,0.783,0.0,48.9,-35.4,0.26,0.74,2.541
3094,34,51,12.07,6.55,rock_field,0.758,0.0,73.7,-31.2,0.204,0.796,2.223
3095,35,51,12.07,9.1,regolith_plain,0.701,0.0,53.2,-40.7,0.065,0.935,1.445
3096,36,51,16.67,8.97,regolith_plain,0.671,0.0,68.1,-32.3,0.074,0.926,1.31
3097,37,51,12.83,13.23,regolith_plain,0.669,0.0,51.5,-38.8,0.099,0.901,1.586
3098,38,51,7.62,9.2,regolith_plain,0.645,0.0,72.0,-31.1,0.058,0.942,1.312
3099,39,51,6.91,1.9,regolith_plain,0.619,1.46,71.5,-26.3,0.026,0.974,1.114
3100,40,51,7.5,1.11,regolith_plain,0.576,2.88,62.7,-36.5,0.03,0.97,1.057
3101,41,51,6.45,6.71,regolith_plain,0.529,3.42,59.5,-27.6,0.063,0.937,1.239
3102,42,51,10.52,11.79,regolith_plain,0.483,4.04,61.7,-39.1,0.104,0.896,1.316
3103,43,51,12.7,7.18,regolith_plain,0.503,3.84,68.4,-25.0,0.065,0.935,1.259
3104,44,51,11.53,7.44,regolith_plain,0.553,2.65,61.4,-37.8,0.066,0.934,1.218
3105,45,51,7.99,6.62,regolith_plain,0.579,1.68,63.0,-33.1,0.066,0.934,1.218
3106,46,51,7.03,1.95,regolith_plain,0.607,1.29,72.4,-31.7,0.045,0.955,1.163
3107,47,51,8.0,5.91,regolith_plain,0.684,0.0,64.3,-33.9,0.044,0.956,1.3
3108,48,51,4.38,10.78,regolith_plain,0.71,0.0,50.4,-34.2,0.094,0.906,1.495
3109,49,51,0.39,20.71,regolith_plain,0.722,0.0,42.3,-34.2,0.144,0.856,1.948
3110,50,51,-10.72,27.33,regolith_plain,0.728,0.0,41.4,-35.8,0.193,0.807,2.203
3111,51,51,-20.21,15.22,regolith_plain,0.662,0.0,60.6,-35.4,0.096,0.904,1.612
3112,52,51,-18.57,6.99,regolith_plain,0.643,0.0,72.0,-29.1,0.069,0.931,1.3
3113,53,51,-16.33,9.99,regolith_plain,0.666,0.0,63.7,-35.8,0.07,0.93,1.463
3114,54,51,-12.16,12.09,regolith_plain,0.686,0.0,58.4,-38.5,0.102,0.898,1.46
3115,55,51,-8.82,6.12,regolith_plain,0.684,0.0,67.8,-35.9,0.045,0.955,1.299
3116,56,51,-9.81,7.17,regolith_plain,0.671,0.0,58.1,-36.4,0.047,0.953,1.314
3117,57,51,-13.71,16.32,regolith_plain,0.674,0.0,51.1,-36.1,0.114,0.886,1.659
3118,58,51,-18.1,18.94,regolith_plain,0.652,0.0,44.2,-47.2,0.132,0.868,1.679
3119,59,51,-24.73,18.43,regolith_plain,0.621,0.0,42.2,-40.4,0.145,0.855,1.607
3120,0,52,-0.88,17.3,regolith_plain,0.459,0.0,53.0,-30.4,0.115,0.885,1.47
3121,1,52,4.43,9.4,regolith_plain,0.456,0.0,60.8,-29.2,0.056,0.944,1.202
3122,2,52,5.55,3.97,regolith_plain,0.46,0.0,69.8,-32.9,0.042,0.958,1.011
3123,3,52,6.97,6.8,regolith_plain,0.489,0.0,65.8,-37.6,0.065,0.935,1.083
3124,4,52,8.7,6.96,regolith_plain,0.509,0.0,63.8,-30.8,0.043,0.957,1.117
3125,5,52,8.58,2.56,regolith_plain,0.521,0.0,70.5,-39.6,0.034,0.966,1.002
3126,6,52,8.54,5.86,regolith_plain,0.556,0.0,63.3,-28.4,0.057,0.943,1.129
3127,7,52,8.08,3.62,regolith_plain,0.584,0.0,68.5,-31.9,0.04,0.96,1.093
3128,8,52,7.85,2.15,regolith_plain,0.605,0.0,63.3,-25.5,0.017,0.983,1.138
3129,9,52,9.55,5.29,regolith_plain,0.565,0.0,66.4,-38.7,0.044,0.956,1.111
3130,10,52,9.66,14.2,regolith_plain,0.547,0.0,58.4,-30.9,0.099,0.901,1.402
3131,11,52,9.38,16.67,regolith_plain,0.517,0.0,47.6,-38.7,0.122,0.878,1.457
3132,12,52,11.05,24.53,regolith_plain,0.505,0.0,43.3,-41.2,0.151,0.849,1.908
3133,13,52,15.74,18.76,regolith_plain,0.473,0.0,45.6,-44.5,0.132,0.868,1.519
3134,14,52,15.01,4.44,regolith_plain,0.398,3.1,62.0,-31.2,0.048,0.952,1.076
3135,15,52,13.5,23.41,regolith_plain,0.397,1.27,37.5,-39.3,0.152,0.848,1.728
3136,16,52,5.86,36.87,rock_field,0.386,0.74,37.0,-35.0,0.365,0.635,3.54
3137,17,52,-8.87,31.78,rock_field,0.342,4.0,41.4,-36.9,0.324,0.676,3.202
3138,18,52,-15.21,14.87,regolith_plain,0.315,7.0,56.9,-38.2,0.107,0.893,1.383
3139,19,52,-17.98,8.14,regolith_plain,0.316,8.47,72.9,-34.4,0.075,0.925,1.178
3140,20,52,-19.73,1.33,regolith_plain,0.357,9.1,67.4,-37.8,0.059,0.941,0.984
3141,21,52,-17.23,18.51,regolith_plain,0.483,4.42,67.8,-25.8,0.136,0.864,1.554
3142,22,52,-7.34,28.26,rock_field,0.556,0.86,37.5,-45.1,0.306,0.694,3.198
3143,23,52,3.89,25.4,regolith_plain,0.599,0.0,43.6,-33.8,0.162,0.838,1.934
3144,24,52,10.97,27.91,regolith_plain,0.659,0.0,36.9,-40.0,0.194,0.806,2.175
3145,25,52,11.35,25.95,regolith_plain,0.695,0.0,43.7,-38.4,0.159,0.841,2.058
3146,26,52,6.78,21.32,regolith_plain,0.724,0.0,51.6,-38.2,0.152,0.848,1.978
3147,27,52,-4.09,32.75,rock_field,0.777,0.0,33.3,-40.7,0.347,0.653,3.76
3148,28,52,-7.09,40.48,rock_field,0.791,0.0,36.1,-42.4,0.43,0.57,4.339
3149,29,52,-5.44,43.13,rock_field,0.808,0.0,24.0,-48.1,0.424,0.576,4.512
3150,30,52,0.05,38.42,rock_field,0.827,0.0,29.4,-41.9,0.41,0.59,4.344
3151,31,52,7.48,36.13,rock_field,0.836,0.0,24.8,-46.9,0.393,0.607,3.916
3152,32,52,17.35,24.6,crater_rim,0.794,0.0,45.5,-42.3,0.267,0.733,2.643
3153,33,52,19.77,2.52,regolith_plain,0.742,0.0,66.4,-29.4,0.059,0.941,1.279
3154,34,52,17.74,20.18,crater_rim,0.792,0.0,44.2,-39.8,0.222,0.778,2.336
3155,35,52,14.68,13.85,regolith_plain,0.724,0.0,50.1,-35.5,0.102,0.898,1.674
3156,36,52,16.69,1.75,regolith_plain,0.66,0.0,84.1,-27.4,0.032,0.968,1.101
3157,37,52,13.54,11.8,regolith_plain,0.676,0.0,55.4,-40.4,0.093,0.907,1.478
3158,38,52,8.33,6.64,regolith_plain,0.654,0.0,54.0,-29.2,0.06,0.94,1.254
3159,39,52,9.23,6.04,regolith_plain,0.648,0.59,59.2,-28.2,0.069,0.931,1.286
3160,40,52,9.73,6.48,regolith_plain,0.615,1.71,62.6,-29.7,0.058,0.942,1.289
3161,41,52,7.23,4.1,regolith_plain,0.543,3.14,68.8,-32.8,0.07,0.93,1.129
3162,42,52,9.01,6.58,regolith_plain,0.488,3.84,66.1,-33.5,0.067,0.933,1.243
3163,43,52,8.11,12.01,regolith_plain,0.536,2.03,60.8,-28.4,0.093,0.907,1.412
3164,44,52,8.64,8.95,regolith_plain,0.585,1.47,56.3,-36.9,0.091,0.909,1.371
3165,45,52,7.73,4.11,regolith_plain,0.6,1.28,67.5,-34.0,0.051,0.949,1.163
3166,46,52,6.7,1.4,regolith_plain,0.636,0.77,63.2,-25.5,0.011,0.989,1.079
3167,47,52,8.36,4.56,regolith_plain,0.719,0.0,61.3,-33.7,0.046,0.954,1.26
3168,48,52,3.99,12.76,rock_field,0.752,0.0,50.5,-30.3,0.236,0.764,2.516
3169,49,52,-0.48,17.46,regolith_plain,0.75,0.0,43.7,-45.3,0.147,0.853,1.824
3170,50,52,-8.53,25.77,rock_field,0.751,0.0,48.0,-36.1,0.329,0.671,3.273
3171,51,52,-19.14,13.39,regolith_plain,0.669,0.0,59.4,-25.9,0.098,0.902,1.483
3172,52,52,-17.17,10.88,regolith_plain,0.662,0.0,63.9,-32.5,0.077,0.923,1.429
3173,53,52,-12.56,15.01,regolith_plain,0.686,0.0,53.7,-37.3,0.109,0.891,1.575
3174,54,52,-9.18,9.35,regolith_plain,0.695,0.0,64.4,-37.1,0.079,0.921,1.377
3175,55,52,-6.72,3.7,regolith_plain,0.707,0.0,55.4,-31.3,0.043,0.957,1.18
3176,56,52,-9.84,13.44,regolith_plain,0.702,0.0,60.4,-36.9,0.116,0.884,1.517
3177,57,52,-16.28,15.95,regolith_plain,0.672,0.0,53.5,-36.6,0.111,0.889,1.606
3178,58,52,-21.24,11.88,regolith_plain,0.611,0.0,60.7,-38.7,0.074,0.926,1.374
3179,59,52,-24.35,8.86,regolith_plain,0.551,0.0,62.5,-26.9,0.061,0.939,1.278
3180,0,53,-2.83,16.03,regolith_plain,0.486,0.6,46.4,-34.2,0.112,0.888,1.413
3181,1,53,2.9,13.08,regolith_plain,0.511,0.34,46.6,-38.8,0.103,0.897,1.403
3182,2,53,5.25,3.47,regolith_plain,0.515,1.07,61.9,-38.1,0.026,0.974,1.028
3183,3,53,3.56,8.6,regolith_plain,0.52,0.0,63.9,-26.5,0.065,0.935,1.253
3184,4,53,5.05,10.99,regolith_plain,0.521,0.0,62.1,-34.7,0.08,0.92,1.317
3185,5,53,7.27,5.28,regolith_plain,0.516,0.0,56.0,-39.8,0.047,0.953,1.114
3186,6,53,5.75,3.61,regolith_plain,0.532,0.0,60.1,-41.0,0.028,0.972,1.049
3187,7,53,6.62,3.9,regolith_plain,0.576,0.0,61.4,-36.1,0.039,0.961,1.18
3188,8,53,8.27,6.15,regolith_plain,0.601,0.0,61.1,-39.4,0.055,0.945,1.195
3189,9,53,10.57,10.29,regolith_plain,0.547,0.0,50.5,-39.8,0.068,0.932,1.26
3190,10,53,14.84,13.75,regolith_plain,0.519,0.0,46.3,-35.8,0.095,0.905,1.393
3191,11,53,17.06,21.26,crater_rim,0.531,0.0,41.7,-41.9,0.226,0.774,2.128
3192,12,53,21.14,22.99,crater_rim,0.523,0.0,45.2,-37.7,0.231,0.769,2.165
3193,13,53,20.0,15.03,crater_rim,0.492,0.0,46.4,-41.7,0.178,0.822,1.786
3194,14,53,10.5,25.56,regolith_plain,0.481,0.0,41.2,-40.3,0.158,0.842,1.891
3195,15,53,3.58,32.3,rock_field,0.447,0.0,40.8,-33.0,0.329,0.671,3.354
3196,16,53,-7.13,31.03,rock_field,0.41,0.1,28.1,-46.6,0.314,0.686,3.124
3197,17,53,-15.3,15.35,regolith_plain,0.358,4.47,51.9,-35.8,0.125,0.875,1.412
3198,18,53,-15.91,2.21,regolith_plain,0.315,6.9,73.7,-36.2,0.059,0.941,0.953
3199,19,53,-13.76,6.34,regolith_plain,0.312,6.75,60.5,-28.4,0.073,0.927,1.025
3200,20,53,-18.03,8.85,regolith_plain,0.379,6.09,56.8,-37.6,0.087,0.913,1.167
3201,21,53,-16.32,15.11,regolith_plain,0.469,3.33,60.4,-30.0,0.109,0.891,1.434
3202,22,53,-8.19,28.27,rock_field,0.531,0.0,37.1,-42.5,0.309,0.691,3.103
3203,23,53,5.18,35.06,rock_field,0.587,0.0,38.1,-39.2,0.356,0.644,3.582
3204,24,53,19.5,20.57,crater_rim,0.64,0.0,49.9,-34.8,0.231,0.769,2.251
3205,25,53,16.99,23.33,crater_rim,0.714,0.0,42.3,-42.0,0.253,0.747,2.412
3206,26,53,2.25,41.99,rock_field,0.767,0.0,26.7,-41.3,0.407,0.593,4.51
3207,27,53,-16.64,37.52,rock_field,0.762,0.0,30.6,-47.3,0.392,0.608,4.176
3208,28,53,-24.26,29.36,rock_field,0.75,0.0,43.8,-36.5,0.33,0.67,3.463
3209,29,53,-23.15,32.71,rock_field,0.771,0.0,30.7,-45.8,0.345,0.655,3.593
3210,30,53,-14.68,33.71,rock_field,0.8,0.0,33.2,-42.0,0.368,0.632,3.964
3211,31,53,-7.32,36.63,rock_field,0.827,0.0,29.3,-46.6,0.371,0.629,4.239
3212,32,53,3.0,41.16,rock_field,0.852,0.0,28.9,-44.7,0.42,0.58,4.382
3213,33,53,15.38,35.64,rock_field,0.847,0.0,24.6,-50.7,0.387,0.613,4.194
3214,34,53,25.86,10.49,rock_field,0.779,0.0,64.6,-31.4,0.218,0.782,2.317
3215,35,53,21.87,17.86,crater_rim,0.749,0.0,53.2,-36.2,0.22,0.78,2.174
3216,36,53,17.11,12.63,crater_rim,0.693,0.0,48.2,-40.3,0.196,0.804,1.879
3217,37,53,12.93,10.94,regolith_plain,0.685,0.0,65.2,-32.4,0.106,0.894,1.417
3218,38,53,9.38,6.74,regolith_plain,0.678,0.0,76.0,-27.9,0.06,0.94,1.288
3219,39,53,10.9,8.91,regolith_plain,0.674,0.02,66.2,-34.3,0.053,0.947,1.389
3220,40,53,11.57,7.1,regolith_plain,0.638,1.39,70.8,-30.9,0.057,0.943,1.357
3221,41,53,9.22,9.24,regolith_plain,0.582,1.84,60.3,-38.1,0.077,0.923,1.289
3222,42,53,5.99,9.29,regolith_plain,0.525,2.62,49.8,-28.4,0.075,0.925,1.348
3223,43,53,4.2,7.04,regolith_plain,0.547,1.87,51.2,-33.0,0.063,0.937,1.225
3224,44,53,5.24,5.3,regolith_plain,0.6,1.24,65.7,-31.0,0.048,0.952,1.239
3225,45,53,5.87,1.97,regolith_plain,0.622,1.04,64.3,-27.9,0.03,0.97,1.105
3226,46,53,6.29,1.38,regolith_plain,0.668,0.42,63.0,-40.9,0.009,0.991,1.146
3227,47,53,6.31,7.33,rock_field,0.767,0.0,61.6,-43.7,0.199,0.801,2.224
3228,48,53,2.43,10.88,rock_field,0.786,0.0,61.7,-35.0,0.222,0.778,2.404
3229,49,53,-0.82,11.57,rock_field,0.77,0.0,48.6,-43.5,0.224,0.776,2.524
3230,50,53,-5.74,21.74,rock_field,0.767,0.0,43.4,-40.8,0.297,0.703,3.006
3231,51,53,-16.21,15.78,regolith_plain,0.689,0.0,61.7,-32.6,0.104,0.896,1.623
3232,52,53,-14.59,12.95,regolith_plain,0.674,0.0,49.3,-34.1,0.078,0.922,1.451
3233,53,53,-9.19,9.67,regolith_plain,0.668,0.0,64.6,-37.0,0.07,0.93,1.345
3234,54,53,-9.12,4.22,regolith_plain,0.69,0.0,62.4,-31.5,0.038,0.962,1.244
3235,55,53,-6.32,3.76,regolith_plain,0.737,0.0,69.1,-30.7,0.049,0.951,1.322
3236,56,53,-9.92,9.72,regolith_plain,0.709,0.0,65.9,-30.5,0.074,0.926,1.44
3237,57,53,-12.87,14.94,regolith_plain,0.671,0.0,58.0,-36.8,0.106,0.894,1.676
3238,58,53,-20.47,16.38,regolith_plain,0.612,0.0,57.4,-29.4,0.106,0.894,1.601
3239,59,53,-24.57,11.65,regolith_plain,0.536,0.0,50.3,-37.8,0.092,0.908,1.329
3240,0,54,-0.06,3.96,regolith_plain,0.408,3.2,72.3,-22.9,0.039,0.961,1.032
3241,1,54,-0.16,7.11,regolith_plain,0.461,2.15,57.1,-38.4,0.067,0.933,1.163
3242,2,54,3.22,9.24,regolith_plain,0.508,1.26,61.4,-30.7,0.07,0.93,1.257
3243,3,54,0.92,7.52,regolith_plain,0.509,0.94,63.3,-33.2,0.068,0.932,1.186
3244,4,54,1.88,13.16,regolith_plain,0.535,0.0,58.4,-35.9,0.105,0.895,1.384
3245,5,54,4.95,11.79,regolith_plain,0.563,0.0,59.1,-31.8,0.08,0.92,1.436
3246,6,54,6.11,3.87,regolith_plain,0.568,0.0,60.7,-35.0,0.017,0.983,1.098
3247,7,54,7.03,5.93,regolith_plain,0.589,0.0,55.4,-46.3,0.035,0.965,1.165
3248,8,54,9.56,8.69,regolith_plain,0.596,0.0,65.7,-44.3,0.049,0.951,1.339
3249,9,54,12.64,13.24,regolith_plain,0.55,0.0,56.5,-30.1,0.085,0.915,1.356
3250,10,54,16.99,17.06,crater_rim,0.532,0.0,58.1,-29.7,0.196,0.804,1.931
3251,11,54,23.61,21.19,crater_rim,0.546,0.0,46.4,-31.2,0.229,0.771,2.223
3252,12,54,27.77,12.0,crater_rim,0.509,0.0,48.4,-38.1,0.181,0.819,1.733
3253,13,54,17.22,29.61,crater_rim,0.53,0.0,43.2,-45.0,0.261,0.739,2.608
3254,14,54,5.2,30.23,rock_field,0.497,0.0,34.5,-44.6,0.321,0.679,3.152
3255,15,54,-4.63,25.04,regolith_plain,0.444,0.0,44.5,-39.4,0.153,0.847,1.731
3256,16,54,-9.05,15.71,regolith_plain,0.405,0.88,48.8,-42.0,0.108,0.892,1.359
3257,17,54,-15.46,9.2,regolith_plain,0.398,3.4,69.7,-24.3,0.074,0.926,1.189
3258,18,54,-15.14,2.33,regolith_plain,0.381,4.9,62.2,-24.8,0.05,0.95,1.019
3259,19,54,-14.07,1.55,regolith_plain,0.374,5.49,66.3,-30.4,0.031,0.969,0.975
3260,20,54,-14.06,11.88,regolith_plain,0.442,3.74,57.6,-35.3,0.089,0.911,1.373
3261,21,54,-12.77,13.44,regolith_plain,0.489,1.98,48.7,-43.3,0.097,0.903,1.378
3262,22,54,-6.76,28.08,rock_field,0.538,0.0,41.1,-34.4,0.305,0.695,3.083
3263,23,54,8.48,34.08,rock_field,0.571,0.0,42.2,-39.9,0.343,0.657,3.657
3264,24,54,20.22,6.17,regolith_plain,0.555,0.0,60.3,-35.1,0.032,0.968,1.23
3265,25,54,11.59,34.74,rock_field,0.685,0.0,34.2,-41.1,0.372,0.628,3.9
3266,26,54,-6.06,39.45,rock_field,0.73,0.0,10.1,-53.8,0.387,0.613,4.031
3267,27,54,-19.61,30.41,rock_field,0.731,0.0,36.3,-41.7,0.328,0.672,3.597
3268,28,54,-28.64,19.01,regolith_plain,0.707,0.0,47.2,-44.2,0.126,0.874,1.765
3269,29,54,-29.28,17.53,regolith_plain,0.71,0.0,45.8,-34.6,0.127,0.873,1.817
3270,30,54,-21.44,21.22,regolith_plain,0.746,0.0,53.1,-36.8,0.155,0.845,1.953
3271,31,54,-16.42,20.95,rock_field,0.762,0.0,45.0,-34.6,0.304,0.696,2.983
3272,32,54,-9.25,33.61,rock_field,0.815,0.0,32.0,-44.6,0.378,0.622,3.808
3273,33,54,2.45,43.99,rock_field,0.851,0.0,19.3,-48.8,0.43,0.57,4.504
3274,34,54,21.29,34.13,crater_rim,0.815,0.0,21.0,-52.5,0.347,0.653,3.057
3275,35,54,24.15,5.68,regolith_plain,0.713,0.0,57.0,-32.0,0.071,0.929,1.314
3276,36,54,17.34,15.12,crater_rim,0.705,0.0,59.1,-37.8,0.194,0.806,2.079
3277,37,54,13.61,8.48,regolith_plain,0.684,0.0,48.0,-40.1,0.092,0.908,1.309
3278,38,54,12.59,12.03,regolith_plain,0.695,0.0,52.2,-36.7,0.088,0.912,1.566
3279,39,54,15.1,8.51,regolith_plain,0.674,0.0,58.2,-34.1,0.071,0.929,1.428
3280,40,54,14.43,7.91,regolith_plain,0.646,1.04,71.8,-36.8,0.079,0.921,1.387
3281,41,54,10.57,13.5,regolith_plain,0.616,0.68,59.8,-35.1,0.079,0.921,1.547
3282,42,54,4.82,10.63,regolith_plain,0.565,1.6,55.0,-32.7,0.078,0.922,1.406
3283,43,54,3.22,1.58,regolith_plain,0.54,1.77,76.1,-30.1,0.029,0.971,1.037
3284,44,54,5.33,7.6,regolith_plain,0.597,0.12,57.2,-35.9,0.066,0.934,1.249
3285,45,54,6.84,0.75,regolith_plain,0.62,0.66,75.2,-28.1,0.019,0.981,1.106
3286,46,54,5.84,3.62,regolith_plain,0.686,0.0,57.9,-35.2,0.025,0.975,1.221
3287,47,54,4.96,6.77,rock_field,0.79,0.0,69.0,-35.0,0.222,0.778,2.189
3288,48,54,1.11,8.78,rock_field,0.798,0.0,57.9,-34.9,0.216,0.784,2.356
3289,49,54,-1.08,8.22,rock_field,0.765,0.0,54.8,-31.8,0.212,0.788,2.202
3290,50,54,-4.34,15.47,regolith_plain,0.746,0.0,51.7,-41.1,0.106,0.894,1.64
3291,51,54,-12.11,13.14,regolith_plain,0.674,0.0,57.2,-36.5,0.111,0.889,1.545
3292,52,54,-11.24,8.7,regolith_plain,0.673,0.0,57.5,-40.4,0.066,0.934,1.427
3293,53,54,-8.49,2.16,regolith_plain,0.683,0.0,71.0,-26.4,0.026,0.974,1.208
3294,54,54,-9.88,1.07,regolith_plain,0.712,0.0,65.3,-32.5,0.04,0.96,1.17
3295,55,54,-9.23,7.22,rock_field,0.761,0.0,65.8,-35.4,0.189,0.811,2.217
3296,56,54,-11.84,9.77,regolith_plain,0.708,0.0,61.9,-33.0,0.085,0.915,1.485
3297,57,54,-14.67,13.49,regolith_plain,0.652,0.0,54.8,-40.6,0.09,0.91,1.601
3298,58,54,-20.13,14.84,regolith_plain,0.565,0.0,51.0,-41.3,0.103,0.897,1.487
3299,59,54,-25.25,14.36,regolith_plain,0.471,0.0,55.1,-41.6,0.103,0.897,1.368
3300,0,55,-0.07,5.88,regolith_plain,0.334,3.7,66.8,-36.2,0.055,0.945,1.071
3301,1,55,-0.86,5.54,regolith_plain,0.39,3.31,76.3,-23.2,0.069,0.931,1.047
3302,2,55,-1.16,10.21,regolith_plain,0.457,2.16,64.4,-35.6,0.08,0.92,1.264
3303,3,55,-1.55,8.75,regolith_plain,0.49,1.94,66.2,-30.1,0.089,0.911,1.19
3304,4,55,-3.39,10.37,regolith_plain,0.54,1.24,77.1,-31.5,0.088,0.912,1.283
3305,5,55,0.08,16.42,regolith_plain,0.621,0.0,55.0,-32.7,0.112,0.888,1.649
3306,6,55,7.48,12.57,regolith_plain,0.649,0.0,59.1,-38.4,0.07,0.93,1.479
3307,7,55,8.93,5.77,regolith_plain,0.603,0.0,67.9,-31.1,0.046,0.954,1.263
3308,8,55,10.71,10.9,regolith_plain,0.591,0.0,52.0,-36.6,0.063,0.937,1.395
3309,9,55,16.36,13.7,regolith_plain,0.558,0.0,52.3,-27.4,0.103,0.897,1.48
3310,10,55,20.34,17.18,crater_rim,0.549,0.0,48.1,-35.7,0.197,0.803,1.966
3311,11,55,28.21,10.54,regolith_plain,0.54,0.0,62.3,-35.6,0.075,0.925,1.311
3312,12,55,26.75,16.15,crater_rim,0.532,0.0,51.2,-34.3,0.215,0.785,1.854
3313,13,55,17.25,31.5,crater_rim,0.524,0.0,36.2,-33.8,0.301,0.699,2.648
3314,14,55,2.41,33.13,rock_field,0.498,0.0,40.1,-47.5,0.33,0.67,3.379
3315,15,55,-8.5,18.19,regolith_plain,0.437,0.0,55.2,-39.1,0.119,0.881,1.488
3316,16,55,-10.19,7.12,regolith_plain,0.414,0.65,61.2,-34.6,0.058,0.942,1.116
3317,17,55,-13.08,6.96,regolith_plain,0.446,1.74,58.3,-36.4,0.073,0.927,1.077
3318,18,55,-15.07,1.53,regolith_plain,0.459,3.03,75.1,-30.3,0.043,0.957,0.994
3319,19,55,-13.81,7.71,regolith_plain,0.495,2.58,66.2,-37.3,0.072,0.928,1.214
3320,20,55,-9.71,6.04,regolith_plain,0.504,2.73,53.7,-30.9,0.062,0.938,1.219
3321,21,55,-10.15,9.18,regolith_plain,0.514,1.03,58.0,-40.5,0.069,0.931,1.201
3322,22,55,-6.19,23.43,regolith_plain,0.546,0.0,45.2,-40.0,0.153,0.847,1.872
3323,23,55,7.19,30.44,rock_field,0.558,0.0,41.2,-36.4,0.32,0.68,3.425
3324,24,55,16.5,20.67,regolith_plain,0.525,0.0,52.7,-36.7,0.142,0.858,1.62
3325,25,55,8.1,35.33,rock_field,0.593,0.0,32.8,-47.4,0.357,0.643,3.808
3326,26,55,-8.23,38.49,rock_field,0.689,0.0,31.2,-49.5,0.392,0.608,4.15
3327,27,55,-23.07,33.95,rock_field,0.734,0.0,33.0,-44.4,0.37,0.63,3.865
3328,28,55,-34.09,17.11,regolith_plain,0.683,0.0,47.1,-41.5,0.142,0.858,1.672
3329,29,55,-33.53,20.68,regolith_plain,0.691,0.0,45.7,-38.2,0.139,0.861,1.924
3330,30,55,-23.4,27.85,regolith_plain,0.74,0.0,39.5,-46.8,0.173,0.827,2.174
3331,31,55,-16.59,15.8,regolith_plain,0.72,0.0,52.4,-33.4,0.112,0.888,1.657
3332,32,55,-15.72,22.54,rock_field,0.755,0.0,33.9,-42.7,0.296,0.704,3.164
3333,33,55,-8.27,37.26,rock_field,0.8,0.0,26.6,-44.9,0.385,0.615,4.152
3334,34,55,9.6,40.96,rock_field,0.793,0.0,25.3,-40.4,0.406,0.594,4.308
3335,35,55,21.42,14.92,crater_rim,0.724,0.0,51.9,-38.6,0.197,0.803,2.035
3336,36,55,19.49,7.08,regolith_plain,0.691,0.0,60.7,-36.6,0.067,0.933,1.35
3337,37,55,16.55,3.59,regolith_plain,0.673,0.0,69.0,-33.0,0.024,0.976,1.181
3338,38,55,17.78,3.42,regolith_plain,0.667,0.0,59.8,-34.9,0.044,0.956,1.239
3339,39,55,16.6,5.21,regolith_plain,0.659,0.3,54.5,-36.3,0.055,0.945,1.29
3340,40,55,14.79,11.04,regolith_plain,0.654,0.34,55.8,-38.8,0.094,0.906,1.492
3341,41,55,9.4,14.66,regolith_plain,0.643,0.0,58.5,-42.6,0.134,0.866,1.595
3342,42,55,4.43,8.93,regolith_plain,0.601,1.03,70.3,-32.7,0.046,0.954,1.342
3343,43,55,3.22,12.43,regolith_plain,0.569,0.0,61.0,-32.2,0.09,0.91,1.376
3344,44,55,9.17,7.66,regolith_plain,0.576,0.0,52.8,-36.0,0.063,0.937,1.248
3345,45,55,6.01,1.87,regolith_plain,0.615,0.0,66.5,-26.9,0.016,0.984,1.115
3346,46,55,7.98,2.88,regolith_plain,0.689,0.0,68.4,-23.2,0.036,0.964,1.203
3347,47,55,5.79,10.13,rock_field,0.815,0.0,59.9,-31.0,0.222,0.778,2.369
3348,48,55,1.13,12.06,rock_field,0.816,0.0,60.0,-28.5,0.244,0.756,2.548
3349,49,55,-2.73,11.05,rock_field,0.762,0.0,52.3,-33.6,0.237,0.763,2.325
3350,50,55,-6.68,10.25,regolith_plain,0.714,0.0,59.1,-27.5,0.074,0.926,1.522
3351,51,55,-9.92,4.34,regolith_plain,0.635,0.0,67.7,-23.9,0.044,0.956,1.18
3352,52,55,-9.65,2.05,regolith_plain,0.668,0.0,72.7,-25.7,0.044,0.956,1.179
3353,53,55,-8.53,2.16,regolith_plain,0.732,0.0,62.8,-30.2,0.032,0.968,1.241
3354,54,55,-9.04,3.83,rock_field,0.758,0.0,63.7,-33.5,0.158,0.842,1.992
3355,55,55,-10.99,7.34,rock_field,0.771,0.0,45.7,-39.2,0.196,0.804,2.233
3356,56,55,-14.15,9.6,regolith_plain,0.698,0.0,55.7,-36.9,0.07,0.93,1.405
3357,57,55,-17.71,9.95,regolith_plain,0.621,0.0,55.9,-32.9,0.064,0.936,1.403
3358,58,55,-21.1,10.43,regolith_plain,0.498,0.0,52.4,-39.5,0.091,0.909,1.31
3359,59,55,-24.89,11.26,regolith_plain,0.37,0.0,58.6,-35.3,0.099,0.901,1.161
3360,0,56,-3.86,13.47,regolith_plain,0.358,2.02,54.8,-45.4,0.114,0.886,1.298
3361,1,56,-3.89,7.42,regolith_plain,0.387,2.97,48.3,-31.5,0.064,0.936,1.112
3362,2,56,-3.95,7.45,regolith_plain,0.429,3.01,63.1,-34.1,0.082,0.918,1.189
3363,3,56,-4.82,7.04,regolith_plain,0.451,3.11,56.7,-33.6,0.044,0.956,1.112
3364,4,56,-5.26,7.42,regolith_plain,0.479,3.04,64.8,-26.8,0.057,0.943,1.238
3365,5,56,0.38,14.39,regolith_plain,0.523,1.24,46.5,-37.7,0.109,0.891,1.435
3366,6,56,4.98,12.81,regolith_plain,0.533,0.71,56.1,-29.7,0.084,0.916,1.355
3367,7,56,9.47,10.06,regolith_plain,0.508,0.37,57.2,-40.0,0.061,0.939,1.267
3368,8,56,11.58,8.04,regolith_plain,0.49,0.0,63.0,-23.4,0.062,0.938,1.218
3369,9,56,14.12,13.88,regolith_plain,0.494,0.0,55.5,-31.2,0.097,0.903,1.453
3370,10,56,20.51,19.7,crater_rim,0.5,0.0,46.8,-37.8,0.223,0.777,2.091
3371,11,56,27.39,6.24,regolith_plain,0.461,0.0,53.9,-30.4,0.054,0.946,1.075
3372,12,56,24.01,18.91,crater_rim,0.475,0.0,40.3,-45.6,0.217,0.783,1.987
3373,13,56,14.36,30.71,rock_field,0.472,0.0,32.7,-44.7,0.323,0.677,3.315
3374,14,56,0.93,29.89,rock_field,0.452,0.0,37.1,-36.2,0.32,0.68,2.983
3375,15,56,-8.38,16.78,regolith_plain,0.41,0.0,47.9,-45.7,0.119,0.881,1.499
3376,16,56,-11.06,9.97,regolith_plain,0.392,0.0,62.8,-30.8,0.073,0.927,1.13
3377,17,56,-15.28,12.34,regolith_plain,0.418,0.0,54.8,-33.7,0.08,0.92,1.274
3378,18,56,-15.93,2.59,regolith_plain,0.437,1.67,61.4,-25.8,0.025,0.975,0.961
3379,19,56,-14.85,5.74,regolith_plain,0.488,1.81,62.0,-39.8,0.052,0.948,1.11
3380,20,56,-11.93,10.64,regolith_plain,0.52,1.05,59.7,-27.8,0.091,0.909,1.338
3381,21,56,-7.35,8.07,regolith_plain,0.525,0.13,63.1,-35.2,0.065,0.935,1.158
3382,22,56,-6.67,14.25,regolith_plain,0.526,0.0,65.6,-33.8,0.109,0.891,1.414
3383,23,56,2.33,20.28,regolith_plain,0.532,0.0,43.7,-44.6,0.129,0.871,1.756
3384,24,56,5.16,23.8,regolith_plain,0.57,0.0,43.4,-44.2,0.155,0.845,1.943
3385,25,56,-2.27,31.28,rock_field,0.625,0.0,38.1,-40.0,0.334,0.666,3.375
3386,26,56,-12.36,33.05,rock_field,0.673,0.0,33.5,-47.7,0.356,0.644,3.569
3387,27,56,-27.16,29.74,rock_field,0.693,0.0,34.3,-40.0,0.327,0.673,3.332
3388,28,56,-35.14,17.76,regolith_plain,0.658,0.0,41.2,-43.2,0.13,0.87,1.644
3389,29,56,-39.95,4.92,crater_floor,0.63,0.24,61.5,-38.3,0.097,0.903,1.382
3390,30,56,-34.08,30.26,rock_field,0.724,0.0,30.3,-46.5,0.336,0.664,3.536
3391,31,56,-24.74,27.02,regolith_plain,0.719,0.0,29.9,-43.2,0.178,0.822,2.018
3392,32,56,-23.61,18.73,regolith_plain,0.707,0.0,44.6,-40.5,0.148,0.852,1.698
3393,33,56,-14.42,34.57,rock_field,0.766,0.0,25.7,-45.9,0.375,0.625,3.748
3394,34,56,3.29,41.44,rock_field,0.791,0.0,27.9,-42.4,0.398,0.602,4.396
3395,35,56,20.18,20.61,crater_rim,0.754,0.0,50.9,-32.8,0.242,0.758,2.344
3396,36,56,18.3,6.9,regolith_plain,0.714,0.0,57.0,-36.3,0.084,0.916,1.339
3397,37,56,15.43,4.76,regolith_plain,0.706,0.0,63.2,-37.1,0.057,0.943,1.207
3398,38,56,14.98,3.53,regolith_plain,0.705,0.0,55.0,-35.5,0.044,0.956,1.283
3399,39,56,17.2,4.29,regolith_plain,0.7,0.0,62.3,-31.3,0.038,0.962,1.242
3400,40,56,17.44,8.19,regolith_plain,0.697,0.0,63.4,-38.7,0.061,0.939,1.422
3401,41,56,12.02,16.98,regolith_plain,0.706,0.0,56.3,-38.9,0.133,0.867,1.726
3402,42,56,5.94,5.61,regolith_plain,0.657,1.34,59.6,-37.2,0.047,0.953,1.217
3403,43,56,10.66,9.03,regolith_plain,0.624,0.1,66.4,-32.6,0.071,0.929,1.356
3404,44,56,9.93,6.37,regolith_plain,0.63,0.0,53.9,-39.2,0.051,0.949,1.295
3405,45,56,6.3,8.72,regolith_plain,0.702,0.0,52.9,-33.7,0.078,0.922,1.403
3406,46,56,3.83,12.33,rock_field,0.774,0.0,60.7,-40.2,0.233,0.767,2.542
3407,47,56,2.9,9.99,rock_field,0.825,0.0,69.0,-37.2,0.232,0.768,2.527
3408,48,56,1.76,5.99,rock_field,0.807,0.0,66.4,-33.1,0.211,0.789,2.215
3409,49,56,-0.85,9.9,rock_field,0.798,0.0,58.9,-35.1,0.222,0.778,2.288
3410,50,56,-5.18,14.93,rock_field,0.78,0.0,40.4,-46.7,0.26,0.74,2.608
3411,51,56,-11.52,10.69,regolith_plain,0.706,0.0,46.1,-41.3,0.101,0.899,1.424
3412,52,56,-11.56,3.21,regolith_plain,0.71,0.0,67.2,-33.1,0.046,0.954,1.247
3413,53,56,-9.87,2.19,rock_field,0.76,0.0,65.4,-33.7,0.18,0.82,1.853
3414,54,56,-10.92,0.11,rock_field,0.767,0.0,63.2,-32.3,0.149,0.851,1.773
3415,55,56,-9.89,5.84,rock_field,0.778,0.0,64.0,-35.3,0.195,0.805,2.092
3416,56,56,-12.56,9.12,regolith_plain,0.693,0.0,60.7,-27.9,0.062,0.938,1.392
3417,57,56,-15.63,13.67,regolith_plain,0.609,0.0,60.6,-31.8,0.088,0.912,1.55
3418,58,56,-21.77,16.75,regolith_plain,0.516,0.0,52.4,-39.9,0.11,0.89,1.585
3419,59,56,-27.64,21.06,regolith_plain,0.425,0.0,54.2,-35.7,0.156,0.844,1.593
3420,0,57,-9.65,10.54,regolith_plain,0.371,1.83,58.5,-34.2,0.074,0.926,1.199
3421,1,57,-6.07,4.99,regolith_plain,0.386,3.21,63.8,-28.1,0.053,0.947,1.051
3422,2,57,-6.31,4.32,regolith_plain,0.41,3.87,71.6,-32.7,0.043,0.957,1.022
3423,3,57,-6.31,5.69,regolith_plain,0.415,4.21,57.9,-32.1,0.059,0.941,1.096
3424,4,57,-3.0,10.63,regolith_plain,0.426,3.92,75.2,-28.9,0.095,0.905,1.338
3425,5,57,0.71,15.24,regolith_plain,0.408,2.35,55.5,-29.8,0.118,0.882,1.389
3426,6,57,7.18,15.67,regolith_plain,0.389,1.41,55.0,-30.7,0.107,0.893,1.348
3427,7,57,11.53,11.49,regolith_plain,0.384,1.16,60.5,-33.1,0.078,0.922,1.225
3428,8,57,13.92,12.15,regolith_plain,0.395,0.2,67.9,-32.3,0.058,0.942,1.195
3429,9,57,12.12,6.39,regolith_plain,0.401,0.43,67.7,-29.3,0.066,0.934,1.076
3430,10,57,14.97,18.8,regolith_plain,0.431,0.0,39.7,-41.8,0.119,0.881,1.535
3431,11,57,25.59,10.75,regolith_plain,0.388,0.0,66.6,-25.0,0.055,0.945,1.21
3432,12,57,22.5,19.28,crater_rim,0.4,0.0,46.7,-38.3,0.228,0.772,1.871
3433,13,57,11.64,22.75,regolith_plain,0.397,0.0,45.6,-40.7,0.129,0.871,1.68
3434,14,57,5.83,25.59,regolith_plain,0.402,0.0,34.2,-44.9,0.176,0.824,1.721
3435,15,57,-7.21,26.05,regolith_plain,0.406,0.0,44.5,-44.3,0.152,0.848,1.745
3436,16,57,-11.54,19.34,regolith_plain,0.377,0.0,44.8,-37.1,0.114,0.886,1.521
3437,17,57,-20.35,8.68,regolith_plain,0.349,0.0,61.1,-36.9,0.052,0.948,1.027
3438,18,57,-16.83,15.02,regolith_plain,0.425,0.0,51.8,-32.5,0.096,0.904,1.327
3439,19,57,-14.26,16.31,regolith_plain,0.494,0.0,63.6,-37.9,0.121,0.879,1.539
3440,20,57,-10.19,11.91,regolith_plain,0.515,0.0,68.8,-30.4,0.071,0.929,1.334
3441,21,57,-8.03,1.68,regolith_plain,0.519,0.06,68.4,-26.5,0.025,0.975,0.988
3442,22,57,-9.27,9.24,regolith_plain,0.509,0.0,60.2,-42.5,0.068,0.932,1.228
3443,23,57,-1.66,13.83,regolith_plain,0.512,0.0,52.5,-28.5,0.094,0.906,1.397
3444,24,57,-0.53,11.13,regolith_plain,0.592,0.0,64.4,-34.2,0.087,0.913,1.438
3445,25,57,-8.74,20.99,regolith_plain,0.669,0.0,44.9,-38.7,0.146,0.854,1.897
3446,26,57,-15.87,21.9,regolith_plain,0.651,0.0,43.4,-37.5,0.15,0.85,1.898
3447,27,57,-24.79,25.78,regolith_plain,0.648,0.0,47.5,-35.5,0.178,0.822,1.925
3448,28,57,-34.85,16.86,regolith_plain,0.63,0.0,48.2,-37.0,0.111,0.889,1.679
3449,29,57,-36.81,9.14,crater_floor,0.623,0.0,59.7,-30.1,0.108,0.892,1.613
3450,30,57,-41.1,10.94,crater_floor,0.653,0.0,48.5,-36.0,0.125,0.875,1.639
3451,31,57,-34.1,25.93,regolith_plain,0.685,0.0,45.7,-32.0,0.185,0.815,1.974
3452,32,57,-24.53,26.43,regolith_plain,0.684,0.0,52.6,-34.5,0.178,0.822,2.081
3453,33,57,-14.3,34.11,rock_field,0.739,0.0,36.8,-34.3,0.361,0.639,3.885
3454,34,57,2.56,40.93,rock_field,0.795,0.0,33.8,-39.6,0.414,0.586,4.499
3455,35,57,20.33,24.22,crater_rim,0.785,0.0,38.3,-48.8,0.267,0.733,2.688
3456,36,57,20.41,9.77,regolith_plain,0.749,0.0,60.7,-23.3,0.08,0.92,1.453
3457,37,57,16.24,7.35,regolith_plain,0.748,0.0,56.3,-37.6,0.079,0.921,1.338
3458,38,57,16.06,3.61,regolith_plain,0.748,0.0,64.7,-26.4,0.051,0.949,1.261
3459,39,57,18.32,4.24,regolith_plain,0.75,0.0,70.0,-30.4,0.05,0.95,1.306
3460,40,57,17.3,6.91,rock_field,0.751,0.0,63.0,-28.7,0.189,0.811,2.135
3461,41,57,13.51,13.08,rock_field,0.755,0.0,47.1,-41.3,0.219,0.781,2.465
3462,42,57,8.11,8.67,regolith_plain,0.727,0.73,52.6,-34.2,0.086,0.914,1.372
3463,43,57,8.16,0.19,regolith_plain,0.673,1.88,61.5,-34.7,0.02,0.98,1.153
3464,44,57,8.21,4.62,regolith_plain,0.697,0.32,67.9,-25.0,0.036,0.964,1.248
3465,45,57,5.31,12.14,rock_field,0.798,0.0,69.0,-29.1,0.229,0.771,2.379
3466,46,57,-0.08,11.14,rock_field,0.849,0.0,65.9,-28.2,0.24,0.76,2.485
3467,47,57,-0.95,5.92,rock_field,0.831,0.0,52.1,-45.4,0.196,0.804,2.284
3468,48,57,-0.75,2.01,rock_field,0.808,0.0,76.3,-28.6,0.181,0.819,1.923
3469,49,57,-1.96,8.5,rock_field,0.846,0.0,66.3,-30.2,0.215,0.785,2.269
3470,50,57,-6.63,16.73,rock_field,0.853,0.0,42.3,-39.3,0.271,0.729,2.895
3471,51,57,-13.96,7.53,rock_field,0.762,0.0,59.9,-30.2,0.206,0.794,2.138
3472,52,57,-11.17,7.84,rock_field,0.763,0.0,68.0,-32.7,0.214,0.786,2.255
3473,53,57,-9.92,5.29,rock_field,0.79,0.0,67.5,-31.2,0.202,0.798,2.189
3474,54,57,-8.97,4.11,rock_field,0.794,0.0,57.6,-30.1,0.188,0.812,2.083
3475,55,57,-7.24,3.29,rock_field,0.789,0.0,70.0,-39.6,0.173,0.827,2.049
3476,56,57,-11.27,11.06,regolith_plain,0.699,0.0,45.0,-36.9,0.1,0.9,1.404
3477,57,57,-14.56,15.78,regolith_plain,0.588,0.0,51.3,-38.4,0.101,0.899,1.597
3478,58,57,-21.77,26.93,regolith_plain,0.546,0.0,47.2,-42.1,0.149,0.851,1.982
3479,59,57,-34.85,34.23,rock_field,0.501,0.0,32.5,-42.3,0.348,0.652,3.54
3480,0,58,-5.86,8.83,regolith_plain,0.351,1.46,57.3,-30.2,0.072,0.928,1.075
3481,1,58,-2.87,8.16,regolith_plain,0.374,2.62,66.4,-27.9,0.066,0.934,1.129
3482,2,58,-0.94,11.05,regolith_plain,0.401,3.24,63.7,-33.6,0.075,0.925,1.313
3483,3,58,-2.6,7.35,regolith_plain,0.375,4.86,69.8,-27.6,0.058,0.942,1.122
3484,4,58,-2.58,9.78,regolith_plain,0.365,5.41,64.5,-29.5,0.088,0.912,1.167
3485,5,58,4.28,14.97,regolith_plain,0.348,3.64,60.0,-34.7,0.104,0.896,1.389
3486,6,58,7.96,13.74,regolith_plain,0.333,2.82,59.3,-37.3,0.113,0.887,1.315
3487,7,58,14.01,19.45,regolith_plain,0.384,0.97,50.2,-40.1,0.128,0.872,1.586
3488,8,58,20.18,15.56,crater_rim,0.391,0.62,53.4,-33.0,0.192,0.808,1.77
3489,9,58,18.47,14.46,crater_rim,0.393,0.03,52.7,-36.7,0.206,0.794,1.695
3490,10,58,22.48,18.78,crater_rim,0.408,0.0,42.1,-44.5,0.191,0.809,1.925
3491,11,58,28.36,6.6,regolith_plain,0.382,0.0,57.0,-41.8,0.05,0.95,1.051
3492,12,58,25.01,19.43,crater_rim,0.416,0.0,46.9,-35.2,0.199,0.801,1.863
3493,13,58,16.2,28.91,rock_field,0.424,0.0,39.6,-43.3,0.327,0.673,2.95
3494,14,58,4.41,23.84,regolith_plain,0.407,0.0,52.4,-35.3,0.138,0.862,1.742
3495,15,58,0.61,22.82,regolith_plain,0.406,0.0,44.7,-34.4,0.151,0.849,1.706
3496,16,58,-6.11,28.24,rock_field,0.416,0.0,45.0,-44.5,0.312,0.688,3.067
3497,17,58,-12.23,29.62,rock_field,0.428,0.0,43.9,-39.8,0.3,0.7,3.072
3498,18,58,-7.09,28.74,rock_field,0.469,0.0,37.0,-42.7,0.316,0.684,2.964
3499,19,58,-5.21,26.25,regolith_plain,0.508,0.0,44.7,-37.8,0.162,0.838,1.855
3500,20,58,-6.24,17.7,regolith_plain,0.517,0.0,49.1,-32.9,0.122,0.878,1.544
3501,21,58,-8.08,3.05,regolith_plain,0.519,0.0,74.6,-34.2,0.022,0.978,1.058
3502,22,58,-8.03,8.39,regolith_plain,0.543,0.0,64.6,-30.1,0.064,0.936,1.212
3503,23,58,-2.22,14.57,regolith_plain,0.583,0.0,46.8,-34.5,0.096,0.904,1.528
3504,24,58,1.72,16.59,regolith_plain,0.667,0.0,52.7,-37.3,0.122,0.878,1.607
3505,25,58,-1.77,28.83,rock_field,0.725,0.0,48.2,-38.7,0.334,0.666,3.562
3506,26,58,-13.26,33.48,rock_field,0.688,0.0,32.1,-42.1,0.349,0.651,3.492
3507,27,58,-23.55,28.66,rock_field,0.642,0.0,41.2,-39.2,0.313,0.687,3.134
3508,28,58,-33.51,22.59,regolith_plain,0.633,0.0,48.4,-35.7,0.155,0.845,1.919
3509,29,58,-38.4,11.53,crater_floor,0.613,0.0,51.1,-34.9,0.116,0.884,1.685
3510,30,58,-41.33,8.89,crater_floor,0.609,0.0,63.3,-36.8,0.103,0.897,1.513
3511,31,58,-34.92,25.91,regolith_plain,0.641,0.0,33.1,-39.4,0.186,0.814,2.04
3512,32,58,-21.9,28.09,rock_field,0.656,0.0,35.3,-38.0,0.315,0.685,3.196
3513,33,58,-13.74,35.07,rock_field,0.73,0.0,37.9,-41.0,0.373,0.627,3.9
3514,34,58,5.3,38.98,rock_field,0.805,0.0,29.3,-50.7,0.392,0.608,4.334
3515,35,58,17.93,16.09,crater_rim,0.794,0.0,50.5,-37.8,0.224,0.776,2.101
3516,36,58,12.76,25.59,rock_field,0.822,0.0,44.5,-38.6,0.319,0.681,3.409
3517,37,58,12.67,13.94,rock_field,0.781,0.0,54.3,-40.6,0.242,0.758,2.671
3518,38,58,16.41,10.23,rock_field,0.762,0.0,58.8,-35.9,0.203,0.797,2.366
3519,39,58,19.89,2.36,rock_field,0.771,0.0,71.3,-35.7,0.165,0.835,1.892
3520,40,58,18.05,9.49,rock_field,0.815,0.0,55.2,-33.3,0.191,0.809,2.463
3521,41,58,13.42,12.93,rock_field,0.81,0.0,56.0,-34.7,0.224,0.776,2.662
3522,42,58,8.87,7.74,rock_field,0.782,0.72,59.6,-40.8,0.231,0.769,2.33
3523,43,58,10.56,7.75,rock_field,0.764,1.19,52.0,-35.5,0.21,0.79,2.266
3524,44,58,11.44,10.13,rock_field,0.777,0.0,53.3,-36.6,0.222,0.778,2.246
3525,45,58,3.97,17.39,rock_field,0.843,0.0,60.3,-31.8,0.283,0.717,2.983
3526,46,58,-0.95,8.33,rock_field,0.846,0.0,63.1,-34.5,0.222,0.778,2.455
3527,47,58,-1.19,3.23,rock_field,0.811,0.0,58.5,-37.7,0.181,0.819,2.065
3528,48,58,0.79,3.45,rock_field,0.81,0.0,57.0,-38.1,0.183,0.817,2.069
3529,49,58,0.22,10.61,rock_field,0.864,0.0,57.7,-37.0,0.225,0.775,2.394
3530,50,58,-4.43,14.87,rock_field,0.875,0.0,63.0,-32.9,0.267,0.733,2.705
3531,51,58,-8.81,12.8,rock_field,0.821,0.0,54.8,-35.2,0.248,0.752,2.481
3532,52,58,-7.82,8.07,rock_field,0.799,0.0,69.0,-31.6,0.213,0.787,2.371
3533,53,58,-6.89,3.57,rock_field,0.81,0.0,68.2,-32.8,0.185,0.815,2.144
3534,54,58,-9.89,5.69,rock_field,0.782,0.0,66.6,-33.1,0.201,0.799,2.058
3535,55,58,-9.94,12.21,regolith_plain,0.744,0.0,48.5,-28.0,0.09,0.91,1.515
3536,56,58,-15.31,14.64,regolith_plain,0.674,0.0,59.5,-37.3,0.11,0.89,1.601
3537,57,58,-19.81,15.82,regolith_plain,0.602,0.0,50.6,-39.5,0.121,0.879,1.634
3538,58,58,-22.91,22.38,regolith_plain,0.562,0.0,50.6,-24.1,0.138,0.862,1.765
3539,59,58,-35.19,32.12,rock_field,0.531,0.0,29.8,-42.9,0.33,0.67,3.511
3540,0,59,-7.93,14.7,regolith_plain,0.347,0.0,54.9,-41.3,0.111,0.889,1.335
3541,1,59,-3.11,13.28,regolith_plain,0.364,1.73,57.5,-31.7,0.097,0.903,1.297
3542,2,59,1.49,7.35,regolith_plain,0.363,4.18,61.0,-37.7,0.079,0.921,1.059
3543,3,59,-1.42,7.59,regolith_plain,0.33,5.72,64.1,-29.5,0.082,0.918,1.11
3544,4,59,-3.28,5.93,regolith_plain,0.297,7.35,61.9,-34.9,0.08,0.92,1.005
3545,5,59,2.49,16.71,regolith_plain,0.299,4.62,47.7,-40.5,0.122,0.878,1.37
3546,6,59,8.18,21.97,regolith_plain,0.314,2.71,55.5,-29.4,0.146,0.854,1.58
3547,7,59,18.63,24.72,crater_rim,0.39,1.18,49.1,-35.7,0.26,0.74,2.21
3548,8,59,24.12,12.21,crater_rim,0.381,2.04,52.0,-33.1,0.168,0.832,1.506
3549,9,59,22.17,10.48,regolith_plain,0.36,1.43,61.9,-31.7,0.077,0.923,1.132
3550,10,59,24.31,11.53,regolith_plain,0.37,0.01,52.9,-38.3,0.068,0.932,1.202
3551,11,59,29.47,8.24,regolith_plain,0.399,0.0,53.8,-33.7,0.065,0.935,1.163
3552,12,59,29.66,18.72,crater_rim,0.439,0.0,55.6,-30.7,0.21,0.79,1.962
3553,13,59,19.62,22.97,crater_rim,0.426,0.0,34.5,-42.4,0.237,0.763,2.15
3554,14,59,14.14,30.75,rock_field,0.438,0.0,41.7,-33.2,0.341,0.659,3.067
3555,15,59,5.93,18.77,regolith_plain,0.407,0.0,47.8,-34.9,0.131,0.869,1.58
3556,16,59,5.69,30.82,rock_field,0.445,0.0,34.8,-42.0,0.339,0.661,3.072
3557,17,59,2.37,36.19,rock_field,0.479,0.0,32.7,-42.6,0.381,0.619,3.551
3558,18,59,3.95,29.11,rock_field,0.484,0.0,41.5,-39.9,0.328,0.672,3.142
3559,19,59,5.44,28.11,rock_field,0.502,0.0,34.1,-48.1,0.304,0.696,2.935
3560,20,59,2.25,27.67,regolith_plain,0.529,0.0,43.9,-40.0,0.168,0.832,2.033
3561,21,59,-6.88,15.5,regolith_plain,0.545,0.0,53.6,-35.3,0.099,0.901,1.5
3562,22,59,-8.58,12.52,regolith_plain,0.593,0.0,48.7,-39.6,0.09,0.91,1.477
3563,23,59,1.94,28.39,rock_field,0.695,0.0,37.8,-40.4,0.318,0.682,3.421
3564,24,59,11.38,26.64,rock_field,0.754,0.0,49.0,-37.8,0.312,0.688,3.361
3565,25,59,7.39,28.83,rock_field,0.757,0.0,48.3,-35.0,0.347,0.653,3.606
3566,26,59,-0.85,40.76,rock_field,0.714,0.0,29.5,-42.0,0.395,0.605,4.31
3567,27,59,-16.54,36.85,rock_field,0.652,0.0,22.3,-46.5,0.372,0.628,3.703
3568,28,59,-27.35,28.53,rock_field,0.638,0.0,41.6,-45.9,0.32,0.68,3.175
3569,29,59,-34.47,16.2,regolith_plain,0.608,0.0,57.3,-27.8,0.09,0.91,1.592
3570,30,59,-35.9,15.19,regolith_plain,0.585,0.0,57.6,-35.4,0.116,0.884,1.563
3571,31,59,-34.13,19.5,regolith_plain,0.579,0.0,53.3,-36.7,0.116,0.884,1.701
3572,32,59,-21.83,33.83,rock_field,0.64,0.0,35.0,-44.1,0.333,0.667,3.764
3573,33,59,-7.33,40.07,rock_field,0.733,0.0,25.5,-48.0,0.392,0.608,4.061
3574,34,59,9.28,27.09,rock_field,0.791,0.0,36.6,-36.0,0.317,0.683,3.474
3575,35,59,11.52,20.22,rock_field,0.836,0.0,36.4,-36.7,0.302,0.698,2.876
3576,36,59,1.99,28.81,rock_field,0.864,0.0,40.4,-39.1,0.347,0.653,3.549
3577,37,59,7.01,24.26,rock_field,0.821,0.0,44.4,-39.9,0.307,0.693,3.359
3578,38,59,16.02,15.65,rock_field,0.767,0.0,56.1,-32.9,0.239,0.761,2.614
3579,39,59,18.18,4.92,rock_field,0.801,0.0,56.6,-34.9,0.198,0.802,2.086
3580,40,59,15.64,9.21,rock_field,0.873,0.0,63.7,-33.5,0.225,0.775,2.458
3581,41,59,13.84,4.32,rock_field,0.844,0.0,77.6,-26.5,0.172,0.828,2.239
3582,42,59,12.74,11.0,rock_field,0.847,0.08,58.4,-36.3,0.241,0.759,2.617
3583,43,59,12.97,7.3,rock_field,0.834,1.71,61.6,-32.6,0.222,0.778,2.374
3584,44,59,10.97,13.43,rock_field,0.85,0.0,57.1,-34.2,0.243,0.757,2.692
3585,45,59,3.46,19.11,rock_field,0.873,0.0,61.2,-31.2,0.294,0.706,2.921
3586,46,59,-2.85,6.87,rock_field,0.838,0.0,56.3,-37.8,0.197,0.803,2.332
3587,47,59,0.49,7.51,rock_field,0.807,0.0,63.0,-30.1,0.207,0.793,2.171
3588,48,59,1.22,4.35,rock_field,0.809,0.0,60.4,-37.5,0.189,0.811,2.138
3589,49,59,3.41,9.61,rock_field,0.87,0.0,56.1,-37.6,0.229,0.771,2.404
3590,50,59,-1.03,15.69,rock_field,0.9,0.0,52.4,-38.8,0.257,0.743,2.88
3591,51,59,-5.53,11.49,rock_field,0.86,0.0,65.4,-36.4,0.252,0.748,2.579
3592,52,59,-5.84,7.08,rock_field,0.831,0.0,73.0,-25.4,0.202,0.798,2.178
3593,53,59,-8.51,9.3,rock_field,0.849,0.0,62.5,-37.0,0.209,0.791,2.352
3594,54,59,-11.53,9.08,rock_field,0.772,0.0,57.8,-37.6,0.218,0.782,2.373
3595,55,59,-13.99,12.28,regolith_plain,0.667,0.08,71.5,-25.0,0.111,0.889,1.509
3596,56,59,-14.7,12.76,regolith_plain,0.631,0.02,53.4,-38.6,0.072,0.928,1.47
3597,57,59,-22.97,19.82,regolith_plain,0.631,0.0,44.8,-40.1,0.123,0.877,1.677
3598,58,59,-27.66,16.13,regolith_plain,0.575,0.0,41.6,-44.5,0.116,0.884,1.633
3599,59,59,-29.59,16.51,regolith_plain,0.527,0.0,60.2,-30.6,0.109,0.891,1.504
